product_id,id,name,brand,category,price,cpu,gpu,ram,storage_type,storage_capacity,display
"68c5583b9869e837e80ce976",1,"Laptop Acer Nitro V 15 ProPanel ANV15-51-56D5 (i5-13420H/ GeForce RTX™ 3050/ 16GB/ 512GB/ Windows 11)","Acer","Gaming",21990000,"Intel® Core™ i5-13420H","GeForce RTX™ 3050 6GB GDDR6","1 x 16GB 5200MHz DDR5","","","15.6"" Full HD (1920 x 1080) IPS, 180Hz, 300 nits, Acer ComfyView, 100% sRGB"
"68c5583b9869e837e80ce977",2,"Laptop Acer Nitro Lite 16 NL16-71G-56WQ (i5-13420H/ GeForce RTX™ 3050/ 16GB/ 512GB/ Windows 11)","Acer","Gaming",21390000,"Intel® Core™ i5-13420H","GeForce RTX™ 3050 6GB GDDR6, 143 AI TOPs","16GB (8GB + 8GB Onboard) 4800MHz DDR5","","","16"" WUXGA (1920 x 1200) IPS, 165Hz, Màn hình chống lóa, 300 nits, Acer ComfyView, 45% NTSC"
"68c5583b9869e837e80ce978",3,"Laptop Acer Aspire 7 A715-59G-57TU (i5-12450H/ GeForce RTX™ 3050/ 16GB/ 512GB/ Windows 11)","Acer","Gaming",18990000,"Intel® Core™ i5-12450H","GeForce RTX™ 3050 6GB GDDR6, 143 AI TOPs","1 x 16GB 3200MHz DDR4","","","15.6"" Full HD (1920 x 1080) IPS, 144Hz, Màn hình chống lóa, 350 nits, Acer ComfyView, 45% NTSC"
"68c5583b9869e837e80ce979",4,"Laptop Acer Nitro V 16 ProPanel ANV16-41-R6ZY (Ryzen 5 8645HS/ GeForce RTX™ 3050/ 16GB/ 512GB/ Windows 11)","Acer","Gaming",23590000,"AMD Ryzen™ 5 8645HS","GeForce RTX™ 3050 6GB GDDR6, 143 AI TOPs","1 x 16GB 5600MHz DDR5","","","16"" WUXGA (1920 x 1200) IPS, 165Hz, 300 nits, Acer ComfyView, 100% sRGB"
"68c5583b9869e837e80ce97a",5,"Laptop Msi Vector 16 HX AI A2XWIG-062VN (Ultra 9 275HX/ GeForce RTX™ 5080/ 16GB/ 1TB/ Windows 11)","Msi","Gaming",71290000,"Intel® Core™ Ultra 9-275HX","GeForce RTX™ 5080 , 1334 AI TOPS","2 x 8GB 6400MHz DDR5","","","16"" WQXGA (2560 x 1600) 240Hz, 100% DCI-P3"
"68c5583b9869e837e80ce97b",6,"Laptop Acer Swift 14 AI SF14-51-53P9 (Ultra 5-226V/ Onboard graphics/ 16GB/ 1TB/ Windows 11)","Acer","Ultrabook",34090000,"Intel® Core™ Ultra 5-226V","Onboard graphics","16GB Onboard 8533MHz LPDDR5x","","","14"" 2.8K (2880 x 1800) OLED, 90Hz, 400 nits, 100% DCI-P3"
"68c5583b9869e837e80ce97c",7,"Laptop Msi Stealth A16 AI+ A3XVGG - 208VN (Ryzen AI 9 HX 370/ GeForce RTX™ 4070/ 32GB/ 2TB/ Windows 11)","Msi","Gaming",68990000,"AMD Ryzen™ AI 9 HX 370","GeForce RTX™ 4070 8GB GDDR6","32GB Onboard 7500MHz LPDDR5x","","","16"" WQUXGA (3840 x 2400) 120Hz, 100% DCI-P3"
"68c5583b9869e837e80ce97d",8,"Laptop Asus Zenbook S 14 UX5406SA-PV140WS (Ultra 7-258V/ Onboard graphics/ 32GB/ 1TB/ Windows 11 + Office + Microsoft)","Asus","Ultrabook",44990000,"Intel® Core™ Ultra 7 258V (12MB Cache, 1.8 Ghz lên tới 4.8 GHz, 8 nhân, 8 luồng), total có thể lên đến 120 TOPs","&nbsp;Intel® Arc™","1 x 32GB 8533MHz LPDDR5x (Hỗ trợ tối đa 32GB)","","","14"" 3K (2880 x 1800) OLED 16:10 120Hz, 500nits HDR, độ phủ màu 100% DCI-P3, Low blue light giảm 70% ánh sáng xanh"
"68c5583b9869e837e80ce97e",9,"Laptop Asus ROG Zephyrus G16 GA605WI-QR090WS (Ryzen AI 9 HX 370/ GeForce RTX™ 4070/ 32GB/ 1TB/ Windows 11 + Office)","Asus","Gaming",77190000,"AMD Ryzen AI 9 HX 370 (36MB Cache, up to 5.1GHz, 12 nhân, 24 luồng)","NVIDIA GeForce RTX 4070 GDDR6 (321 AI TOPs)","32GB (16GB*2) LPDDR5X","","","16"" 2.5K (2560 x 1600) OLED, 240Hz, 16:10, DCI-P3 100%, G-Sync, MUX Switch"
"68c5583b9869e837e80ce97f",10,"Laptop Asus Vivobook 15X Oled M3504YA-L1268W (Ryzen 5 7530U/ Onboard graphics/ 16GB/ 512GB/ Windows 11)","Asus","Student",15990000,"AMD Ryzen™ 5 7530U","Onboard graphics","16GB (8GB + 8GB Onboard) DDR4","","","15.6"" Full HD (1920 x 1080) OLED, 60Hz, 600 nits, 100% DCI-P3"
"68c5583b9869e837e80ce980",11,"Laptop Acer Predator Helios Neo 14 PHN14-51-96HG (Ultra 9-185H/ GeForce RTX™ 4070/ 32GB/ 1TB/ Windows 11)","Acer","Gaming",58390000,"Intel® Core™ Ultra 9 185H (16 nhân 22 luồng, 5.1GHz, nhân NPU AI)","NVIDIA® GeForce RTX™ 4070 8GB GDDR6 (DLSS 3.5, Ray Tracing, Max-Q)","Unknown RAM","","","14.5"" WQXGA+ (3072x1920) IPS, 165Hz, 100% sRGB"
"68c5583b9869e837e80ce981",12,"Laptop Asus TUF Gaming A14 FA401WV-RG062WS (Ryzen AI 9 HX 370/ GeForce RTX™ 4060/ 16GB/ 1TB/ Windows 11 + Office)","Asus","Gaming",42390000,"AMD Ryzen™ AI 9 HX 370","NVIDIA® GeForce RTX™ 4060 (2225Mhz @ 100W, 8GB GDDR6)","2 x 8GB Onbard 7500MHz LPDDR5x","","","14-inch, 2.5K (2560 x 1600), 16:10, IPS, chống chói, sRGB 100%, 165Hz, G-Sync, MUX Switch"
"68c5583b9869e837e80ce982",13,"Laptop Acer Gaming Aspire 7 A715-76G-5806 (i5-12450H/ GeForce RTX™ 3050/ 16GB/ 512GB/ Windows 11)","Acer","Gaming",17490000,"Intel® Core™ i5-12450H","GeForce RTX™ 3050 4GB GDDR6, 143 AI TOPs","2 x 8GB 3200MHz DDR4","","","15.6"" Full HD (1920 x 1080) IPS, 144Hz, Acer ComfyView,"
"68c5583b9869e837e80ce983",14,"Laptop Asus Vivobook S 16 OLED S5606MA-MX051W (Ultra 7-155H/ Onboard graphics/ 16GB/ 512GB/ Windows 11)","Asus","Student",25190000,"Intel® Core™ Ultra 7 155H (16 nhân, 22 luồng, 1.4 GHz-4.8 GHz, 24MB Cache)","Intel® Arc™","16GB LPDDR5X","","","16 inch OLED 3.2K (3200 x 2000), 120Hz, 600 nits, 100% DCI-P3, True Black HDR 600, 1.07 tỷ màu"
"68c5583b9869e837e80ce984",15,"Laptop HP Victus 15-fb1022AX - 94F19PA (Ryzen 5 7535HS/ GeForce RTX™ 2050/ 16GB/ 512GB/ Windows 11)","HP","Gaming",17490000,"AMD Ryzen™ 5 7535HS","GeForce RTX™ 2050 4GB GDDR6, 104 AI TOPs","2 x 8GB 4800MHz DDR5","","","15.6"" Full HD (1920 x 1080) IPS, 144Hz, 250 nits, 45% NTSC"
"68c5583b9869e837e80ce985",16,"Laptop Msi Stealth 18 Mercedes AMG A1VHG-080VN (Ultra 9-185H/ GeForce RTX™ 4080/ 64GB/ 2TB/ Windows 11)","Msi","Gaming",84990000,"Intel® Core™ Ultra 9-185H","GeForce RTX™ 4080 12GB GDDR6, 542 AI TOPS","2 x 32GB 5600MHz DDR5","","","18"" WQUXGA (3840 x 2400) IPS, 120Hz, 100% DCI-P3"
"68c5583b9869e837e80ce986",17,"Laptop Msi Stealth 16 Mercedes-AMG Motorsport A13VG -289VN (i9-13900H/ GeForce RTX™ 4070/ 32GB/ 2TB/ Windows 11)","Msi","Gaming",68990000,"Intel® Core™ i9-13900H","GeForce RTX™ 4070 8GB GDDR6, 321 AI TOPs","2 x 16GB 5200MHz DDR5","","","16"" WQUXGA (3840 x 2400) OLED, 60Hz, 100% sRGB"
"68c5583b9869e837e80ce987",18,"Laptop Lenovo LOQ 15AHP10 - 83JG0047VN (Ryzen 7 250/ GeForce RTX™ 5050/ 16GB/ 512GB/ Windows 11)","HP","Gaming",31290000,"AMD Ryzen™ 7 250","GeForce RTX™ 5050 8GB GDDR6, 440 AI TOPs","1 x 16GB 5600MHz DDR5","","","15.6"" Full HD (1920 x 1080) IPS, 144Hz, Màn hình chống lóa, 300 nits, G-Sync, 100% sRGB"
"68c5583b9869e837e80ce988",19,"Laptop Lenovo ThinkPad X1 Carbon Gen 13 - 21NX0037VN (Ultra 5-225H/ Onboard graphics/ 32GB/ 512GB/ Windows 11 Pro)","Lenovo","Business",47990000,"Intel® Core™ Ultra 5-225H","Onboard graphics","32GB Onboard 8400MHz LPDDR5x","","","14"" WUXGA (1920 x 1200) IPS, 60Hz, Màn hình chống lóa, 500 nits, 100% sRGB"
"68c5583b9869e837e80ce989",20,"Laptop Lenovo ThinkPad T14s Gen 6 - 21R10008VN (Ultra 7-255H/ Onboard graphics/ 32GB/ 1TB/ Windows® 11 Pro)","Lenovo","Business",48990000,"Intel® Core™ Ultra 7-255H","Onboard graphics","32GB Onboard 7467MHz LPDDR5x","","","14"" 2.8K (2880 x 1800) OLED, 120Hz, Màn hình chống lóa, 500 nits, 100% DCI-P3"
"68c5583b9869e837e80ce98a",21,"Laptop Lenovo ThinkBook 16 Gen 8 - 21SK0073VN (Ultra 7-255H/ Onboard graphics/ 16GB/ 1TB/ Windows 11)","Lenovo","Student",28990000,"Intel® Core™ Ultra 7-255H","Onboard graphics","2 x 8GB 5600MHz DDR5","","","16"" WUXGA (1920 x 1200) IPS, 60Hz, Màn hình chống lóa, 300 nits, 45% NTSC"
"68c5583b9869e837e80ce98b",22,"Laptop Acer Gaming Nitro V ProPanel ANV15-52-72BM (i7-13620H/ GeForce RTX™ 5050/ 16GB/ 512GB/ Windows 11)","Acer","Gaming",30990000,"Intel® Core™ i7-13620H","GeForce RTX™ 5050 8GB GDDR6, 440 AI TOPs","1 x 16GB 3200MHz DDR4","","","15.6"" HD (1920 x 1080) IPS, 180Hz, Màn hình chống lóa, 300 nits, Acer ComfyView, 100% sRGB"
"68c5583b9869e837e80ce98c",23,"Laptop Acer Aspire Lite 16 AI AL16-71P-5674 (Ultra 5-125H/ Onboard graphics/ 16GB/ 512GB/ Windows 11)","Acer","Student",16990000,"Intel® Core™ Ultra 5-125H","Onboard graphics","2 x 8GB 5600MHz DDR5","","","16"" WUXGA (1920 x 1200) IPS, 60Hz, Màn hình chống lóa, 300 nits, Acer ComfyView, 45% NTSC"
"68c5583b9869e837e80ce98d",24,"Laptop Asus Vivobook 15 X1502VA-BQ885W (i5-13420H/ Onboard graphics/ 16GB/ 512GB/ Windows 11)","Asus","Student",14490000,"Intel® Core™ i5-13420H","Onboard graphics","16GB (8GB + 8GB Onboard) DDR4","","","15.6"" Full HD (1920 x 1080) IPS, 60Hz, Màn hình chống lóa, 250 nits, 45% NTSC"
"68c5583b9869e837e80ce98e",25,"Laptop Dell Inspiron 3530 - N5I7421W1 (i7-1355U/ Onboard graphics/ 16GB/ 512GB/ Windows 11 + Office + Microsoft)","Dell","Student",18990000,"Intel® Core™ i7-1355U","Onboard graphics","2 x 8GB 2666MHz DDR4","","","15.6"" Full HD (1920 x 1080) WVA, 120Hz, Màn hình chống lóa, 250 nits, 45% NTSC"
"68c5583b9869e837e80ce98f",26,"Laptop Asus Vivobook Go 14 E1404FA-EB482W (Ryzen 5 7520U/ Onboard graphics/ 16GB/ 512GB/ Windows 11)","Asus","Student",11490000,"AMD Ryzen™ 5 7520U","Onboard graphics","16GB Onboard LPDDR5","","","14"" Full HD (1920 x 1080) IPS, 60Hz,"
"68c5583b9869e837e80ce990",27,"Laptop Asus Vivobook S16 S3607CA-SH082WS (Ultra 5-225H/ Onboard graphics/ 16GB/ 512GB/ Windows 11)","Asus","Student",23990000,"Intel® Core™ Ultra 5-225H","Onboard graphics","16GB Onboard LPDDR5","","","16"" WUXGA (1920 x 1200) OLED, 60Hz, Màn hình gương,"
"68c5583b9869e837e80ce991",28,"Laptop Asus TUF Gaming A14 FA401KM-RG010WS (Ryzen AI 7 350/ GeForce RTX™ 5060/ 32GB/ 1TB/ Windows 11 + Office + Microsoft)","Asus","Gaming",42490000,"AMD Ryzen™ AI 7 350","GeForce RTX™ 5060 8GB GDDR7, 572 AI TOPs","2 x 16GB Onbard 7500MHz LPDDR5x","","","14"" WQXGA (2560 x 1600) IPS, 165Hz, Màn hình chống lóa, 400 nits, G-Sync, 100% sRGB"
"68c5583b9869e837e80ce992",29,"Laptop Asus Vivobook 15 OLED A1505VA-MA505W (Core i5-13420H/ 16GB/ 512GB/ Windows 11)","Asus","Student",16990000,"Intel® Core™ i5-13420H","Onboard graphics","16GB (8GB + 8GB Onboard) DDR4","","","15.6"" 2.8K (2880 x 1620) OLED, 60Hz, Màn hình gương, 600 nits, 100% DCI-P3"
"68c5583b9869e837e80ce993",30,"Laptop LG Gram Book 15U50T-G.AV56A5 (i5-1334U/ Onboard graphics/ 16GB/ 512GB/ Windows 11)","LG","Ultrabook",14990000,"Intel® Core™ i5-1334U","Onboard graphics&nbsp;","1 x 16GB 3200MHz DDR4","","","15.6"" Full HD (1920 x 1080) IPS, 60Hz, Màn hình chống lóa, 300 nits, 45% NTSC"
"68c5583b9869e837e80ce994",31,"Laptop Lenovo Legion 5 15IRX10 - 83LY004GVN (i7-14700HX/ GeForce RTX™ 5070/ 24GB/ 1TB/ Windows 11 + Office)","Lenovo","Gaming",45990000,"Intel® Core™ i7-14700HX","GeForce RTX™ 5070 8GB GDDR7, 798 AI TOPs","2 x 12GB 4800MHz DDR5","","","15.1"" WQXGA (2560 x 1600) OLED, 165Hz, Màn hình chống lóa, 500 nits, 100% DCI-P3"
"68c5583b9869e837e80ce995",32,"Laptop Asus Zenbook 14 UM3406KA-PP113WS (Ryzen AI 7 350/ Onboard graphics/ 16GB/ 512GB/ Windows + Microsoft + Office)","Asus","Ultrabook",28990000,"AMD Ryzen™ AI 7 350","Onboard graphics","16GB Onboard LPDDR5x","","","14"" 2.8K (2880 x 1800) OLED, 120Hz, Màn hình gương, 400 nits, 100% DCI-P3"
"68c5583b9869e837e80ce996",33,"Laptop Msi Crosshair 16 HX AI D2XWGKG-034VN (Ultra 7-255HX/ GeForce RTX™ 5070/ 16GB/ 1TB/ Windows 11)","Msi","Gaming",45990000,"Intel® Core™ Ultra 7-255HX","GeForce RTX™ 5070 8GB GDDR7, 798 AI TOPs","2 x 8GB 5600MHz DDR5","","","16"" WQXGA (2560 x 1600) IPS, 240Hz, Màn hình chống lóa, 100% DCI-P3"
"68c5583b9869e837e80ce997",34,"Laptop HP Probook 440 G11 - A74BMPT (Ultra 7-155H/ Onboard graphics/ 16GB/ 512GB/ Windows 11 Pro)","HP","Business",29890000,"Intel® Core™ Ultra 7-155H","Onboard graphics","1 x 16GB 5600MHz DDR5","","","14"" WUXGA (1920 x 1200) IPS, 60Hz,"
"68c5583b9869e837e80ce998",35,"Laptop Msi Crosshair 16 HX AI D2XWFKG-035VN (Ultra 9-275HX/ GeForce RTX™ 5060/ 32GB/ 1TB/ Windows 11)","Msi","Gaming",43990000,"Intel® Core™ Ultra 9-275HX","GeForce RTX™ 5060 8GB GDDR7, 572 AI TOPs","2 x 16GB 5600MHz DDR5","","","16"" WQXGA (2560 x 1600) IPS, 240Hz, Màn hình chống lóa, 100% DCI-P3"
"68c5583b9869e837e80ce999",36,"Laptop HP Probook 440 G11 - A74BBPT (Ultra 5-125H/ Onboard graphics/ 16GB/ 512GB/ Windows 11 Pro)","HP","Business",25790000,"Intel® Core™ Ultra 5-125H","Onboard graphics","1 x 16GB 5600MHz DDR5","","","14"" WUXGA (1920 x 1200) IPS, 60Hz,"
"68c5583b9869e837e80ce99a",37,"Laptop HP Probook 440 G11 - A74B9PT (Ultra 5-125H/ Onboard graphics/ 16GB/ 512GB/ Windows 11)","HP","Business",22690000,"Intel® Core™ Ultra 5-125H","Onboard graphics","1 x 16GB 5600MHz DDR5","","","14"" WUXGA (1920 x 1200) IPS, 60Hz,"
"68c5583b9869e837e80ce99b",38,"Laptop Dell Inspiron 5441 - 5MNK1 (Snapdragon X1P 64 100/ Onboard graphics/ 16GB/ 512GB/ Windows 11 + Office)","Dell","Student",26490000,"Snapdragon X1P 64 100","Onboard graphics","16GB Onboard 8448MHz LPDDR5x","","","14"" WUXGA (1920 x 1200) WVA,"
"68c5583b9869e837e80ce99c",39,"Laptop Lenovo ThinkPad CX9-14 Gen 1 - 21QA006LVN (Ultra 7-258V/ Onboard/ 32GB/ 1TB/ Windows 11 Pro)","Lenovo","Business",57090000,"Intel® Core™ Ultra 7-258V","Onboard","32GB Onboard 8533MHz LPDDR5x","","","14"" 2.8K (2880 x 1800) OLED, 120Hz, 500 nits, 100% DCI-P3"
"68c5583b9869e837e80ce99d",40,"Laptop Lenovo ThinkPad CX9-14 Gen 1 - 21QA006KVN (Ultra 7-258V/ Onboard/ 32GB/ 1TB/ Windows 11 Pro)","Lenovo","Business",52990000,"Intel® Core™ Ultra 7-258V","Onboard","32GB Onboard 8533MHz LPDDR5x","","","14"" WUXGA (1920 x 1200) OLED, 60Hz, 400 nits, 100% DCI-P3"
"68c5583b9869e837e80ce99e",41,"Laptop Lenovo ThinkBook 14 G8 IAL - 21SJ0070VN (Ultra 5-225H/ Onboard graphics/ 16GB/ 512GB/ Windows 11)","Lenovo","Student",22990000,"Intel® Core™ Ultra 5-225H","Onboard graphics","2 x 8GB 5600MHz DDR5","","","14"" WUXGA (1920 x 1200) IPS, 60Hz, Màn hình chống lóa, 300 nits, 45% NTSC"
"68c5583b9869e837e80ce99f",42,"Laptop Asus Vivobook 15 OLED A1505VA-L1688W (i7-13620H/ 16GB/ 512GB/ Windows 11)","Asus","Student",18990000,"Intel® Core™ i7-13620H","Onboard graphics","16GB (8GB + 8GB Onboard) DDR4","","","15.6"" Full HD (1920 x 1080) OLED, 60Hz, Màn hình gương, 600 nits, 100% DCI-P3"
"68c5583b9869e837e80ce9a0",43,"Laptop Acer Aspire 5 A515-58P-702Q (i7-13620H/ Onboard graphics/ 16GB/ 512GB/ Windows 11)","Acer","Student",15990000,"Intel® Core™ i7-13620H","Onboard graphics","16GB Onboard 5200MHz LPDDR5","","","15.6"" Full HD (1920 x 1080) IPS, 60Hz, 250 nits, Acer ComfyView, 45% NTSC"
"68c5583b9869e837e80ce9a1",44,"Laptop Asus TUF Gaming F16 FX608JHR-RV037W (i7-14650HX/ GeForce RTX™ 5050/ 16GB/ 1TB/ Windows 11)","Asus","Gaming",33990000,"Intel® Core™ i7-14650HX","GeForce RTX™ 5050 8GB GDDR7, 440 AI TOPs","1 x 16GB 6400MHz DDR5","","","16"" WUXGA (1920 x 1200) IPS, 165Hz, Màn hình chống lóa, 300 nits, G-Sync, 100% sRGB"
"68c5583b9869e837e80ce9a2",45,"Laptop Acer Nitro V 15 ProPanel ANV15-51-76B9 (Core i7-13620H/ GeForce RTX™ 4050/ 16GB/ 512GB/ Windows 11)","Acer","Gaming",26990000,"Intel® Core™ i7-13620H","GeForce RTX™ 4050 6GB GDDR6, 194 AI TOPs","2 x 8GB 5200MHz DDR5","","","15.6"" Full HD (1920 x 1080) IPS, 180Hz, Màn hình chống lóa, 300 nits, Acer ComfyView, 100% sRGB"
"68c5583b9869e837e80ce9a3",46,"Laptop Asus Gaming V16 V3607VM-RP044W (Core 7 240H/ GeForce RTX™ 5060/ 16GB/ 512GB/ Windows 11)","Asus","Gaming",35590000,"Intel® Core™ 7 240H","GeForce RTX™ 5060 8GB GDDR7, 572 AI TOPs","1 x 16GB DDR5","","","16"" WUXGA (1920 x 1200) 144Hz, Màn hình chống lóa, 300 nits, 45% NTSC"
"68c5583b9869e837e80ce9a4",47,"Laptop Msi Crosshair 16 HX AI D2XWFKG-070VN (Ultra 9-275HX/ GeForce RTX™ 5060/ 16GB/ 1TB/ Windows 11)","Msi","Gaming",41990000,"Intel® Core™ Ultra 9-275HX","GeForce RTX™ 5060 8GB GDDR7, 572 AI TOPs","2 x 8GB 6400MHz DDR5","","","16"" WQXGA (2560 x 1600) IPS, 240Hz, 100% DCI-P3"
"68c5583b9869e837e80ce9a5",48,"Laptop Msi Crosshair 16 HX AI D2XWGKG-072VN (Ultra 7-255HX/ GeForce RTX™ 5070/ 32GB/ 1TB/ Windows 11)","Msi","Gaming",47990000,"Intel® Core™ Ultra 7-255HX","GeForce RTX™ 5070 8GB GDDR7, 798 AI TOPs","2 x 16GB 6400MHz DDR5","","","16"" WQXGA (2560 x 1600) IPS, 240Hz, 100% DCI-P3"
"68c5583b9869e837e80ce9a6",49,"Laptop Msi Crosshair 16 HX AI D2XWFKG-078VN (Ultra 7-255HX/ GeForce RTX™ 5060/ 32GB/ 1TB/ Windows 11)","Msi","Gaming",41990000,"Intel® Core™ Ultra 7-255HX","GeForce RTX™ 5060 8GB GDDR7, 572 AI TOPs","2 x 16GB 6400MHz DDR5","","","16"" WQXGA (2560 x 1600) IPS, 240Hz, 100% DCI-P3"
"68c5583b9869e837e80ce9a7",50,"Laptop Msi Crosshair 16 HX AI D2XWFKG-036VN (Ultra 7-255HX/ GeForce RTX™ 5060/ 16GB/ 1TB/ Windows 11)","Msi","Gaming",39990000,"Intel® Core™ Ultra 7-255HX","GeForce RTX™ 5060 8GB GDDR7, 572 AI TOPs","2 x 8GB 6400MHz DDR5","","","16"" WQXGA (2560 x 1600) IPS, 240Hz, 100% DCI-P3"
"68c5583b9869e837e80ce9a8",51,"Laptop Acer Aspire Lite 14 - AL14-52M-32KV (i3-1305U/ Onboard graphics/ 8GB/ 256GB/ Windows 11)","Acer","Student",9290000,"Intel® Core™ i3-1305U","Onboard graphics","1 x 8GB 4800MHz DDR5","","","14"" WUXGA (1920 x 1200) IPS, 60Hz, 300 nits,"
"68c5583b9869e837e80ce9a9",52,"Laptop Lenovo ThinkPad E14 Gen 7 - 21SX0032VN (Ultra 7-255H/ Onboard graphics/ 32GB/ 1TB/ Windows 11)","Lenovo","Business",32690000,"Intel® Core™ Ultra 7-255H","Onboard graphics","2 x 16GB 5600MHz DDR5","","","14"" WUXGA (1920 x 1200) IPS, 60Hz, Màn hình chống lóa, 300 nits, 45% NTSC"
"68c5583b9869e837e80ce9aa",53,"Laptop Lenovo V14 G4 IRU - 83A000FQVN (Core i5-13420H/ Onboard graphics/ 16GB/ 512GB/ Windows 11)","Lenovo","Student",14490000,"Intel® Core™ i5-13420H","Onboard graphics","16GB (8GB + 8GB Onboard) 3200MHz DDR4","","","14"" Full HD (1920 x 1080) IPS, Màn hình chống lóa, 300 nits, 45% NTSC"
"68c5583b9869e837e80ce9ab",54,"Laptop Lenovo ThinkPad X9-15 Gen 1 - 21Q60052VN (Ultra 5-228V/ Onboard graphics/ 32GB/ 1TB/ Windows 11 Pro)","Lenovo","Business",50390000,"Intel® Core™ Ultra 5-228V","Onboard graphics","32GB Onboard 8533MHz LPDDR5x","","","15.3"" 2.8K (2880 x 1800) OLED, 120Hz, Màn hình chống lóa, 500 nits, 100% DCI-P3"
"68c5583b9869e837e80ce9ac",55,"Laptop Asus Vivobook S 14 S3407VA-LY046W (Core i5-13420H/ Onboard graphics/ 16GB/ 512GB/ Windows 11)","Asus","Student",17690000,"Intel® Core™ i5-13420H","Onboard graphics","16GB (8GB + 8GB Onboard) DDR5","","","14"" WUXGA (1920 x 1200) IPS, 60Hz, Màn hình chống lóa, 300 nits, 45% NTSC"
"68c5583b9869e837e80ce9ad",56,"Laptop Asus Vivobook S S3407CA-LY095WS (Ultra 5-225H/ Onboard graphics/ 16GB/ 512GB/ Windows 11 + Office + Microsoft)","Asus","Student",20490000,"Intel® Core™ Ultra 5-225H","Onboard graphics","16GB Onboard DDR5","","","14"" WUXGA (1920 x 1200) IPS, 60Hz, Màn hình chống lóa, 300 nits, 45% NTSC"
"68c5583b9869e837e80ce9ae",57,"Laptop Asus Vivobook S 14 S3407CA-LY096WS (Ultra 7-255H/ Onboard graphics/ 16GB/ 512GB/ Windows 11 + Office + Microsoft)","Asus","Student",25490000,"Intel® Core™ Ultra 7-255H","Onboard graphics","16GB Onboard DDR5","","","14"" WUXGA (1920 x 1200) IPS, 60Hz, Màn hình chống lóa, 300 nits, 45% NTSC"
"68c5583b9869e837e80ce9af",58,"Laptop Gigabyte Gaming A16 CMHI2VN893SH (i7-13620H/ GeForce RTX™ 4050/ 16GB/ 512GB/ Windows 11)","Gigabyte","Gaming",26790000,"Intel® Core™ i7-13620H","GeForce RTX™ 4050 6GB GDDR6, 194 AI TOPs","1 x 16GB 5200MHz DDR5","","","16"" WUXGA (1920 x 1200) IPS, 165Hz,"
"68c5583b9869e837e80ce9b0",59,"Laptop Gigabyte Gaming A16 CMHH2VN893SH (Core i5-13420H/ GeForce RTX™ 4050/ 16GB/ 512GB/ Windows 11)","Gigabyte","Gaming",24590000,"Intel® Core™ i5-13420H","GeForce RTX™ 4050 6GB GDDR6, 194 AI TOPs","1 x 16GB 5200MHz DDR5","","","16"" WUXGA (1920 x 1200) IPS, 165Hz, 300 nits, 100% sRGB"
"68c5583b9869e837e80ce9b1",60,"Laptop Lenovo Legion Pro 7 16IAX10H - 83F5008VVN (Ultra 9-275HX/ GeForce RTX™ 5070Ti/ 32GB/ 1TB/ Windows 11 + Office)","Lenovo","Gaming",75490000,"Intel® Core™ Ultra 9-275HX","GeForce RTX™ 5070Ti 12GB GDDR7, 992 AI TOPs","2 x 16GB 6400MHz DDR5","","","16"" WQXGA (2560 x 1600) OLED, 240Hz, Màn hình gương, 500 nits, G-Sync, 100% DCI-P3"
"68c5583b9869e837e80ce9b2",61,"Laptop Asus Gaming V16 K3607VJ-RP106W (Core 7 240H/ GeForce RTX™ 3050/ 16GB/ 512GB/ Windows 11)","Asus","Gaming",24490000,"Intel Core 7 240H","GeForce RTX™ 3050 6GB GDDR6, 143 AI TOPs","1 x 16GB DDR5","","","16"" WUXGA (1920 x 1200) IPS, 144Hz, Màn hình chống lóa, 300 nits, 45% NTSC"
"68c5583b9869e837e80ce9b3",62,"Laptop Asus ExpertBook P1 P1503CVA-S71559W (Core i5-13420H/ Onboard graphics/ 16GB/ 512GB/ Windows 11)","Asus","Business",15490000,"Intel® Core™ i5-13420H","Onboard graphics","1 x 16GB DDR5","","","15.6"" Full HD (1920 x 1080) IPS, 60Hz, Màn hình chống lóa, 300 nits, 45% NTSC"
"68c5583b9869e837e80ce9b4",63,"Laptop Lenovo Legion Pro 5 16IAX10 - 83F3002GVN (Ultra 9 275HX/ GeForce RTX™ 5070/ 32GB/ 1TB/ Windows 11 + Office)","Lenovo","Gaming",55990000,"Intel® Core™ Ultra 9-275HX","GeForce RTX™ 5070 8GB GDDR7, 798 AI TOPs","2 x 16GB 5600MHz DDR5","","","16"" WQXGA (2560 x 1600) OLED, 165Hz, Màn hình chống lóa, 500 nits, G-Sync, 100% DCI-P3"
"68c5583b9869e837e80ce9b5",64,"Laptop Lenovo Legion Pro 5 16IAX10 - 83F3003VVN (Ultra 9-275HX/ GeForce RTX™ 5060/ 32GB/ 1TB/ Windows 11 + Office)","Lenovo","Gaming",50990000,"Intel® Core™ Ultra 9-275HX","GeForce RTX™ 5060 8GB GDDR7, 572 AI TOPs","2 x 16GB 5600MHz DDR5","","","16"" WQXGA (2560 x 1600) OLED, 165Hz, Màn hình gương, 500 nits, G-Sync, 100% DCI-P3"
"68c5583b9869e837e80ce9b6",65,"Laptop Asus TUF Gaming F16 FX607VU-RL045W (Core 5 210H/ GeForce RTX™ 4050/ 16GB/ 512GB/ Windows 11)","Asus","Gaming",24990000,"Intel® Core™ 5 210H","GeForce RTX™ 4050 6GB GDDR6, 194 AI TOPs","1 x 16GB 5600MHz DDR5","","","16"" WUXGA (1920 x 1200) IPS, 144Hz, 300 nits, 45% NTSC"
"68c5583b9869e837e80ce9b7",66,"Laptop Acer Swift Go 14 SFG14-41-R251 (Ryzen 5 7430U/ Onboard graphics/ 16GB/ 1TB/ Windows 11)","Acer","Ultrabook",16990000,"AMD Ryzen™ 5 7430U","Onboard graphics","16GB Onbard 4800MHz LPDDR4X","","","14"" Full HD (1920 x 1080) IPS, 60Hz, 300 nits, Acer ComfyView, 100% sRGB"
"68c5583b9869e837e80ce9b8",67,"Laptop Asus ExpertBook P1403CVA-i716-50W (i7-13620H/ Onboard graphics/ 16GB/ 512GB/ Windows 11)","Asus","Business",19390000,"Intel® Core™ i7-13620H","Onboard graphics","1 x 16GB DDR5","","","14"" Full HD (1920 x 1080) 60Hz, Màn hình chống lóa, 300 nits, 45% NTSC"
"68c5583b9869e837e80ce9b9",68,"Laptop Asus Vivobook X1404VA-NK394W (i3-1315U/ Onboard graphics/ 8GB/ 512GB/ Windows 11)","Asus","Student",9990000,"Intel® Core™ i3-1315U","Onboard graphics","8GB Onboard DDR4","","","14"" Full HD (1920 x 1080) TFT, 60Hz, Màn hình chống lóa, 250 nits, 45% NTSC"
"68c5583b9869e837e80ce9ba",69,"Laptop HP Pavilion 16-af0055TU - AY8C4PA (Ultra 5-125U/ Onboard graphics/ 16GB/ 512GB/ Windows 11 + Office)","HP","Student",18890000,"Intel® Core™ Ultra 5-125U","Onboard graphics","16GB Onboard 7467MHz LPDDR5","","","16"" WUXGA (1920 x 1200) IPS, Màn hình chống lóa,"
"68c5583b9869e837e80ce9bb",70,"Laptop HP Pavilion 16-af0053TU - AY8C2PA (Ultra 7-155U/ Onboard graphics/ 16GB/ 512GB/ Windows 11 + Office)","HP","Student",21490000,"Intel® Core™ Ultra 7-155U","Onboard graphics","16GB Onboard 7467MHz LPDDR5","","","16"" WUXGA (1920 x 1200) IPS, Màn hình chống lóa,"
"68c5583b9869e837e80ce9bc",71,"Laptop HP Victus 16-r0298TX - AE0N5PA (i5-13500HX/ GeForce RTX™ 4060/ 16GB/ 512GB/ Windows 11)","HP","Gaming",27490000,"Intel® Core™ i5-13500HX","GeForce RTX™ 4060 8GB GDDR6, 233 AI TOPS","2 x 8GB 4800MHz DDR5","","","16.1"" Full HD (1920 x 1080) IPS, Màn hình chống lóa,"
"68c5583b9869e837e80ce9bd",72,"Laptop HP 240 G10 - B93GZAT (i5-1334U/ Onboard graphics/ 16GB/ 512GB/ Windows 11)","HP","Student",15490000,"Intel® Core™ i5-1334U","Onboard graphics","1 x 16GB 3200MHz DDR4","","","14"" Full HD (1920 x 1080) IPS, Màn hình chống lóa, 250 nits, 45% NTSC"
"68c5583b9869e837e80ce9be",73,"Laptop Asus ExpertBook B3405CCA-LY0080W (Ultra 7-255H/ Onboard graphics/ 16GB/ 512GB/ Windows 11)","Asus","Business",28490000,"Intel® Core™ Ultra 7-255H","Onboard graphics","1 x 16GB DDR5","","","14"" WUXGA (1920 x 1200) 60Hz, Màn hình chống lóa, 300 nits, 45% NTSC"
"68c5583b9869e837e80ce9bf",74,"Laptop Asus ExpertBook B3405CCA-LY0077W (Ultra 5-225H/ Onboard graphics/ 16GB/ 512GB/ Windows 11)","Asus","Business",23590000,"Intel® Core™ Ultra 5-225H","Onboard graphics","1 x 16GB DDR5","","","14"" WUXGA (1920 x 1200) 60Hz, Màn hình chống lóa, 300 nits, 45% NTSC"
"68c5583b9869e837e80ce9c0",75,"Laptop Acer Nitro Lite 16 NL16-71G-71UJ (i7-13620H/ GeForce RTX™ 3050/ 16GB/ 512GB/ Windows 11)","Acer","Gaming",22390000,"Intel® Core™ i7-13620H","GeForce RTX™ 3050 6GB GDDR6, 143 AI TOPs","16GB (8GB + 8GB Onboard) 5600MHz DDR5","","","16"" WUXGA (1920 x 1200) IPS, 165Hz, Màn hình chống lóa, 300 nits, Acer ComfyView, 45% NTSC"
"68c5583b9869e837e80ce9c1",76,"Laptop Acer Aspire Lite 16 G2 AL16-52P-76DU (i7-1355U/ Onboard graphics/ 16GB/ 512GB/ Windows 11)","Acer","Student",17090000,"Intel® Core™ i7-1355U","Onboard graphics","1 x 16GB 4800MHz DDR5","","","16"" WUXGA (1920 x 1200) IPS, Màn hình chống lóa, 300 nits,"
"68c5583b9869e837e80ce9c2",77,"Laptop Acer Aspire 14 AI A14-52M-585Y (Ultra 5-226V/ Onboard graphics/ 16GB/ 1TB/ Windows 11)","Acer","Student",22990000,"Intel® Core™ Ultra 5-226V","Onboard graphics","16GB Onboard 8533MHz LPDDR5x","","","14"" WUXGA (1920 x 1200) IPS, 60Hz, Màn hình chống lóa, 100% DCI-P3"
"68c5583b9869e837e80ce9c3",78,"Laptop Acer Aspire 14 AI A14-52M-71YQ (Ultra 7-256V/ Onboard graphics/ 16GB/ 1TB/ Windows 11)","Acer","Student",25690000,"Intel® Core™ Ultra 7-256V","Onboard graphics","16GB Onboard 8533MHz LPDDR5x","","","14"" WUXGA (1920 x 1200) IPS, 60Hz, Màn hình chống lóa, 100% DCI-P3"
"68c5583b9869e837e80ce9c4",79,"Laptop Lenovo LOQ 15IRX9 - 83DV013PVN (i5-13450HX/ GeForce RTX™ 3050/ 12GB/ 512GB/ Windows 11)","Lenovo","Gaming",22990000,"Intel® Core™ i5-13450HX","GeForce RTX™ 3050 6GB GDDR6, 142 AI TOPs","1 x 12GB 4800MHz DDR5","","","15.6"" Full HD (1920 x 1080) IPS, 144Hz, Màn hình chống lóa, 300 nits, 100% sRGB"
"68c5583b9869e837e80ce9c5",80,"Laptop Gigabyte AORUS 16X ASG-53VNC94SH (i7-14650HX/ GeForce RTX™ 4070/ 16GB/ 1TB/ Windows 11)","Gigabyte","Gaming",39990000,"Intel® Core™ i7-14650HX","GeForce RTX™ 4070 8GB GDDR6, 321 AI TOPs","1 x 16GB 5600MHz DDR5","","","16"" WQXGA (2560 x 1600) IPS, 165Hz,"
"68c5583b9869e837e80ce9c6",81,"Laptop Gigabyte G6 KF-H3VN853KH (i7-13620H/ GeForce RTX™ 4060/ 16GB/ 512GB/ Windows 11)","Gigabyte","Gaming",26690000,"Intel® Core™ i7-13620H","GeForce RTX™ 4060 8GB GDDR6, 233 AI TOPS","2 x 8GB 4800MHz DDR5","","","16"" WUXGA (1920 x 1200) IPS, 165Hz,"
"68c5583b9869e837e80ce9c7",82,"Laptop Gigabyte G6 MF-H2VN854KH (i7-13620H/ GeForce RTX™ 4050/ 16GB/ 1TB/ Windows 11)","Gigabyte","Gaming",23990000,"Intel® Core™ i7-13620H","GeForce RTX™ 4050 6GB GDDR6, 194 AI TOPs","2 x 8GB 4800MHz DDR5","","","16"" WUXGA (1920 x 1200) IPS, 165Hz,"
"68c5583b9869e837e80ce9c8",83,"Laptop Acer Aspire 7 A715-59G-57TU (i5-12450H/ GeForce RTX™ 3050/ 16GB/ 512GB/ Windows 11)","Acer","Gaming",18990000,"Intel® Core™ i5-12450H","GeForce RTX™ 3050 6GB GDDR6, 143 AI TOPs","1 x 16GB 3200MHz DDR4","","","15.6"" Full HD (1920 x 1080) IPS, 144Hz, Màn hình chống lóa, 350 nits, Acer ComfyView, 45% NTSC"
"68c5583b9869e837e80ce9c9",84,"Laptop Acer Aspire 7 A715-59G-73LB (i7-12650H/ GeForce RTX™ 3050/ 16GB/ 512GB/ Windows 11)","Acer","Gaming",21990000,"Intel® Core™ i7-12650H","GeForce RTX™ 3050 6GB GDDR6, 143 AI TOPs","1 x 16GB 3200MHz DDR4","","","15.6"" Full HD (1920 x 1080) IPS, 144Hz, Màn hình chống lóa, 350 nits, Acer ComfyView, 45% NTSC"
"68c5583b9869e837e80ce9ca",85,"Laptop Asus Vivobook 16X K3605VC-RP431W (Core i5-13420H/ GeForce RTX™ 3050/ 16GB/ 512GB/ Windows 11)","Asus","Gaming",18490000,"Intel® Core™ i5-13420H","GeForce RTX™ 3050 4GB GDDR6, 143 AI TOPs","16GB (8GB + 8GB Onboard) DDR4","","","16"" WUXGA (1920 x 1200) IPS, 144Hz, Màn hình chống lóa, 300 nits, 45% NTSC"
"68c5583b9869e837e80ce9cb",86,"Laptop Acer Nitro Lite 16 NL16-71G-56WQ (i5-13420H/ GeForce RTX™ 3050/ 16GB/ 512GB/ Windows 11)","Acer","Gaming",21390000,"Intel® Core™ i5-13420H","GeForce RTX™ 3050 6GB GDDR6, 143 AI TOPs","16GB (8GB + 8GB Onboard) 4800MHz DDR5","","","16"" WUXGA (1920 x 1200) IPS, 165Hz, Màn hình chống lóa, 300 nits, Acer ComfyView, 45% NTSC"
"68c5583b9869e837e80ce9cc",87,"Laptop Lenovo Ideapad Slim 5 14AKP10 - 83HX001JVN (Ryzen AI 7 350/ Onboard graphics/ 32GB/ 1TB/ Windows 11)","Lenovo","Ultrabook",25490000,"AMD Ryzen™ AI 7 350","Onboard graphics&nbsp;","2 x 16GB 5600MHz DDR5","","","14"" WUXGA (1920 x 1200) OLED, Màn hình gương, 400 nits, 100% DCI-P3"
"68c5583b9869e837e80ce9cd",88,"Laptop Lenovo IdeaPad Slim 3 15IRH10 - 83K1002PVN (Core i5-13420H/ Onboard graphics/ 16GB/ 512GB/ Windows 11)","Lenovo","Ultrabook",18490000,"Intel® Core™ i5-13420H","Onboard graphics","16GB (8GB + 8GB Onboard) 4800MHz DDR5","","","15.1"" WQXGA (2560 x 1600) OLED, 165Hz, Màn hình chống lóa, 500 nits, 100% DCI-P3"
"68c5583b9869e837e80ce9ce",89,"Laptop Msi VenturePro 16 AI A1VEG-003VN (Ultra 7-155H/ GeForce RTX™ 4050/ 16GB/ 512GB/ Windows 11)","Msi","Gaming",32990000,"Intel® Core™ Ultra 7-155H","GeForce RTX™ 4050 6GB GDDR6, 194 AI TOPs","2 x 8GB 5600MHz DDR5","","","16"" 2K (2048 x 1280) OLED, 120Hz, 100% DCI-P3"
"68c5583b9869e837e80ce9cf",90,"Laptop Lenovo Ideapad Slim 5 14AKP10 - 83HX001KVN (Ryzen AI 5 340/ Onboard graphics/ 24GB/ 512GB/ Windows 11)","Lenovo","Ultrabook",21290000,"AMD Ryzen™ AI 5 340","Onboard graphics","2 x 12GB 4800MHz DDR5","","","14"" WUXGA (1920 x 1200) OLED, Màn hình gương, 400 nits, 100% DCI-P3"
"68c5583b9869e837e80ce9d0",91,"Laptop Lenovo Legion Pro 7 16IAX10H - 83F5008WVN (Ultra 9 275HX/ GeForce RTX™ 5080/ 32GB/ 1TB/ Windows 11)","Lenovo","Gaming",90990000,"Intel® Core™ Ultra 9-275HX","GeForce RTX™ 5080 16GB GDDR7, 1334 AI TOPS","2 x 16GB 6400MHz DDR5","","","16"" WQXGA (2560 x 1600) OLED, 240Hz, Màn hình gương, 500 nits, G-Sync, 100% DCI-P3"
"68c5583b9869e837e80ce9d1",92,"Laptop Lenovo IdeaPad Slim 3 14IRH10 - 83K00009VN (i7-13620H/ Onboard graphics/ 24GB/ 512GB/ Windows 11)","Lenovo","Ultrabook",17990000,"Intel® Core™ i7-13620H","Onboard&nbsp;","24GB (16GB + 8GB Onboard) 4800MHz DDR5","","","14"" WUXGA (1920 x 1200) IPS, Màn hình chống lóa, 300 nits, 45% NTSC"
"68c5583b9869e837e80ce9d2",93,"Laptop Lenovo IdeaPad Slim 3 15IRH10 - 83K1000GVN (Core i5-13420H/ Onboard graphics/ 24GB/ 512GB/ Windows 11)","Lenovo","Ultrabook",15990000,"Intel® Core™ i5-13420H","Onboard graphics&nbsp;","24GB (16GB + 8GB Onboard) 4800MHz DDR5","","","15.3"" WUXGA (1920 x 1200) IPS, 60Hz, Màn hình chống lóa, 300 nits, 45% NTSC"
"68c5583b9869e837e80ce9d3",94,"Laptop HP OmniBook X 14-fe1010QU - B53KBPA (Snapdragon X1P 42 100/ Onboard graphics/ 16GB/ 512GB/ Windows 11 + Office)","HP","Student",26690000,"Snapdragon X1P 42 100","Onboard&nbsp;","16GB Onboard 8448MHz LPDDR5","","","14"" 2.2K (2240 x 1400) IPS, Màn hình gương, 400 nits,&nbsp;"
"68c5583b9869e837e80ce9d4",95,"Laptop Msi Katana 15 B13VFK-2099VN (i7-13620H/ GeForce RTX™ 4060/ 32GB/ 1TB/ Windows 11)","Msi","Gaming",30390000,"Intel® Core™ i7-13620H","GeForce RTX™ 4060 8GB GDDR6, 233 AI TOPS","2 x 16GB 5200MHz DDR5","","","15.6"" Full HD (1920 x 1080) IPS,"
"68c5583b9869e837e80ce9d5",96,"Apple MacBook Air M3 13.6 inch (8CPU/ 10GPU/ 24GB/ 512GB)","Apple","Ultrabook",30490000,"Apple M3","Onboard graphics","24GB / 512GB SSD","","","13.6"" (2560 x 1664) Liquid Retina"
"68c5583b9869e837e80ce9d6",97,"Apple MacBook Air M3 13.6 inch (8CPU/ 10GPU/ 24GB/ 512GB)","Apple","Ultrabook",29990000,"Apple M3","Onboard graphics","24GB / 512GB SSD","","","13.6"" (2560 x 1664) Liquid Retina"
"68c5583b9869e837e80ce9d7",98,"Laptop Asus Gaming V16 K3607VJ-RP131W (Core 5 210H/ GeForce RTX™ 3050/ 32GB/ 512GB/ Windows 11)","Asus","Gaming",22990000,"Intel® Core™ 5 210H","GeForce RTX™ 3050 6GB GDDR6","2 x 16GB 5600MHz DDR5","","","16"" WUXGA (1920 x 1200) IPS, 144Hz,&nbsp;"
"68c5583b9869e837e80ce9d8",99,"Laptop HP Victus 16-S1149AX - AZ0D4PA (Ryzen 5 8645HS/ GeForce RTX™ 3050/ 16GB/ 512GB/ Windows 11)","HP","Gaming",20990000,"AMD Ryzen™ 5 8645HS","GeForce RTX™ 3050 6GB GDDR6, 143 AI TOPs","2 x 8GB 5600MHz DDR5","","","16.1"" Full HD (1920 x 1080) IPS, 165Hz, Màn hình chống lóa, 300 nits, 100% sRGB"
"68c5583b9869e837e80ce9d9",100,"Laptop Acer Aspire 5 A515-58P-9841 (i9-13900H/ Onboard graphics/ 16GB/ 512GB/ Windows 11)","Acer","Student",19990000,"Intel® Core™ i9-13900H","Onboard&nbsp;","16GB Onboard 5200MHz LPDDR5","","","15.6"" Full HD (1920 x 1080) IPS, 60Hz, Acer ComfyView,&nbsp;"
"68c5583b9869e837e80ce9da",101,"Laptop HP Victus 16-R0366TX - AY8X9PA (i7-13700HX/ GeForce RTX™ 4060/ 16GB/ 512GB/ Windows 11)","HP","Gaming",32990000,"Intel® Core™ i7-13700HX","GeForce RTX™ 4060 8GB GDDR6, 233 AI TOPS","2 x 8GB 4800MHz DDR5","","","16.1"" Full HD (1920 x 1080) IPS, 165Hz, Màn hình chống lóa, 300 nits, 100% sRGB"
"68c5583b9869e837e80ce9db",102,"Laptop HP Victus 16-r0369TX - AY8Y2PA (i7-13700HX/ GeForce RTX™ 4050/ 16GB/ 512GB/ Windows 11)","HP","Gaming",31990000,"Intel® Core™ i7-13700HX","GeForce RTX™ 4050 6GB GDDR6, 194 AI TOPs","2 x 8GB 4800MHz DDR5","","","16.1"" Full HD (1920 x 1080) IPS, 165Hz, Màn hình chống lóa, 300 nits, 100% sRGB"
"68c5583b9869e837e80ce9dc",103,"Laptop HP Victus 16-r0378TX - AY8Z4PA (i5-13500HX/ GeForce RTX™ 3050/ 16GB/ 512GB/ Windows 11)","HP","Gaming",21990000,"Intel® Core™ i5-13500HX","GeForce RTX™ 3050 6GB GDDR6, 143 AI TOPs","2 x 8GB 4800MHz DDR5","","","16.1"" Full HD (1920 x 1080) IPS, 165Hz, Màn hình chống lóa, 300 nits, 100% sRGB"
"68c5583b9869e837e80ce9dd",104,"Laptop HP 15-fd0304TU - A2NL5PA (i3-1315U/ Onboard graphics/ 8GB/ 512GB/ Windows 11)","HP","Student",10490000,"Intel® Core™ i3-1315U","Onboard graphics","1 x 8GB 3200MHz DDR4","","","15.6"" Full HD (1920 x 1080) Màn hình chống lóa, 250 nits, 45% NTSC"
"68c5583b9869e837e80ce9de",105,"Laptop HP Victus 16-R0302TX - AE0N9PA (i5-13500HX/ GeForce RTX™ 4050/ 16GB/ 512GB/ Windows 11)","HP","Gaming",24290000,"Intel® Core™ i5-13500HX","GeForce RTX™ 4050 6GB GDDR6, 194 AI TOPs","2 x 8GB 4800MHz DDR5","","","16.1"" Full HD (1920 x 1080) IPS, 165Hz, Màn hình chống lóa, 300 nits, 100% sRGB"
"68c5583b9869e837e80ce9df",106,"Apple MacBook Air M4 15.3 inch (10CPU/ 10GPU/ 16GB/ 256GB)","Apple","Ultrabook",28990000,"Apple M4","Onboard graphics","16GB / 256GB SSD","","","15.3 inch (2880 x 1864) Liquid Retina"
"68c5583b9869e837e80ce9e0",107,"Apple MacBook Air M4 15.3 inch (10CPU/ 10GPU/ 16GB/ 512GB)","Apple","Ultrabook",33990000,"Apple M4","Onboard graphics","16GB / 512GB SSD","","","15.3"" (2880 x 1864) Liquid Retina"
"68c5583b9869e837e80ce9e1",108,"Apple MacBook Air M4 13.6 inch (10CPU/ 10GPU/ 16GB/ 512GB)","Apple","Ultrabook",29490000,"Apple M4","Onboard graphics","16GB / 512GB SSD","","","13.6"" (2560 x 1664) Liquid Retina"
"68c5583b9869e837e80ce9e2",109,"Apple MacBook Air M4 13.6 inch (10CPU/ 8GPU/ 16GB/ 256GB)","Apple","Ultrabook",24290000,"Apple M4","Onboard graphics","16GB / 256GB SSD","","","13.6 inch (2560 x 1664) Liquid Retina"
"68c5583b9869e837e80ce9e3",110,"Laptop Asus ROG Strix SCAR 16 G635LW-RW175W (Ultra 9 275HX/ GeForce RTX™ 5080/ 64GB/ 4TB/ Windows 11)","Asus","Gaming",111090000,"Intel® Core™ Ultra 9-275HX","GeForce RTX™ 5080 16GB GDDR7","2 x 32GB 5600MHz DDR5","","","16"" WQXGA (2560 x 1600) Mini LED, 240Hz, Màn hình chống lóa, 1200 nits, G-Sync, 100% DCI-P3"
"68c5583b9869e837e80ce9e4",111,"Laptop Asus ExpertBook P1 P1403CVA-i716-63WS (i7-13620H/ Onboard graphics/ 16GB/ 512GB/ Windows 11 + Office + Microsoft)","Asus","Business",20390000,"Intel® Core™ i7-13620H","Onboard&nbsp;","1 x 16GB DDR5","","","14"" Full HD (1920 x 1080) 60Hz, Màn hình chống lóa, 300 nits, 45% NTSC"
"68c5583b9869e837e80ce9e5",112,"Laptop Asus Vivobook 14 X1405VA-LY623W (i5-13420H/ Onboard graphics/ 16GB/ 512GB/ Windows 11)","Asus","Student",13990000,"Intel® Core™ i5-13420H","Onboard graphics","16GB (8GB + 8GB Onboard) DDR4","","","14"" WUXGA (1920 x 1200) IPS, 60Hz, Màn hình chống lóa, 300 nits, 45% NTSC"
"68c5583b9869e837e80ce9e6",113,"Laptop Asus Vivobook 15 X1504VA-BQ2076W (i5-1334U/ Onboard graphics/ 16GB/ 512GB/ Windows 11)","Asus","Student",14490000,"Intel® Core™ i5-1334U","Onboard graphics","2 x 8GB DDR4","","","15.6"" Full HD (1920 x 1080) IPS, 60Hz, 45% NTSC"
"68c5583b9869e837e80ce9e7",114,"Laptop Lenovo LOQ 15IAX9E - 83LK0079VN (i5-12450HX/ GeForce RTX™ 3050/ 16GB/ 512GB/ Windows 11)","Lenovo","Gaming",18990000,"Intel® Core™ i5-12450HX","GeForce RTX™ 3050 6GB GDDR6","1 x 16GB 4800MHz DDR5","","","15.6"" Full HD (1920 x 1080) IPS, 144Hz, Màn hình chống lóa, 300 nits, 100% sRGB"
"68c5583b9869e837e80ce9e8",115,"Laptop Acer Aspire Lite 14 AL14-51P-35QD (i3-1305U/ Onboard graphics/ 8GB/ 512GB/ Windows 11)","Acer","Student",10790000,"Intel® Core™ i3-1305U","Onboard graphics","1 x 8GB 4800MHz DDR5","","","14"" WUXGA (1920 x 1200) IPS, 60Hz, 300 nits, 45% NTSC"
"68c5583b9869e837e80ce9e9",116,"Laptop Acer Gaming Predator Helios Neo 16 PHN16-72-950P (i9-14900HX/ GeForce RTX™ 4070/ 32GB/ 1TB/ Windows 11)","Acer","Gaming",50390000,"Intel® Core™ i9-14900HX","GeForce RTX™ 4070 8GB GDDR6, 321 AI TOPs","2 x 16GB 5600MHz DDR5","","","16"" WQXGA (2560 x 1600) IPS, 240Hz, Màn hình chống lóa, 500 nits, Acer ComfyView, 100% DCI-P3"
"68c5583b9869e837e80ce9ea",117,"Laptop Acer Aspire Lite 15 AL15-71P-517D (i5-12450H/ Onboard graphics/ 16GB/ 512GB/ Windows 11)","Acer","Student",13790000,"Intel® Core™ i5-12450H","Onboard graphics","1 x 16GB 4800MHz DDR5","","","15.6"" Full HD (1920 x 1080) IPS, 60Hz, Màn hình chống lóa, 300 nits, Acer ComfyView, 45% NTSC"
"68c5583b9869e837e80ce9eb",118,"Laptop Asus Vivobook 15 X1502VA-BQ886W (i7-13620H/ Onboard graphics/ 16GB/ 512GB/ Windows 11)","Asus","Student",15990000,"Intel® Core™ i7-13620H","Onboard&nbsp;","16GB (8GB + 8GB Onboard) DDR4","","","15.6"" Full HD (1920 x 1080) IPS, 60Hz, Màn hình chống lóa, 250 nits, 45% NTSC"
"68c5583b9869e837e80ce9ec",119,"Laptop Asus Zenbook S 16 OLED UM5606KA-RK113WS (Ryzen AI 7 350/ Onboard graphics/ 24GB/ 1TB/ Windows 11)","Asus","Ultrabook",37990000,"AMD Ryzen™ AI 7 350","Onboard&nbsp;","24GB Onboard LPDDR5x","","","16"" 3K (2880 x 1800) OLED, 120Hz, Màn hình chống lóa, 400 nits, 100% DCI-P3"
"68c5583b9869e837e80ce9ed",120,"Laptop Lenovo IdeaPad Slim 5 OLED 15ARP10 - 83J3001DVN (Ryzen 7 7735HS/ Onboard graphics/ 16GB/ 512GB/ Windows 11)","Lenovo","Ultrabook",18990000,"AMD Ryzen™ 7 7735HS","Onboard graphics","16GB Onboard 6400MHz LPDDR5x","","","15"" WQXGA (2560 x 1600) OLED, 165Hz, 500 nits, 100% DCI-P3"
"68c5583b9869e837e80ce9ee",121,"Laptop Msi Vector 16 HX AI A2XWHG-010VN (Ultra 7-255HX/ GeForce RTX™ 5070Ti/ 16GB/ 512GB/ Windows 11)","Msi","Gaming",51990000,"Intel® Core™ Ultra 7-255HX","GeForce RTX™ 5070Ti 12GB GDDR7, 992 AI TOPs","2 x 8GB 5600MHz DDR5","","","16"" WQXGA (2560 x 1600) IPS, 240Hz, Màn hình chống lóa, 500 nits, 100% sRGB"
"68c5583b9869e837e80ce9ef",122,"Laptop HP ProBook 450 G10 - 9H8V6PT (i5-1340P/ Onboard graphics/ 8GB/ 512GB/ Windows 11)","HP","Business",19990000,"Intel® Core™ i5-1340P","Onboard graphics","1 x 8GB 3200MHz DDR4","","","15.6"" Full HD (1920 x 1080) IPS, 60Hz,"
"68c5583b9869e837e80ce9f0",123,"Laptop Asus TUF Gaming A15 FA506NCR-HN047W (Ryzen 7 7435HS/ GeForce RTX™ 3050/ 16GB/ 512GB/ Windows 11)","Asus","Gaming",21990000,"AMD Ryzen™ 7 7435HS","GeForce RTX™ 3050 4GB GDDR6","1 x 16GB 5600MHz DDR5","","","15.6"" Full HD (1920 x 1080) IPS, 144Hz, Màn hình chống lóa, 250 nits, Adaptive Sync,&nbsp;"
"68c5583b9869e837e80ce9f1",124,"Laptop Asus Vivobook S 16 S5606CA-RI114WS (Ultra 5-225H/ Onboard graphics/ 16GB/ 512GB/ Windows 11 + Office + Microsoft)","Asus","Student",28490000,"Intel® Core™ Ultra 5-225H","Onboard graphics","16GB Onboard","","","16"" 3K (2880 x 1800) OLED, 120Hz, Màn hình gương, 400 nits, 100% DCI-P3"
"68c5583b9869e837e80ce9f2",125,"Laptop Acer Aspire Lite 16 AL16-51P-72S2 (i7-1255U/ Onboard graphics/ 16GB/ 512GB/ Windows 11)","Acer","Student",15290000,"Intel® Core™ i7-1255U","Onboard graphics","1 x 16GB 4800MHz DDR5","","","16"" WUXGA (1920 x 1200) IPS, 60Hz, Màn hình chống lóa, 300 nits, Acer ComfyView,"
"68c5583b9869e837e80ce9f3",126,"Laptop Lenovo IdeaPad Slim 3 16IRH10 - 83K20001VN (i7-13620H/ Onboard graphics/ 16GB/ 512GB/ Windows 11)","Lenovo","Ultrabook",17990000,"Intel® Core™ i7-13620H","Onboard graphics","16GB (8GB + 8GB Onboard) 4800MHz DDR5","","","16"" WUXGA (1920 x 1200) IPS, 60Hz, Màn hình chống lóa, 300 nits, 45% NTSC"
"68c5583b9869e837e80ce9f4",127,"Laptop Lenovo IdeaPad Slim 3 15ABR8 - 82XM00MDVN (Ryzen 5 5625U/ Onboard graphics/ 16GB/ 512GB/ Windows 11)","Lenovo","Ultrabook",12290000,"AMD Ryzen™ 5 5625U","Onboard&nbsp;","16GB Onboard 3200MHz DDR4","","","15.6"" Full HD (1920 x 1080) IPS, Màn hình chống lóa, 300 nits,&nbsp;"
"68c5583b9869e837e80ce9f5",128,"Laptop Lenovo IdeaPad Slim 3 14IRH10 - 83K0000BVN (i5-13420H/ Onboard graphics/ 16GB/ 512GB/ Windows 11)","Lenovo","Ultrabook",16990000,"Intel® Core™ i5-13420H","Onboard graphics","16GB (8GB + 8GB Onboard) 4800MHz DDR5","","","14"" WUXGA (1920 x 1200) OLED, Màn hình chống lóa, 400 nits, 100% DCI-P3"
"68c5583b9869e837e80ce9f6",129,"Laptop Lenovo IdeaPad Slim 3 16IRH10 - 83K20004VN (i7-13620H/ Onboard graphics/ 24GB/ 512GB/ Windows 11)","Lenovo","Ultrabook",18990000,"Intel® Core™ i7-13620H","Onboard graphics","24GB (16GB + 8GB Onboard) 4800MHz DDR5","","","16"" WUXGA (1920 x 1200) IPS, 60Hz, Màn hình chống lóa, 300 nits, 45% NTSC"
"68c5583b9869e837e80ce9f7",130,"Laptop Asus Vivobook S 16 OLED M5606KA-RI016WS (Ryzen AI 7 350/ Onboard graphics/ 24GB/ 512GB/ Windows 11 + Office)","Asus","Student",27690000,"AMD Ryzen™ AI 7 350","Onboard graphics","24GB Onboard LPDDR5x","","","16"" 3K (2880 x 1800) OLED, 120Hz, Màn hình gương, 400 nits, 100% DCI-P3"
"68c5583b9869e837e80ce9f8",131,"Laptop Lenovo IdeaPad Slim 3 16IRH10 - 83K20002VN (i5-13420H/ Onboard graphics/ 16GB/ 512GB/ Windows 11)","Lenovo","Ultrabook",15190000,"Intel® Core™ i5-13420H","Onboard graphics","16GB (8GB + 8GB Onboard) 4800MHz DDR5","","","16"" WUXGA (1920 x 1200) IPS, 60Hz, Màn hình chống lóa, 300 nits, 45% NTSC"
"68c5583b9869e837e80ce9f9",132,"Laptop Asus Vivobook 14 OLED A1405VA-KM257W (i5-13500H/ Onboard graphics/ 16GB/ 512GB/ Windows 11)","Asus","Student",16990000,"Intel® Core™ i5-13500H","Onboard graphics","2 x 8GB DDR4","","","14"" 2.8K (2880 x 1800) IPS, 90Hz, Màn hình chống lóa, 600 nits, 100% DCI-P3"
"68c5583b9869e837e80ce9fa",133,"Laptop Asus Vivobook 16 M1607KA-MB091WS (Ryzen AI 7 350/ Onboard graphics/ 16GB/ 512GB/ Windows 11 + Office + Microsoft)","Asus","Student",20690000,"AMD Ryzen™ AI 7 350","Onboard&nbsp;","16GB Onboard DDR5","","","16"" WUXGA (1920 x 1200) IPS, 60Hz, Màn hình chống lóa, 300 nits, 45% NTSC"
"68c5583b9869e837e80ce9fb",134,"Laptop Lenovo IdeaPad Slim 3 15IRH10 - 83K1000JVN (i7-13620H/ Onboard graphics/ 16GB/ 512GB/ Windows 11)","Lenovo","Ultrabook",16990000,"Intel® Core™ i7-13620H","Onboard&nbsp;","16GB (8GB + 8GB Onboard) 4800MHz DDR5","","","15.3"" WUXGA (1920 x 1200) IPS, 60Hz, Màn hình chống lóa, 300 nits, 45% NTSC"
"68c5583b9869e837e80ce9fc",135,"Laptop Msi Katana 15 B13UDXK-2269VN_16G (i7-13620H/ GeForce RTX™ 3050/ 16GB/ 1TB/ Windows 11)","Msi","Gaming",23990000,"Intel Core i7-13620H","GeForce RTX™ 3050 6GB GDDR6","2 x 8GB 5200MHz DDR5","","","15.6"" Full HD (1920 x 1080) IPS, 144Hz, Màn hình chống lóa, 45% NTSC"
"68c5583b9869e837e80ce9fd",136,"Laptop Dell XPS 9350 - PP9H1 (Ultra 7-258V/ Onboard graphics/ 32GB/ 1TB/ Windows 11 + Office)","Dell","Student",64990000,"Intel® Core™ Ultra 7-258V","Onboard&nbsp;","32GB Onboard 8533MHz LPDDR5x","","","13.4"" Quad HD+ (2K) (2560 x 1600) WVA, 120Hz, Màn hình chống lóa, 500 nits,&nbsp;"
"68c5583b9869e837e80ce9fe",137,"Laptop Asus Zenbook 14 UX3405CA-PZ187WS (Ultra 5-225H/ Onboard graphics/ 16GB/ 512GB/ Windows 11 + Office + Microsoft)","Asus","Ultrabook",31990000,"Intel® Core™ Ultra 5-225H","Onboard&nbsp;","16GB Onboard LPDDR5x","","","14"" 3K (2880 x 1800) OLED, 120Hz, 100% DCI-P3"
"68c5583b9869e837e80ce9ff",138,"Laptop Asus Vivobook 16 A1607QA-MB067WS (Snapdragon X X1 26 100/ Onboard graphics/ 16GB/ 512GB/ Windows 11 + Office + Microsoft)","Asus","Student",16490000,"Snapdragon X X1 26 100","Onboard graphics","16GB Onboard LPDDR5x","","","16"" WUXGA (1920 x 1200) IPS, 60Hz, Màn hình chống lóa, 300 nits, 45% NTSC"
"68c5583b9869e837e80cea00",139,"Laptop Asus Zenbook 14 UX3405CA-PZ204WS (Ultra 9-285H/ Onboard graphics/ 32GB/ 1TB/ Windows 11 + Office + Microsoft)","Asus","Ultrabook",36090000,"Intel® Core™ Ultra 9-285H","Onboard&nbsp;","32GB Onboard LPDDR5x","","","14"" 3K (2880 x 1800) OLED, 120Hz, 100% DCI-P3"
"68c5583b9869e837e80cea01",140,"Laptop Asus Vivobook 14 A1407CA-LY008WS (Ultra 5-225H/ Onboard graphics/ 16GB/ 512GB/ Windows 11 + Office + Microsoft)","Asus","Student",21990000,"Intel® Core™ Ultra 5-225H","Onboard graphics","16GB Onboard DDR5","","","14"" WUXGA (1920 x 1200) IPS, 60Hz, Màn hình chống lóa, 400 nits, 100% sRGB"
"68c5583b9869e837e80cea02",141,"Laptop Asus Zenbook Duo UX8406CA-PZ109WS (Ultra 9-285H/ Onboard graphics/ 32GB/ 1TB/ Windows 11 + Office + Microsoft)","Asus","Ultrabook",55990000,"Intel® Core™ Ultra 9-285H","Onboard graphics","32GB Onboard LPDDR5x","","","14"" 3K (2880 x 1800) OLED, 120Hz, Màn hình gương, 400 nits, 100% DCI-P3"
"68c5583b9869e837e80cea03",142,"Laptop Asus Zenbook 14 UX3405CA-PZ368WS (Ultra 7-255H/ Onboard graphics/ 16GB/ 512GB/ Windows 11 + Office + Microsoft)","Asus","Ultrabook",36990000,"Intel® Core™ Ultra 7-255H","Onboard graphics","16GB Onboard LPDDR5x","","","14"" 3K (2880 x 1800) OLED, 120Hz, Màn hình gương, 400 nits, 100% DCI-P3"
"68c5583b9869e837e80cea04",143,"Laptop Acer Aspire Lite 15 AL15-41P-R3U5 (Ryzen 7 5700U/ Onboard graphics/ 16GB/ 512GB/ Windows 11)","Acer","Student",12290000,"AMD Ryzen™ 7 5700U","Onboard graphics","1 x 16GB 3200MHz DDR4","","","15.6"" Full HD (1920 x 1080) IPS, 60Hz, Màn hình chống lóa, 300 nits, Acer ComfyView, 45% NTSC"
"68c5583b9869e837e80cea05",144,"Laptop Acer Nitro V 15 ProPanel ANV15-51-56D5 (i5-13420H/ GeForce RTX™ 3050/ 16GB/ 512GB/ Windows 11)","Acer","Gaming",21990000,"Intel® Core™ i5-13420H","GeForce RTX™ 3050 6GB GDDR6","1 x 16GB 5200MHz DDR5","","","15.6"" Full HD (1920 x 1080) IPS, 180Hz, 300 nits, Acer ComfyView, 100% sRGB"
"68c5583b9869e837e80cea06",145,"Apple MacBook Air M2 13.6 inch (8CPU/ 8GPU/ 16GB/ 256GB)","Apple","Ultrabook",19490000,"Apple M2","Onboard graphics","16GB / 256GB SSD","","","13.6 inch (2560 x 1664) Liquid Retina"
"68c5583b9869e837e80cea07",146,"Laptop Lenovo IdeaPad Slim 3 14IRH10 - 83K0004JVN (i5-13420H/ Onboard graphics/ 16GB/ 512GB/ Windows 11)","Lenovo","Ultrabook",15490000,"Intel® Core™ i5-13420H","Onboard&nbsp;","16GB (8GB + 8GB Onboard) 4800MHz DDR5","","","14"" WUXGA (1920 x 1200) IPS, 300 nits, 45% NTSC"
"68c5583b9869e837e80cea08",147,"Laptop HP OMEN 14-fb0134TX (AY8V0PA) (Ultra 9-185H/ GeForce RTX™ 4060/ 32GB/ 1TB/ Windows 11 + Office)","HP","Gaming",64990000,"Intel® Core™ Ultra 9-185H","GeForce RTX™ 4060 8GB GDDR6","32GB Onboard 7467MHz LPDDR5x","","","14"" 3K (2880 x 1800) OLED, 120Hz, Màn hình chống lóa, 100% DCI-P3"
"68c5583b9869e837e80cea09",148,"Laptop Msi Sword 16 HX B14VEKG-856VN (i7-14700HX/ GeForce RTX™ 4050/ 16GB/ 1TB/ Windows 11)","Msi","Gaming",32990000,"Intel® Core™ i7-14700HX","GeForce RTX™ 4050 6GB GDDR6","2 x 8GB 5600MHz DDR5","","","16"" WUXGA (1920 x 1200) IPS, 165Hz, 100% sRGB"
"68c5583b9869e837e80cea0a",149,"Laptop Msi Katana 15 B13VEK-2256VN (i7-13620H/ GeForce RTX™ 4050/ 16GB/ 512GB/ Windows 11)","Msi","Gaming",24490000,"Intel® Core™ i7-13620H","GeForce RTX™ 4050 6GB GDDR6","2 x 8GB 5200MHz DDR5","","","15.6"" Full HD (1920 x 1080) IPS, 144Hz, 45% NTSC"
"68c5583b9869e837e80cea0b",150,"Laptop HP 15-fc0086AU (A6VV9PA) (Ryzen 5 7430U/ Onboard graphics/ 16GB/ 512GB/ Windows 11)","HP","Student",12390000,"AMD Ryzen™ 5 7430U","Onboard graphics","2 x 8GB 3200MHz DDR4","","","15.6"" Full HD (1920 x 1080) Màn hình chống lóa, 250 nits, 45% NTSC"
"68c5583b9869e837e80cea0c",151,"Laptop HP 240 G9 (AG2J7AT) (i5-1235U/ Onboard graphics/ 16GB/ 512GB/ Windows 11)","HP","Student",13990000,"Intel® Core™ i5-1235U","Onboard graphics","1 x 16GB 3200MHz DDR4","","","14"" Full HD (1920 x 1080) IPS, Màn hình chống lóa,"
"68c5583b9869e837e80cea0d",152,"Laptop Asus Vivobook S14 OLED S5406SA-PP059WS (Ultra 7-258V/ Onboard graphics/ 32GB/ 1TB/ Windows 11)","Asus","Student",32990000,"Intel® Core™ Ultra 7-258V","Onboard&nbsp;","32GB Onbard LPDDR5x","","","14"" 3K (2880 x 1800) 120Hz, Màn hình gương, 400 nits, 100% DCI-P3"
"68c5583b9869e837e80cea0e",153,"Laptop Lenovo IdeaPad Slim 5 14Q8X9 - 83HL000KVN (Snapdragon X1P 42 100/ Onboard graphics/ 16GB/ 512GB/ Windows 11)","Lenovo","Ultrabook",17990000,"Snapdragon X1P 42 100","Onboard&nbsp;","16GB Onboard 8448MHz LPDDR5x","","","14"" WUXGA (1920 x 1200) OLED, Màn hình gương, 400 nits, 100% DCI-P3"
"68c5583b9869e837e80cea0f",154,"Laptop Msi Prestige 13 AI+ Evo A2VMG-040VN (Ultra 7-258V/ Onboard graphics/ 16GB/ 1TB/ Windows 11)","Msi","Student",36379000,"Intel® Core™ Ultra 7-258V","Onboard graphics","16GB Onboard 8533MHz LPDDR5x","","","13.3"" 2.8K (2880 x 1800) OLED, 60Hz, Màn hình chống lóa, 100% DCI-P3"
"68c5583b9869e837e80cea10",155,"Laptop Msi Prestige 16 AI+ Evo B2VMG-016VN (Ultra 9-288V/ Onboard graphics/ 32GB/ 1TB/ Windows 11)","Msi","Student",43190000,"Intel® Core™ Ultra 9-288V","Onboard&nbsp;","32GB Onboard 8533MHz LPDDR5x","","","16"" UHD+ (3840 x 2400) OLED,&nbsp;"
"68c5583b9869e837e80cea11",156,"Laptop Dell Latitude 3450 L3450-1335U-16512W (i5-1335U/ Onboard graphics/ 16GB/ 512GB/ Windows 11)","Dell","Business",18590000,"Intel® Core™ i5-1335U","Onboard graphics&nbsp;","2 x 8GB 5200MHz DDR5","","","14"" Full HD (1920 x 1080) IPS, 60Hz, 250 nits, 45% NTSC"
"68c5583b9869e837e80cea12",157,"Laptop Lenovo ThinkPad X13 Gen 5 - 21LU004SVN (Ultra 5-125U/ Onboard graphics/ 32GB/ 1TB/ Windows 11)","Lenovo","Business",35490000,"Intel® Core™ Ultra 5-125U","Onboard graphics&nbsp;","32GB Onboard 6400MHz LPDDR5x","","","13.3"" WUXGA (1920 x 1200) IPS, Màn hình chống lóa, 300 nits, 100% sRGB"
"68c5583b9869e837e80cea13",158,"Laptop Lenovo ThinkPad X13 Gen 5 - 21LU004NVN (Ultra 5-125U/ Onboard graphics/ 16GB/ 512GB/ Windows 11)","Lenovo","Business",31790000,"Intel® Core™ Ultra 5-125U","Onboard&nbsp;","16GB Onboard 6400MHz LPDDR5x","","","13.3"" WUXGA (1920 x 1200) IPS, 60Hz, Màn hình chống lóa, 300 nits, 100% sRGB"
"68c5583b9869e837e80cea14",159,"Laptop Lenovo ThinkPad E16 Gen 2 - 21MA004PVN (Ultra 7-155H/ Onboard graphics/ 32GB/ 1TB/ Windows 11)","Lenovo","Business",30990000,"Intel® Core™ Ultra 7-155H","Onboard graphics&nbsp;","2 x 16GB 5600MHz DDR5","","","16"" WQXGA (2560 x 1600) IPS, Màn hình chống lóa, 400 nits, 100% sRGB"
"68c5583b9869e837e80cea15",160,"Laptop Lenovo ThinkPad E16 Gen 2 - 21MA004JVN (Ultra 7-155U/ Onboard graphics/ 16GB/ 1TB/ Windows 11)","Lenovo","Business",27990000,"Intel® Core™ Ultra 7-155U","Onboard graphics&nbsp;","1 x 16GB 5600MHz DDR5","","","16"" WUXGA (1920 x 1200) IPS, Màn hình chống lóa, 300 nits, 45% NTSC"
"68c5583b9869e837e80cea16",161,"Laptop Acer Swift 14 AI SF14-51-75VP (Ultra 7-258V/ Onboard graphics/ 32GB/ 1TB/ Windows 11)","Acer","Ultrabook",38890000,"Intel® Core™ Ultra 7-258V","Onboard graphics","32GB Onboard 8533MHz LPDDR5x","","","14"" 2.8K (2880 x 1800) OLED, 90Hz, 400 nits, 100% DCI-P3"
"68c5583b9869e837e80cea17",162,"Laptop Lenovo ThinkPad T14s Gen 5 - 21LS0062VN (Ultra 7-155U/ Onboard graphics/ 32GB/ 1TB/ Windows 11)","Lenovo","Business",43990000,"Intel® Core™ Ultra 7-155U","Onboard&nbsp;","32GB Onboard 6400MHz LPDDR5x","","","14"" 2.8K (2880 x 1800) OLED, 120Hz, Màn hình chống lóa, 400 nits, 100% DCI-P3"
"68c5583b9869e837e80cea18",163,"Laptop Acer Swift 14 AI SF14-51-53P9 (Ultra 5-226V/ Onboard graphics/ 16GB/ 1TB/ Windows 11)","Acer","Ultrabook",34090000,"Intel® Core™ Ultra 5-226V","Onboard graphics","16GB Onboard 8533MHz LPDDR5x","","","14"" 2.8K (2880 x 1800) OLED, 90Hz, 400 nits, 100% DCI-P3"
"68c5583b9869e837e80cea19",164,"Laptop Msi Stealth A16 AI+ A3XVGG - 208VN (Ryzen AI 9 HX 370/ GeForce RTX™ 4070/ 32GB/ 2TB/ Windows 11)","Msi","Gaming",68990000,"AMD Ryzen™ AI 9 HX 370","GeForce RTX™ 4070 8GB GDDR6","32GB Onboard 7500MHz LPDDR5x","","","16"" WQUXGA (3840 x 2400) 120Hz, 100% DCI-P3"
"68c5583b9869e837e80cea1a",165,"Laptop Acer Swift Lite 14 AI SFL14-51M-78XZ (Ultra 7-155U/ Onboard graphics/ 16GB/ 512GB/ Windows 11)","Acer","Ultrabook",20990000,"Intel® Core™ Ultra 7-155U","Onboard graphics","2 x 8GB 5600MHz DDR5","","","14"" WUXGA (1920 x 1200) IPS, 60Hz, 300 nits, Acer ComfyView, 45% NTSC"
"68c5583b9869e837e80cea1b",166,"Laptop Msi Cyborg 14 A13UDX-099VN (i7-13620H/ GeForce RTX™ 3050/ 16GB/ 512GB/ Windows 11)","Msi","Gaming",23690000,"Intel Core i7-13620H","GeForce RTX™ 3050 6GB GDDR6, 143 AI TOPs","2 x 8GB 5200MHz DDR5","","","14"" WUXGA (1920 x 1200) IPS, 144Hz,"
"68c5583b9869e837e80cea1c",167,"Apple MacBook Pro M4 Pro 16.2 inch (14CPU / 20GPU/ 24GB/ 512GB)","Apple","Creative",62490000,"Apple M4 Pro","Onboard graphics","24GB / 512GB SSD","","","16.2"" (3456 x 2234) Liquid Retina XDR"
"68c5583b9869e837e80cea1d",168,"Apple MacBook Pro M4 Pro 14.2 inch (12CPU / 16GPU/ 24GB/ 512GB)","Apple","Creative",47490000,"Apple M4 Pro","Onboard graphics","24GB / 512GB SSD","","","14.2"" (3024 x 1964) Liquid Retina XDR"
"68c5583b9869e837e80cea1e",169,"Apple MacBook Pro M4 14.2 inch (10CPU/ 10GPU/ 16GB/ 512GB)","Apple","Creative",37790000,"Apple M4","Onboard graphics","16GB / 512GB SSD","","","14.2 inch (3024 x 1964) Liquid Retina XDR"
"68c5583b9869e837e80cea1f",170,"Laptop Acer Swift X 14 AI SFX14-72G-79UW (Ultra 7-155H/ GeForce RTX™ 4070/ 32GB/ 1TB/ Windows 11)","Acer","Gaming",52490000,"Intel® Core™ Ultra 7-155H","GeForce RTX™ 4070 8GB GDDR6","32GB Onboard 6400MHz LPDDR5x","","","14.5"" 2.8K (2880 x 1800) OLED, 120Hz, Màn hình chống lóa, 400 nits, 100% DCI-P3"
"68c5583b9869e837e80cea20",171,"Laptop Acer Swift X 14 AI SFX14-72G-708X (Ultra 7-155H/ GeForce RTX™ 4060/ 32GB/ 1TB/ Windows 11)","Acer","Gaming",46190000,"Intel® Core™ Ultra 7-155H","GeForce RTX™ 4060 8GB GDDR6","32GB Onboard 6400MHz LPDDR5x","","","14.5"" 2.8K (2880 x 1800) OLED, 120Hz, Màn hình chống lóa, 400 nits, 100% DCI-P3"
"68c5583b9869e837e80cea21",172,"Laptop Msi Modern 15 F13MG-082VN (i5-1335U/ Onboard graphics/ 16GB/ 512GB/ Windows 11)","Msi","Student",12990000,"Intel® Core™ i5-1335U","Onboard graphics","2 x 8GB 3200MHz DDR4","","","15.6"" Full HD (1920 x 1080) IPS, 60Hz, Màn hình chống lóa, 62.5% sRGB"
"68c5583b9869e837e80cea22",173,"Laptop Acer Swift X 14 OLED SFX14-72G-77F9 (Ultra 7-155H/ GeForce RTX™ 4050/ 32GB/ 1TB/ Windows 11)","Acer","Gaming",43790000,"Intel® Core™ Ultra 7-155H","GeForce RTX™ 4050 6GB GDDR6, 194 AI TOPs","32GB Onboard 6400MHz LPDDR5x","","","14.5"" 2.8K (2880 x 1800) OLED, 120Hz, 400 nits, 100% DCI-P3"
"68c5583b9869e837e80cea23",174,"Laptop Asus Zenbook S 14 UX5406SA-PV140WS (Ultra 7-258V/ Onboard graphics/ 32GB/ 1TB/ Windows 11 + Office + Microsoft)","Asus","Ultrabook",40790000,"Intel® Core™ Ultra 7 258V (12MB Cache, 1.8 Ghz lên tới 4.8 GHz, 8 nhân, 8 luồng), total có thể lên đến 120 TOPs","&nbsp;Intel® Arc™","1 x 32GB 8533MHz LPDDR5x (Hỗ trợ tối đa 32GB)","","","14"" 3K (2880 x 1800) OLED 16:10 120Hz, 500nits HDR, độ phủ màu 100% DCI-P3, Low blue light giảm 70% ánh sáng xanh"
"68c5583b9869e837e80cea24",175,"Laptop Msi Prestige 14 AI Studio C1VEG-056VN (Ultra 7-155H/ GeForce RTX™ 4050/ 32GB/ 1TB/ Windows 11)","Msi","Gaming",34390000,"Intel Core Ultra 7-155H","GeForce RTX 4050 6GB GDDR6","2 x 16GB 5600MHz DDR5","","","14"" 2.8K (2880 x 1800) IPS, Màn hình chống lóa, 400 nits, 100% DCI-P3"
"68c5583b9869e837e80cea25",176,"Laptop Msi Prestige 14 AI Studio C1UDXG-058VN (Ultra 7-155H/ GeForce RTX™ 3050/ 16GB/ 1TB/ Windows 11)","Msi","Gaming",28490000,"Intel® Core™ Ultra 7-155H","GeForce RTX™ 3050 6GB GDDR6, 143 AI TOPs","1 x 16GB 5600MHz DDR5","","","14"" WUXGA (1920 x 1200) IPS, Màn hình chống lóa, 100% sRGB"
"68c5583b9869e837e80cea26",177,"Laptop Acer Swift Lite 14 SFL14-51M-56HS (Ultra 5-125U/ Onboard graphics/ 16GB/ 512GB/ Windows 11)","Acer","Ultrabook",18490000,"Intel® Core™ Ultra 5-125U","Onboard graphics","2 x 8GB 5600MHz DDR5","","","14"" WUXGA (1920 x 1200) IPS, 60Hz, 300 nits, Acer ComfyView, 45% NTSC"
"68c5583b9869e837e80cea27",178,"Laptop Asus TUF Gaming A14 FA401WV-RG062WS (Ryzen AI 9 HX 370/ GeForce RTX™ 4060/ 16GB/ 1TB/ Windows 11 + Office)","Asus","Gaming",42390000,"AMD Ryzen™ AI 9 HX 370","NVIDIA® GeForce RTX™ 4060 (2225Mhz @ 100W, 8GB GDDR6)","2 x 8GB Onbard 7500MHz LPDDR5x","","","14-inch, 2.5K (2560 x 1600), 16:10, IPS, chống chói, sRGB 100%, 165Hz, G-Sync, MUX Switch"
"68c5583b9869e837e80cea28",179,"Laptop Asus TUF Gaming A15 FA507NUR-LP101W (Ryzen 7 7435HS/ GeForce RTX™ 4050/ 16GB/ 512GB/ Windows 11)","Asus","Gaming",23990000,"AMD Ryzen™ 7 7435HS","GeForce RTX™ 4050 6GB GDDR6, 194 AI TOPs","1 x 16GB 4800MHz DDR5","","","15.6"" Full HD (1920 x 1080) IPS, 144Hz, 250 nits, G-Sync, 100% sRGB"
"68c5583b9869e837e80cea29",180,"Laptop Asus TUF Gaming A15 FA507NVR-LP091W (Ryzen 7 7435HS/ GeForce RTX™ 4060/ 16GB/ 512GB/ Windows 11 Home)","Asus","Gaming",25990000,"AMD Ryzen™ 7 7435HS","GeForce RTX™ 4060 8GB GDDR6","1 x 16GB 4800MHz DDR5","","","15.6"" Full HD (1920 x 1080) IPS, 144Hz, Màn hình chống lóa, 250 nits, G-Sync, 100% sRGB"
"68c5583b9869e837e80cea2a",181,"Laptop Acer Swift Go AI OLED SFG14-73-57FZ (Ultra 5-125H/ Onboard graphics/ 16GB/ 512GB/ Windows 11)","Acer","Ultrabook",23290000,"Intel® Core™ Ultra 5-125H","Onboard graphics","16GB Onboard 6400MHz LPDDR5","","","14"" 2.8K (2880 x 1800) OLED, 90Hz, 400 nits, 100% DCI-P3"
"68c5583b9869e837e80cea2b",182,"Laptop Acer Swift Go AI OLED SFG14-73-75YM (Ultra 7-155H/ Onboard graphics/ 16GB/ 512GB/ Windows 11)","Acer","Ultrabook",26190000,"Intel® Core™ Ultra 7-155H","Onboard graphics","16GB Onboard 6400MHz LPDDR5","","","14"" 2.8K (2880 x 1800) OLED, 90Hz, 400 nits, 100% DCI-P3"
"68c5583b9869e837e80cea2c",183,"Laptop Msi Cyborg 14 A13VE - 090VN (i7-13620H/ GeForce RTX™ 4050/ 16GB/ 512GB/ Windows 11)","Msi","Gaming",23990000,"Intel® Core™ i7-13620H","GeForce RTX™ 4050 6GB GDDR6, 194 AI TOPs","2 x 8GB 5200MHz DDR5","","","14"" WUXGA (1920 x 1200) IPS, 144Hz, 100% sRGB"
"68c5583b9869e837e80cea2d",184,"Laptop Lenovo ThinkPad E16 G2 T - 21MA004HVN (Ultra 7-155U/ Onboard graphics/ 16GB/ 512GB/ Windows 11)","Lenovo","Business",28590000,"Intel® Core™ Ultra 7-155U","Onboard&nbsp;","1 x 16GB 5600MHz DDR5","","","16"" WUXGA (1920 x 1200) IPS, Màn hình chống lóa, 300 nits, 45% NTSC"
"68c5583b9869e837e80cea2e",185,"Laptop Acer Nitro V 15 ProPanel ANV15-41-R7AP (Ryzen 5 7535HS/ GeForce RTX™ 2050/ 16GB/ 512GB/ Windows 11)","Acer","Gaming",17490000,"AMD Ryzen™ 5 7535HS","GeForce RTX™ 2050 4GB GDDR6, 104 AI TOPs","2 x 8GB 4800MHz DDR5","","","15.6"" Full HD (1920 x 1080) IPS, 180Hz, 300 nits, Acer ComfyView, 100% sRGB"
"68c5583b9869e837e80cea2f",186,"Laptop Acer Nitro V 16 ProPanel ANV16-41-R36Y (Ryzen 7 8845HS/ GeForce RTX™ 4050/ 16GB/ 512GB/ Windows 11)","Acer","Gaming",27490000,"AMD Ryzen™ 7 8845HS 8 nhân 16 luồng, xung nhịp tối đa 5.10 GHz, tích hợp NPU","NVIDIA GeForce RTX™ 4050 6GB GDDR6, hỗ trợ Ray Tracing và DLSS 3.5","Unknown RAM","","","Màn hình 16 inch WUXGA (1920 x 1200) IPS,165Hz, 300nits, 100% sRGB, 3ms"
"68c5583b9869e837e80cea30",187,"Laptop Acer Nitro V 16 ProPanel ANV16-41-R6ZY (Ryzen 5 8645HS/ GeForce RTX™ 3050/ 16GB/ 512GB/ Windows 11)","Acer","Gaming",23590000,"AMD Ryzen™ 5 8645HS","GeForce RTX™ 3050 6GB GDDR6, 143 AI TOPs","1 x 16GB 5600MHz DDR5","","","16"" WUXGA (1920 x 1200) IPS, 165Hz, 300 nits, Acer ComfyView, 100% sRGB"
"68c5583b9869e837e80cea31",188,"Laptop LG Gram 14Z90S-G.AH75A5 (Ultra 7-155H/ Onboard graphics/ 16GB/ 512GB/ Windows 11)","LG","Ultrabook",24990000,"Intel® Core™ Ultra 7-155H","Onboard graphics","2 x 8GB 6400MHz LPDDR5x","","","14"" WUXGA (1920 x 1200) IPS, 60Hz, Màn hình chống lóa, 350 nits, 99% DCI-P3"
"68c5583b9869e837e80cea32",189,"Laptop LG Gram 16Z90S-G.AH76A5 (Ultra 7-155H/ Onboard graphics/ 16GB/ 512GB/ Windows 11)","LG","Ultrabook",32990000,"Intel® Core™ Ultra 7-155H","Onboard&nbsp;","2 x 8GB Onbard 7467MHz LPDDR5x","","","16"" WQXGA (2560 x 1600) IPS, Màn hình chống lóa, 400 nits, 99% DCI-P3"
"68c5583b9869e837e80cea33",190,"Laptop LG Gram 15Z90ST-G.AH75A5 (Ultra 7-155H/ Onboard graphics/ 16GB/ 512GB/ Windows 11)","LG","Ultrabook",34490000,"Intel® Core™ Ultra 7-155H","Onboard graphics","2 x 8GB Onbard 7467MHz LPDDR5x","","","15.6"" Full HD (1920 x 1080) OLED, 60Hz, 400 nits, 100% DCI-P3"
"68c5583b9869e837e80cea34",191,"Laptop LG Gram 14Z90S-G.AH55A5 (Ultra 5-125H/ Onboard graphics/ 16GB/ 512GB/ Windows 11)","LG","Ultrabook",22990000,"Intel® Core™ Ultra 5-125H","Onboard&nbsp;","2 x 8GB Onbard 6400MHz LPDDR5x","","","14"" WUXGA (1920 x 1200) IPS, Màn hình chống lóa, 350 nits, 99% DCI-P3"
"68c5583b9869e837e80cea35",192,"Laptop LG Gram 16Z90SP-K.AH75A5 (Ultra 7-155H/ Onboard graphics/ 16GB/ 512GB/ Windows 11)","LG","Ultrabook",37990000,"Intel® Core™ Ultra 7-155H","Onboard graphics","2 x 8GB Onbard 7467MHz LPDDR5x","","","16"" WQXGA (2560 x 1600) OLED, 60Hz, Màn hình chống lóa, 400 nits, 100% DCI-P3"
"68c5583b9869e837e80cea36",193,"Laptop LG Gram 14T90S-G.AH55A5 (Ultra 5-125H/ Onboard graphics/ 16GB/ 512GB/ Windows 11)","LG","Ultrabook",26490000,"Intel® Core™ Ultra 5-125H","Onboard graphics","2 x 8GB Onbard 7467MHz LPDDR5x","","","14"" WUXGA (1920 x 1200) IPS, 60Hz, Màn hình chống lóa, 350 nits, 99% DCI-P3"
"68c5583b9869e837e80cea37",194,"Laptop LG Gram 17Z90S-G.AH78A5 (Ultra 7-155H/ Onboard graphics/ 16GB/ 1TB/ Windows 11)","LG","Ultrabook",35990000,"Intel® Core™ Ultra 7-155H","Onboard graphics","2 x 8GB Onboard 7467MHz","","","17"" WQXGA (2560 x 1600) IPS, 60Hz, Màn hình chống lóa, 400 nits, 99% DCI-P3"
"68c5583b9869e837e80cea38",195,"Laptop HP Probook 440 G11 - A74B5PT (Ultra 5-125U/ Onboard graphics/ 16GB/ 512GB/ Windows 11)","HP","Business",21590000,"Intel® Core™ Ultra 5 125U, P-core 1.3GHz up to 4.3GHz, E-core 800MHz up to 3.6GHz, 12MB","Intel® Graphics","16 GB DDR5-5600 MHz RAM&nbsp;","","","14"" diagonal, WUXGA (1920 x 1200), IPS, narrow bezel, anti-glare, 300 nits, 45% NTSC"
"68c5583b9869e837e80cea39",196,"Laptop HP 15-fd1045TU - 9Z2X1PA (Core 5 120U/ Onboard graphics/ 16GB/ 512GB/ Windows 11)","HP","Student",16490000,"Intel® Core™ 5 120U","Onboard graphics","2 x 8GB 3200MHz DDR4","","","15.6"" Full HD (1920 x 1080) IPS, 60Hz, 250 nits, 45% NTSC"
"68c5583b9869e837e80cea3a",197,"Laptop HP Envy X360 14-fa0047AU - A19BPPA (Ryzen 7 8840HS/ Onboard graphics/ 16GB/ 1TB/ Windows 11)","HP","Ultrabook",32990000,"AMD Ryzen™ 7 8840HS","Onboard graphics","16GB Onboard 6400MHz LPDDR5","","","14"" 2.8K (2880 x 1800) OLED, 120Hz, Màn hình gương, 500 nits, 100% DCI-P3"
"68c5583b9869e837e80cea3b",198,"Laptop HP Probook 440 G11 - A74BHPT (Ultra 7-155U/ Onboard graphics/ 16GB/ 512GB/ Windows 11)","HP","Business",25190000,"Intel® Core™ Ultra 7-155U","Onboard graphics","1 x 16GB 5600MHz DDR5","","","14"" WUXGA (1920 x 1200) IPS, 60Hz,"
"68c5583b9869e837e80cea3c",199,"Laptop Asus Gaming Vivobook 16X K3605ZU-RP296W (i5-12500H/ GeForce RTX™ 4050/ 16GB/ 512GB/ Windows 11)","Asus","Gaming",21490000,"Intel® Core™ i5-12500H","GeForce RTX™ 4050 6GB GDDR6, 194 AI TOPs","1 x 16GB DDR4","","","16"" WUXGA (1920 x 1200) IPS, 144Hz, Màn hình chống lóa, 300 nits, 45% NTSC"
"68c5583b9869e837e80cea3d",200,"Laptop Dell Inspiron 15 3530 N3530-i5U165W11SLU (i5-1334U/ Onboard graphics/ 16GB/ 512GB/ Windows 11 + Office)","Dell","Student",16290000,"Intel® Core™ i5-1334U","Onboard graphics","2 x 8GB 2666MHz DDR4","","","15.6"" Full HD (1920 x 1080) WVA, 120Hz, Màn hình chống lóa, 250 nits,"
"68c5583b9869e837e80cea3e",201,"Laptop Msi Stealth 14 AI Studio A1VFG-085VN (Ultra 7-155H/ GeForce RTX™ 4060/ 32GB/ 1TB/ Windows 11)","Msi","Gaming",45990000,"Intel® Core™ Ultra 7-155H","GeForce RTX™ 4060 8GB GDDR6","2 x 16GB 5600MHz DDR5","","","14"" 2.8K (2880 x 1800) OLED, 100% DCI-P3"
"68c5583b9869e837e80cea3f",202,"Laptop Msi Sword 16 HX B14VEKG-459VN (i7-14700HX/ GeForce RTX™ 4050/ 16GB/ 1TB/ Windows 11)","Msi","Gaming",32990000,"Intel® Core™ i7-14700HX","GeForce RTX™ 4050 6GB GDDR6, 194 AI TOPs","2 x 8GB 5600MHz DDR5","","","16"" WUXGA (1920 x 1200) IPS, 144Hz, 100% DCI-P3"
"68c5583b9869e837e80cea40",203,"Laptop Acer Predator Helios Neo 14 PHN14-51-96HG (Ultra 9-185H/ GeForce RTX™ 4070/ 32GB/ 1TB/ Windows 11)","Acer","Gaming",58390000,"Intel® Core™ Ultra 9 185H (16 nhân 22 luồng, 5.1GHz, nhân NPU AI)","NVIDIA® GeForce RTX™ 4070 8GB GDDR6 (DLSS 3.5, Ray Tracing, Max-Q)","Unknown RAM","","","14.5"" WQXGA+ (3072x1920) IPS, 165Hz, 100% sRGB"
"68c5583b9869e837e80cea41",204,"Laptop HP Victus 16-r0216TX - 9Q973PA (i5-13500H/ GeForce RTX™ 3050/ 32GB/ 512GB/ Windows 11)","HP","Gaming",24290000,"Intel® Core™ i5-13500H","GeForce RTX™ 3050 6GB GDDR6, 143 AI TOPs","2 x 16GB 5200MHz DDR5","","","16.1"" Full HD (1920 x 1080) IPS, 144Hz, Màn hình chống lóa, 250 nits, 45% NTSC"
"68c5583b9869e837e80cea42",205,"Laptop HP Victus 16-r0128TX - 8C5N3PA (i5-13450HX/ GeForce RTX™ 4050/ 16GB/ 512GB/ Windows 11)","HP","Gaming",25290000,"Intel® Core™ i5-13450HX","GeForce RTX™ 4050 6GB GDDR6, 194 AI TOPs","2 x 8GB 4800MHz DDR5","","","16.1"" Full HD (1920 x 1080) IPS, 144Hz, Màn hình chống lóa, 250 nits, 45% NTSC"
"68c5583b9869e837e80cea43",206,"Laptop HP Pavilion X360 14-ek2013TU - 9Z2V4PA (Core 7 150U/ Onboard graphics/ 16GB/ 512GB/ Windows 11)","HP","Student",23590000,"Intel® Core™ 7 150U","Onboard graphics","16GB Onboard 3200MHz DDR4","","","14"" Full HD (1920 x 1080) IPS, 60Hz, Màn hình gương, 300 nits, 62.5% sRGB"
"68c5583b9869e837e80cea44",207,"Laptop HP 15-fd1043TU - 9Z2W9PA (Core 5 120U/ Onboard graphics/ 16GB/ 1TB/ Windows 11)","HP","Student",17490000,"Intel® Core™ 5 120U","Onboard graphics","2 x 8GB 3200MHz DDR4","","","15.6"" Full HD (1920 x 1080) IPS, 60Hz, 250 nits, 45% NTSC"
"68c5583b9869e837e80cea45",208,"Laptop HP Spectre x360 14-eu0051TU - A2NL3PA (Ultra 7-155H/ Onboard graphics/ 16GB/ 1TB/ Windows 11)","HP","Ultrabook",50690000,"Intel® Core™ Ultra 7-155H","Onboard&nbsp;","16GB Onboard 7467MHz LPDDR5x","","","14"" 2.8K (2880 x 1800) OLED, 500 nits, 100% DCI-P3"
"68c5583b9869e837e80cea46",209,"Laptop HP Victus 16-r0231TX - 9Q982PA (i5-13500H/ GeForce RTX™ 3050/ 32GB/ 512GB/ Windows 11)","HP","Gaming",23590000,"Intel® Core™ i5-13500H","GeForce RTX™ 3050 6GB GDDR6, 143 AI TOPs","2 x 16GB 5200MHz DDR5","","","16.1"" Full HD (1920 x 1080) IPS, 144Hz, Màn hình chống lóa, 250 nits, 45% NTSC"
"68c5583b9869e837e80cea47",210,"Laptop HP 14-ep1011TU - 9Z2W3PA (Core 5 120U/ Onboard graphics/ 16GB/ 512GB/ Windows 11)","HP","Student",16290000,"Intel® Core™ 5 120U","Onboard graphics","2 x 8GB DDR4","","","14"" Full HD (1920 x 1080) IPS, 60Hz, 250 nits, 62.5% sRGB"
"68c5583b9869e837e80cea48",211,"Laptop HP 14-ep1007TU - 9Z2W1PA (Core 7 150U/ Onboard graphics/ 16GB/ 512GB/ Windows 11)","HP","Student",20590000,"Intel® Core™ 7 150U","Onboard graphics","2 x 8GB 3200MHz DDR4","","","14"" Full HD (1920 x 1080) 60Hz, 250 nits, 62.5% sRGB"
"68c5583b9869e837e80cea49",212,"Laptop Dell Inspiron 15 3520 - 25P2312 (i5-1235U/ Onboard graphics/ 16GB/ 512GB/ Windows 11 + Office)","Dell","Student",15490000,"Intel® Core™ i5-1235U","Onboard graphics","2 x 8GB 2666MHz DDR4","","","15.6"" Full HD (1920 x 1080) WVA, 120Hz, 250 nits,"
"68c5583b9869e837e80cea4a",213,"Laptop HP Victus 16-r0225TX - 9Q976PA (i7-13700H/ GeForce RTX™ 4050/ 32GB/ 512GB/ Windows 11)","HP","Gaming",31390000,"Intel® Core™ i7-13700H","GeForce RTX™ 4050 6GB GDDR6, 194 AI TOPs","2 x 16GB 5200MHz DDR5","","","16.1"" Full HD (1920 x 1080) IPS, 144Hz, 250 nits, 45% NTSC"
"68c5583b9869e837e80cea4b",214,"Laptop Lenovo IdeaPad Slim 5 14IMH9 - 83DA006UVN (Ultra 7-155H/ Onboard graphics/ 16GB/ 512GB/ Windows 11)","Lenovo","Ultrabook",23990000,"Ultra 7-155H","Onboard graphics","16GB Onboard 7467MHz LPDDR5x","","","14"" WUXGA (1920 x 1200) OLED, 400 nits, 100% DCI-P3"
"68c5583b9869e837e80cea4c",215,"Laptop Lenovo LOQ 15IAX9 - 83GS001SVN (i5-12450HX/ GeForce RTX™ 2050/ 12GB/ 512GB/ Windows 11)","Lenovo","Gaming",20090000,"Intel® Core™ i5-12450HX (8 nhân, 12 luồng, 4.40 GHz, 12MB Cache)","NVIDIA® GeForce RTX™ 2050 4GB GDDR6","12GB SO-DIMM DDR5-4800 (tối đa 32GB)","","","15.6"" FHD (1920 x 1080), IPS, 300 nits, 144Hz, 100% sRGB, G-SYNC®"
"68c5583b9869e837e80cea4d",216,"Laptop Lenovo Legion Pro 7 16IRX9H - 83DE001NVN (i9-14900HX/ GeForce RTX™ 4080/ 32GB/ 1TB/ Windows 11)","Lenovo","Gaming",80990000,"Intel Core i9-14900HX","GeForce RTX™ 4080 12GB GDDR6","2 x 16GB 5600MHz DDR5 (tối đa 32GB)","","","16"" WQXGA (2560 x 1600) IPS, 240Hz, Chống lóa, 300 nits,"
"68c5583b9869e837e80cea4e",217,"Laptop Dell Gaming G15 5530 (G15-5530-i7H161W11GR4060) (i7-13650HX/ GeForce RTX™ 4060/ 16GB/ 1TB/ Windows 11 + Office)","Dell","Gaming",36890000,"Intel® Core™ i7-13650HX","GeForce RTX™ 4060 8GB GDDR6, 233 AI TOPS","1 x 16GB 4800MHz DDR5","","","15.6"" Full HD (1920 x 1080) 165Hz, ComfortView Plus, 100% sRGB"
"68c5583b9869e837e80cea4f",218,"Laptop Dell Inspiron 15 3530 (N3530-i3U085W11SLU) (i3-1305U/ Onboard graphics/ 8GB/ 512GB/ Windows 11 + Office)","Dell","Student",12490000,"Intel® Core™ i3-1305U","Onboard graphics","1 x 8GB 2666MHz DDR4","","","15.6"" Full HD (1920 x 1080) WVA, 120Hz, Màn hình chống lóa, 250 nits,"
"68c5583b9869e837e80cea50",219,"Laptop Asus Vivobook S 16 OLED S5606MA-MX051W (Ultra 7-155H/ Onboard graphics/ 16GB/ 512GB/ Windows 11)","Asus","Student",25190000,"Intel® Core™ Ultra 7 155H (16 nhân, 22 luồng, 1.4 GHz-4.8 GHz, 24MB Cache)","Intel® Arc™","16GB LPDDR5X","","","16 inch OLED 3.2K (3200 x 2000), 120Hz, 600 nits, 100% DCI-P3, True Black HDR 600, 1.07 tỷ màu"
"68c5583b9869e837e80cea51",220,"Laptop Asus Vivobook S 14 OLED S5406MA-PP136W (Ultra 5-125H/ Onboard graphics/ 16GB/ 1TB/ Windows 11)","Asus","Student",25590000,"Intel® Core™ Ultra 5-125H","Onboard graphics","16GB Onboard LPDDR5x","","","14"" 2.8K (2880 x 1800) OLED, 120Hz, Màn hình chống lóa, 600 nits, 100% DCI-P3"
"68c5583b9869e837e80cea52",221,"Laptop Dell Inspiron 5440 G14 - N4I7204W1 (Core 7 150U/ Onboard graphics/ 16GB/ 512GB/ Windows 11 +Office)","Dell","Student",23390000,"Intel® Core™ 7 150U","Onboard graphics","2 x 8GB 5200MHz DDR5","","","14"" WUXGA (1920 x 1200) IPS, 60Hz, Màn hình chống lóa, 250 nits, ComfyView, 45% NTSC"
"68c5583b9869e837e80cea53",222,"Laptop Dell Inspiron 5440 G14 - N4I5211W1 (Core 5 120U/ Onboard graphics/ 16GB/ 512GB/ Windows 11 + Office)","Dell","Student",20190000,"Intel® Core™ 5 120U","Onboard graphics","2 x 8GB 5200MHz DDR5","","","14"" WUXGA (1920 x 1200) IPS, 60Hz, Màn hình chống lóa, 250 nits, ComfyView, 45% NTSC"
"68c5583b9869e837e80cea54",223,"Laptop Acer Gaming Nitro V ANV15-51-53NE (i5-13420H/ GeForce RTX™ 2050/ 16GB/ 512GB/ Windows 11)","Acer","Gaming",17290000,"Intel Core i5-13420H","Onboard graphics","1 x 16GB DDR5 5200MHz","","","15.6"" IPS (1920 x 1080),144Hz"
"68c5583b9869e837e80cea55",224,"Laptop Acer Gaming Nitro V ANV15-51-91T5 (i9-13900H/ GeForce RTX™ 4060/ 16GB/ 512GB/ Windows 11)","Acer","Gaming",30790000,"Intel® Core™ i9-13900H","GeForce RTX™ 4060 8GB GDDR6, 233 AI TOPS","1 x 16GB 5200MHz DDR5","","","15.6"" Full HD (1920 x 1080) IPS, 144Hz, Acer ComfyView,"
"68c5583b9869e837e80cea56",225,"Laptop Msi Prestige 16 AI Studio B1VFG-082VN (Ultra 9-185H/ GeForce RTX™ 4060/ 32GB/ 1TB/ Windows 11)","Msi","Gaming",54890000,"Intel® Core™ Ultra 9-185H","GeForce RTX™ 4060 8GB GDDR6","32GB Onboard 6400MHz LPDDR5","","","16"" Ultra HD (4K) (3840 x 2400) OLED, 400 nits, 100% DCI-P3"
"68c5583b9869e837e80cea57",226,"Laptop Acer Swift Go AI 2024 Gen 2 SFG14-73-71ZX (Ultra 7-155H/ Onboard graphics/ 16GB/ 512GB/ Windows 11)","Acer","Ultrabook",24990000,"Intel® Core™ Ultra 7-155H","Onboard graphics","1 x 16GB 6400MHz LPDDR5x","","","14"" 2.8K (2880 x 1800) IPS, 120Hz, 400 nits, Acer ComfyView, 100% sRGB"
"68c5583b9869e837e80cea58",227,"Laptop Msi Cyborg 15 A13UC-861VN (i5-13420H/ GeForce RTX™ 3050/ 16GB/ 512GB/ Windows 11)","Msi","Gaming",18690000,"Intel® Core™ i5-13420H","GeForce RTX™ 3050 4GB GDDR6, 143 AI TOPs","2 x 8GB 5200MHz DDR5","","","15.6"" Full HD (1920 x 1080) IPS, Màn hình chống lóa,"
"68c5583b9869e837e80cea59",228,"Laptop Msi Prestige 13 AI Evo A1MG-062VN (Ultra 7-155H/ Onboard graphics/ 32GB/ 1TB/ Windows 11)","Msi","Student",31790000,"Intel® Core™ Ultra 7-155H","Onboard&nbsp;","32GB Onbard 6400MHz LPDDR5","","","13.3"" 2.8K (2880 x 1800) OLED, 100% DCI-P3"
"68c5583b9869e837e80cea5a",229,"Laptop HP 15-fd0235TU - 9Q970PA (i5-1334U/ Onboard graphics/ 16GB/ 512GB/ Windows 11)","HP","Student",14990000,"Intel® Core™ i5-1334U","Onboard graphics","2 x 8GB 3200MHz DDR4","","","15.6"" Full HD (1920 x 1080) IPS, 60Hz, 250 nits, 45% NTSC"
"68c5583b9869e837e80cea5b",230,"Laptop HP ProBook 440 G10 - 9H8U9PT (i7-1355U/ Onboard graphics/ 16GB/ 512GB/ Windows 11)","HP","Business",23290000,"Intel® Core™ i7-1355U","Onboard graphics","1 x 16GB 3200MHz DDR4","","","14"" Full HD (1920 x 1080) 60Hz,"
"68c5583b9869e837e80cea5c",231,"Laptop Lenovo Yoga Book 9 13IMU9 - 83FF001SVN (Ultra 7-155U/ Onboard graphics/ 32GB/ 1TB/ Windows 11 + Office)","Lenovo","Ultrabook",61990000,"Intel® Core™ Ultra 7-155U","Onboard graphics","32GB Onboard LPDDR5x","","","13.3"" 2.8K (2880 x 1800) IPS, 400 nits, 100% DCI-P3"
"68c5583b9869e837e80cea5d",232,"Laptop Lenovo Legion Pro 7 16IRX9H - 83DE001MVN (i9-14900HX/ GeForce RTX™ 4090/ 32GB/ 1TB/ Windows 11)","Lenovo","Gaming",98990000,"Intel Core i9-14900HX","GeForce RTX 4090 16GB GDDR6","2 x 16GB 5600MHz DDR5 (Tối đa 32GB)","","","16"" WQXGA (2560 x 1600) IPS, 240Hz, 500 nits, G-Sync, 100% DCI-P3"
"68c5583b9869e837e80cea5e",233,"Laptop HP Victus 16-s0140AX - 9Q987PA (Ryzen 7 7840HS/ GeForce RTX™ 4050/ 32GB/ 512GB/ Windows 11)","HP","Gaming",31590000,"AMD Ryzen™ 7 7840HS","GeForce RTX™ 4050 6GB GDDR6, 194 AI TOPs","2 x 16GB 5600MHz DDR5","","","16.1"" Full HD (1920 x 1080) IPS, 144Hz, Màn hình chống lóa, 250 nits, 45% NTSC"
"68c5583b9869e837e80cea5f",234,"Laptop HP Victus 16-r0229TX - 9Q980PA (i5-13500H/ GeForce RTX™ 4050/ 32GB/ 512GB/ Windows 11)","HP","Gaming",27990000,"Intel® Core™ i5-13500H","GeForce RTX™ 4050 6GB GDDR6, 194 AI TOPs","2 x 16GB 5200MHz DDR5","","","16.1"" Full HD (1920 x 1080) IPS, 144Hz, Màn hình chống lóa, 250 nits, 45% NTSC"
"68c5583b9869e837e80cea60",235,"Laptop HP Victus 16-r0228TX - 9Q979PA (i5-13500H/ GeForce RTX™ 4050/ 32GB/ 512GB/ Windows 11)","HP","Gaming",27990000,"Intel® Core™ i5-13500H","GeForce RTX™ 4050 6GB GDDR6, 194 AI TOPs","2 x 16GB 5200MHz DDR5","","","16.1"" Full HD (1920 x 1080) IPS, 144Hz, Màn hình chống lóa, 250 nits, 45% NTSC"
"68c5583b9869e837e80cea61",236,"Laptop Msi Sword 16 HX B14VFKG-045VN (i7-14700HX/ GeForce RTX™ 4060/ 16GB/ 1TB/ Windows 11)","Msi","Gaming",35990000,"Intel® Core™ i7-14700HX","GeForce RTX™ 4060 8GB GDDR6, 233 AI TOPS","2 x 8GB 5600MHz DDR5","","","16"" WQXGA (2560 x 1600) IPS, 240Hz, 100% DCI-P3"
"68c5583b9869e837e80cea62",237,"Laptop Msi Cyborg 15 AI A1VEK-053VN (Ultra 7-155H/ GeForce RTX™ 4050/ 16GB/ 512GB/ Windows 11)","Msi","Gaming",28490000,"Intel® Core™ Ultra 7-155H","GeForce RTX™ 4050 6GB GDDR6","2 x 8GB 5600MHz DDR5","","","15.6"" Full HD (1920 x 1080) IPS, 100% DCI-P3"
"68c5583b9869e837e80cea63",238,"Laptop Acer Nitro V ANV15-51-55CA (NH.QN8SV.004) (i5-13420H/ GeForce RTX™ 4050/ 16GB/ 512GB/ Windows 11)","Acer","Gaming",22490000,"Intel® Core™ i5-13420H","GeForce RTX™ 4050 6GB GDDR6, 194 AI TOPs","2 x 8GB 5200MHz DDR5","","","15.6"" Full HD (1920 x 1080) IPS, 144Hz, Acer ComfyView,"
"68c5583b9869e837e80cea64",239,"Laptop Asus Vivobook 15X OLED S3504VA-L1227WS (i7-1360P/ Onboard graphics/ 16GB/ 512GB/ Windows 11 + Office)","Asus","Student",20990000,"Intel® Core™ i7-1360P","Onboard graphics","2 x 8GB 3200MHz DDR4","","","15.6"" Full HD (1920 x 1080) OLED, 60Hz, 550 nits, 100% DCI-P3"
"68c5583b9869e837e80cea65",240,"Laptop Acer Aspire 7 A715-76-53PJ (NH.QGESV.007) (i5-12450H/ Onboard graphics/ 16GB/ 512GB/ Windows 11)","Acer","Student",12990000,"Intel® Core™ i5-12450H","Onboard graphics","2 x 8GB 3200MHz DDR4","","","15.6"" Full HD (1920 x 1080) IPS, 60Hz, Acer ComfyView,"
"68c5583b9869e837e80cea66",241,"Laptop Acer Aspire 5 A514-56P-55K5 (NX.KHRSV.003) (i5-1335U/ Onboard graphics/ 16GB/ 512GB/ Windows 11)","Acer","Student",13990000,"Intel® Core™ i5-1335U","Onboard graphics","16GB 6400MHz LPDDR5","","","14"" WUXGA (1920 x 1200) IPS, 60Hz, Acer ComfyView,"
"68c5583b9869e837e80cea67",242,"Laptop Acer Aspire 5 A514-56P-742F (NX.KHRSV.005) (i7-1355U/ Onboard graphics/ 16GB/ 512GB/ Windows 11)","Acer","Student",15490000,"Intel® Core™ i7-1355U","Onboard graphics","16GB 6400MHz LPDDR5","","","14"" WUXGA (1920 x 1200) IPS, 60Hz, 250 nits, Acer ComfyView, 45% NTSC"
"68c5583b9869e837e80cea68",243,"Laptop HP 15-fd0083TU - 8D736PA (i7-1355U/ Onboard graphics/ 16GB/ 512GB/ Windows 11)","HP","Student",18390000,"Intel® Core™ i7-1355U","Onboard graphics","2 x 8GB 3200MHz DDR4","","","15.6"" Full HD (1920 x 1080) IPS, 60Hz, 250 nits, 45% NTSC"
"68c5583b9869e837e80cea69",244,"Laptop HP Victus 16-s0077AX (8C5N6PA) (Ryzen 7 7840HS/ GeForce RTX™ 3050/ 16GB/ 512GB/ Windows 11)","HP","Gaming",22990000,"AMD Ryzen™ 7 7840HS","GeForce RTX™ 3050 6GB GDDR6, 143 AI TOPs","2 x 8GB 5600MHz DDR5","","","16.1"" Full HD (1920 x 1080) IPS, 144Hz, Màn hình chống lóa, 250 nits, 45% NTSC"
"68c5583b9869e837e80cea6a",245,"Laptop HP Pavilion 15-eg3095TU - 8C5L6PA (i5-1335U/ Onboard graphics/ 16GB/ 512GB/ Windows 11)","HP","Student",15790000,"Intel® Core™ i5-1335U","Onboard graphics","2 x 8GB 3200MHz DDR4","","","15.6"" Full HD (1920 x 1080) IPS, 60Hz, Màn hình chống lóa, 250 nits, 45% NTSC"
"68c5583b9869e837e80cea6b",246,"Laptop HP Victus 16-r0127TX - 8C5N2PA (i7-13700H/ GeForce RTX™ 4060/ 16GB/ 512GB/ Windows 11)","HP","Gaming",33190000,"Intel® Core™ i7-13700H","GeForce RTX™ 4060 8GB GDDR6, 233 AI TOPS","2 x 8GB 5200MHz DDR5","","","16.1"" Full HD (1920 x 1080) IPS, 144Hz, 250 nits, 45% NTSC"
"68c5583b9869e837e80cea6c",247,"Laptop HP ProBook 440 G10(873A2PA) (i3-1315U/ Onboard graphics/ 8GB/ 256GB/ Windows 11)","HP","Business",14290000,"Intel® Core™ i3-1315U","Onboard graphics","1 x 8GB 3200MHz DDR4","","","14"" Full HD (1920 x 1080) IPS, 60Hz,"
"68c5583b9869e837e80cea6d",248,"Laptop Dell Inspiron T7430 - N7430I58W1 (i5-1335U/ Onboard graphics/ 8GB/ 512GB/ Windows 11 + Office)","Dell","Student",18590000,"Intel® Core™ i5-1335U","Onboard graphics","8GB Onboard 4800MHz LPDDR5","","","14"" Full HD (1920 x 1080) WVA, 60Hz, 250 nits, ComfortView Plus, 45% NTSC"
"68c5583b9869e837e80cea6e",249,"Laptop Acer Nitro 5 Tiger AN515-58-5935 (NH.QLZSV.001) (i5-12450H/ GeForce RTX™ 4050/ 8GB/ 512GB/ Windows 11)","Acer","Gaming",21890000,"Intel® Core™ i5-12450H","GeForce RTX™ 4050 6GB GDDR6, 194 AI TOPs","1 x 8GB 4800MHz DDR5","","","15.6"" Full HD (1920 x 1080) IPS, 144Hz, 250 nits, Acer ComfyView, 45% NTSC"
"68c5583b9869e837e80cea6f",250,"Laptop Acer Gaming Aspire 7 A715-76G-5806 (i5-12450H/ GeForce RTX™ 3050/ 16GB/ 512GB/ Windows 11)","Acer","Gaming",17490000,"Intel® Core™ i5-12450H","GeForce RTX™ 3050 4GB GDDR6, 143 AI TOPs","2 x 8GB 3200MHz DDR4","","","15.6"" Full HD (1920 x 1080) IPS, 144Hz, Acer ComfyView,"
"68c5583b9869e837e80cea70",251,"Laptop Msi Prestige 13 Evo A13M -081VN (i7-1360P/ Onboard graphics/ 16GB/ 1TB/ Windows 11)","Msi","Student",24690000,"Intel® Core™ i7-1360P","Onboard graphics","16GB Onboard 4800MHz LPDDR5","","","13.3"" WUXGA (1920 x 1200) IPS, 60Hz, 100% sRGB"
"68c5583b9869e837e80cea71",252,"Laptop Asus Vivobook Go 14 E1404FA-NK177W (Ryzen 5 7520U/ Onboard graphics/ 16GB/ 512GB/ Windows 11)","Asus","Student",11490000,"AMD Ryzen™ 5 7520U","Onboard graphics","16GB Onboard 5500MHz LPDDR5","","","14"" Full HD (1920 x 1080) 60Hz, 45% NTSC"
"68c5583b9869e837e80cea72",253,"Laptop Dell Vostro 5630 (V5630-i5P085W11GRU) (i5-1340P/ Onboard graphics/ 8GB/ 512GB/ Windows 11+ Office)","Dell","Business",21590000,"Intel® Core™ i5-1340P","Onboard graphics","8GB Onboard 4800MHz LPDDR5","","","16"" WUXGA (1920 x 1200) WVA, 60Hz, Màn hình chống lóa,"
"68c5583b9869e837e80cea73",254,"Laptop Asus Vivobook X1504VA-NJ070W (i5-1335U/ Onboard graphics/ 16GB/ 512GB/ Windows 11)","Asus","Student",14490000,"Intel® Core™ i5-1335U","Onboard graphics","16GB (8GB + 8GB Onboard) 3200MHz DDR4","","","15.6"" Full HD (1920 x 1080) 60Hz, 45% NTSC"
"68c5583b9869e837e80cea74",255,"Laptop Msi Modern 15 B13M-438VN (i5-1335U/ Onboard graphics/ 8GB/ 512GB/ Windows 11)","Msi","Student",12190000,"Intel® Core™ i5-1335U","Onboard graphics","8GB Onboard 3200MHz DDR4","","","15.6"" Full HD (1920 x 1080) IPS, 60Hz,"
"68c5583b9869e837e80cea75",256,"Laptop Asus Vivobook A1405VA-KM095W (i5-13500H/ Onboard graphics/ 16GB/ 512GB/ Windows 11)","Asus","Student",17590000,"Intel® Core™ i5-13500H","Onboard graphics","16GB (8GB + 8GB Onboard) DDR4","","","14"" 2.8K (2880 x 1800) OLED, 90Hz, Màn hình gương, 600 nits, 100% DCI-P3"
"68c5583b9869e837e80cea76",257,"Laptop Asus Vivobook A1505VA-L1114W (i5-13500H/ Onboard graphics/ 16GB/ 512GB/ Windows 11)","Asus","Student",19990000,"Intel® Core™ i5-13500H","Onboard graphics","16GB (8GB + 8GB Onboard) DDR4","","","15.6"" Full HD (1920 x 1080) 60Hz, Màn hình gương, 600 nits, 100% DCI-P3"
"68c5583b9869e837e80cea77",258,"Laptop Msi Katana 15 B13VFK - 676VN (i7-13620H/ GeForce RTX™ 4060/ 16GB/ 1TB/ Windows 11)","Msi","Gaming",28390000,"Intel® Core™ i7-13620H","GeForce RTX™ 4060 8GB GDDR6, 233 AI TOPS","2 x 8GB 5200MHz DDR5","","","15.6"" Full HD (1920 x 1080) IPS, 144Hz,"
"68c5583b9869e837e80cea78",259,"Laptop HP Pavilion 14-dv2072TU (7C0W1PA) (i7-1255U/ Onboard graphics/ 8GB/ 512GB/ Windows 11)","HP","Student",15990000,"Intel® Core™ i7-1255U","Onboard graphics","2 x 4GB 3200MHz DDR4","","","14"" Full HD (1920 x 1080) IPS, 60Hz, 250 nits, 45% NTSC"
"68c5583b9869e837e80cea79",260,"Laptop Lenovo ThinkPad T14 Gen 6 - 21QC0007VA (Ultra 7-255H/ Onboard graphics/ 32GB/ 512GB/ Free DOS)","Lenovo","Business",36390000,"Intel® Core™ Ultra 7-255H","Onboard graphics","2 x 16GB 5600MHz DDR5","","","14"" WUXGA (1920 x 1200) IPS, 60Hz, Màn hình chống lóa, 400 nits, 45% NTSC"
"68c5583b9869e837e80cea7a",261,"Laptop Asus Zenbook 14 UX3407QA-QD347WS (Snapdragon X X1 26 100/ Onboard graphics/ 16GB/ 512GB/ Windows 11 + Office + Microsoft)","Asus","Ultrabook",29390000,"Snapdragon X X1 26 100","Onboard graphics","16GB Onboard LPDDR5x","","","14"" WUXGA (1920 x 1200) OLED, 60Hz, Màn hình chống lóa, 400 nits, 100% DCI-P3"
"68c5583b9869e837e80cea7b",262,"Laptop HP Probook 440 G11 - A74BLPA (Ultra 7-155H/ Onboard graphics/ 16GB/ 512GB/ Windows 11)","HP","Business",27790000,"Intel® Core™ Ultra 7-155H","Onboard graphics","1 x 16GB 5600MHz DDR5","","","14"" WUXGA (1920 x 1200) IPS, 60Hz,"
"68c5583b9869e837e80cea7c",263,"Laptop Msi Crosshair 16 HX AI D2XWGKG-071VN (Ultra 9-275HX/ GeForce RTX™ 5070/ 32GB/ 1TB/ Windows 11)","Msi","Gaming",49990000,"Intel® Core™ Ultra 9-275HX","GeForce RTX™ 5070 8GB GDDR7, 798 AI TOPs","2 x 16GB 6400MHz DDR5","","","16"" WQXGA (2560 x 1600) IPS, 240Hz, 100% DCI-P3"
"68c5583b9869e837e80cea7d",264,"Laptop Lenovo Yoga Slim 7 14IMH9 - 83CV00AJVN (Ultra 7-155H/ Onboard graphics/ 32GB/ 1TB/ Windows 11 + Office + Microsoft)","Lenovo","Ultrabook",26990000,"Intel® Core™ Ultra 7-155H","Onboard graphics","32GB Onbard 7467MHz LPDDR5x","","","14"" WUXGA (1920 x 1200) OLED, 60Hz, Màn hình gương, 400 nits, 100% DCI-P3"
"68c5583b9869e837e80cea7e",265,"Laptop Asus ROG Zephyrus G16 GU605CR-QR137W (Ultra 9-285H/ GeForce RTX™ 5070Ti/ 32GB/ 1TB/ Windows 11)","Asus","Gaming",78090000,"Intel® Core™ Ultra 9-285H","GeForce RTX™ 5070Ti 12GB GDDR7","32GB Onboard 7467MHz LPDDR5x","","","16"" WQXGA (2560 x 1600) OLED, 240Hz, Màn hình gương, 500 nits, G-Sync, 100% DCI-P3"
"68c5583b9869e837e80cea7f",266,"Laptop Asus ROG Zephyrus G14 GA403WR-QS103WS (Ryzen AI 9 HX 370/ GeForce RTX™ 5070Ti/ 32GB/ 1TB/ Windows 11 + Office + Microsoft)","Asus","Gaming",73390000,"AMD Ryzen™ AI 9 HX 370","GeForce RTX™ 5070Ti 12GB GDDR6","32GB Onboard 8000MHz LPDDR5x","","","14"" 3K (2880 x 1800) OLED, 120Hz, Màn hình gương, 500 nits, Adaptive Sync, 100% DCI-P3"
"68c5583b9869e837e80cea80",267,"Laptop Asus ROG Strix G16 G615LR-S5238W (Ultra 7-255HX/ GeForce RTX™ 5070Ti/ 32GB/ 1TB/ Windows 11)","Asus","Gaming",55590000,"Intel® Core™ Ultra 7-255HX","GeForce RTX™ 5070Ti 12GB GDDR7","1 x 32GB 5600MHz DDR5","","","16"" WQXGA (2560 x 1600) IPS, 240Hz, Màn hình chống lóa, 500 nits, G-Sync, 100% DCI-P3"
"68c5583b9869e837e80cea81",268,"Laptop Lenovo IdeaPad Slim 3 15IRH10 - 83K1002NVN (Core i5-13420H/ Onboard graphics/ 24GB/ 512GB/ Windows 11)","Lenovo","Ultrabook",18990000,"Intel® Core™ i5-13420H","Onboard graphics&nbsp;","24GB (16GB + 8GB Onboard) 4800MHz DDR5","","","15.1"" WQXGA (2560 x 1600) IPS, 165Hz, Màn hình chống lóa, 500 nits, 100% DCI-P3"
"68c5583b9869e837e80cea82",269,"Laptop Lenovo Yoga Slim 7-14IMH9 - 83CV008EVN (Ultra 5-125H/ Onboard graphics/ 16GB/ 1TB/ Windows 11 + Office + Microsoft)","Lenovo","Ultrabook",24490000,"Intel® Core™ Ultra 5-125H","Onboard graphics&nbsp;","16GB Onbard 7467MHz LPDDR5x(Hỗ trợ tối đa 16GB)","","","14"" WUXGA OLED, 60Hz, Màn hình gương, 100% DCI-P3"
"68c5583b9869e837e80cea83",270,"Laptop HP OmniBook Ultra Flip 14-fh0040TU - B13VHPA (Ultra 7-258V/ Onboard graphics/ 32GB/ 1TB/ Windows 11 + Office)","HP","Student",46290000,"Intel® Core™ Ultra 7-258V","Onboard&nbsp;","32GB Onboard 8533MHz LPDDR5","","","14"" 2.8K (2880 x 1800) OLED, 120Hz, Màn hình gương,&nbsp;"
"68c5583b9869e837e80cea84",271,"Laptop HP OmniBook Ultra Flip 14-fh0038TU - B2CP4PA (Ultra 9-288V/ Onboard graphics/ 32GB/ 1TB/ Windows 11 + Office)","HP","Student",49790000,"Intel® Core™ Ultra 9-288V","Onboard&nbsp;","32GB Onboard 8533MHz LPDDR5","","","14"" 2.8K (2880 x 1800) OLED, 120Hz, Màn hình gương,&nbsp;"
"68c5583b9869e837e80cea85",272,"Laptop HP Probook 460 G11 - A74C3PT (Ultra 7-155H/ Onboard graphics/ 16GB/ 512GB/ Windows 11)","HP","Business",24390000,"Intel® Core™ Ultra 7-155H","Onboard graphics","1 x 16GB 5600MHz DDR5","","","16"" WUXGA (1920 x 1200) IPS, 60Hz,"
"68c5583b9869e837e80cea86",273,"Laptop Asus ROG Zephyrus G16 GU605CX-QR083W (Ultra 9-285H/ GeForce RTX™ 5090/ 64GB/ 2TB/ Windows 11)","Asus","Gaming",124290000,"Intel® Core™ Ultra 9-285H","GeForce RTX™ 5090 24GB GDDR7","64GB Onboard 7467MHz LPDDR5x","","","16"" WQXGA (2560 x 1600) OLED, 240Hz, Màn hình gương, 500 nits, G-Sync, 100% DCI-P3"
"68c5583b9869e837e80cea87",274,"Laptop Asus ROG Strix SCAR 18 G835LW-SA172W (Ultra 9 275HX/ GeForce RTX™ 5080/ 64GB/ 4TB/ Windows 11)","Asus","Gaming",114890000,"Intel® Core™ Ultra 9-275HX","GeForce RTX™ 5080 16GB GDDR7","2 x 32GB 5600MHz DDR5","","","18"" WQXGA (2560 x 1600) Mini LED, 240Hz, Màn hình chống lóa, 1200 nits, G-Sync, 100% DCI-P3"
"68c5583b9869e837e80cea88",275,"Laptop Asus ROG Strix SCAR 18 G835LX-SA193W (Ultra 9 275HX/ GeForce RTX™ 5090/ 64GB/ 4TB/ Windows 11)","Asus","Gaming",137390000,"Intel® Core™ Ultra 9-275HX","GeForce RTX™ 5090 24GB GDDR7","2 x 32GB 5600MHz DDR5","","","18"" WQXGA (2560 x 1600) Mini LED, 240Hz, Màn hình chống lóa, 1200 nits, G-Sync, 100% DCI-P3"
"68c5583b9869e837e80cea89",276,"Laptop Asus ExpertBook P1 P1503CVA-I716-63WS (i7-13620H/ Onboard graphics/ 16GB/ 512GB/ Windows 11 + Office + Microsoft)","Asus","Business",20390000,"Intel® Core™ i7-13620H","Onboard&nbsp;","1 x 16GB DDR5","","","15.6"" Full HD (1920 x 1080) 60Hz, Màn hình chống lóa, 300 nits, 45% NTSC"
"68c5583b9869e837e80cea8a",277,"Laptop Dell XPS 9350 - XPS9350-U5IA165W11GR-FP (Ultra 5-226V/ Onboard graphics/ 16GB/ 512GB/ Windows 11 + Office)","Dell","Student",53090000,"Intel® Core™ Ultra 5-226V","Onboard&nbsp;","16GB Onboard 8533MHz LPDDR5x","","","13.4"" WQXGA (2560 x 1600) WVA, 120Hz, Màn hình chống lóa, 500 nits,&nbsp;"
"68c5583b9869e837e80cea8b",278,"Laptop HP Probook 460 G11 - A74BYPT (Ultra 5-125H/ Onboard graphics/ 16GB/ 512GB/ Windows 11 Pro)","HP","Business",26190000,"Intel® Core™ Ultra 5-125H","Onboard&nbsp;","1 x 16GB 5600MHz DDR5","","","16"" WUXGA (1920 x 1200) IPS, Màn hình chống lóa, 300 nits, 45% NTSC"
"68c5583b9869e837e80cea8c",279,"Laptop Lenovo IdeaPad Slim 5 OLED 15ARP10 - 83J3002SVN (Ryzen 7 7735HS/ Onboard graphics/ 32GB/ 512GB/ Windows 11)","Lenovo","Ultrabook",20990000,"AMD Ryzen™ 7 7735HS","Onboard&nbsp;","32GB Onboard 6400MHz LPDDR5x","","","15"" WQXGA (2560 x 1600) OLED, 165Hz, Màn hình gương, 500 nits, 100% DCI-P3"
"68c5583b9869e837e80cea8d",280,"Laptop Dell Latitude 5350 L5350-165U-16512W (Ultra 7-165U/ Onboard graphics/ 16GB/ 512GB/ Windows 11)","Dell","Business",30890000,"Intel® Core™ Ultra 7-165U","Onboard graphics","1 x 16GB 6400MHz LPDDR5x","","","13.3"" Full HD (1920 x 1080) IPS, 60Hz, Màn hình chống lóa, 250 nits, 45% NTSC"
"68c5583b9869e837e80cea8e",281,"Laptop Acer Gaming Predator Helios 18 AI PH18-73-98AQ (Ultra 9 275HX/ GeForce RTX™ 5090/ 192GB/ 6TB/ Windows 11 Pro)","Acer","Gaming",145790000,"Intel® Core™ Ultra 9-275HX","GeForce RTX™ 5090 24GB GDDR7, 1824 AI TOPS","4 x 48GB 4000MHz DDR5","","","18"" WQUXGA (3840 x 2400) Mini LED IPS, 120Hz, 1000 nits, Acer ComfyView, 100% DCI-P3"
"68c5583b9869e837e80cea8f",282,"Laptop Asus ROG Flow Z13 GZ302EA-RU080WS (AI MAX+ 395/ Onboard graphics/ 32GB/ 1TB/ Windows 11 + Office + Microsoft)","Asus","Gaming",73390000,"AMD Ryzen™ Al Max+ 395","Onboard graphics","32GB Onboard 8000MHz LPDDR5x","","","13.4"" WQXGA (2560 x 1600) IPS, 180Hz, Màn hình gương, 500 nits, Adaptive Sync, 100% DCI-P3"
"68c5583b9869e837e80cea90",283,"Laptop Msi Stealth 18 HX AI A2XWIG-017VN (Ultra 9 275HX/ GeForce RTX™ 5080/ 32GB/ 2TB/ Windows 11)","Msi","Gaming",95090000,"Intel® Core™ Ultra 9-275HX","GeForce RTX™ 5080 16GB GDDR7, 1334 AI TOPS","2 x 16GB 6400MHz DDR5","","","18"" Ultra HD (4K) (3840 x 2400) Mini LED IPS, 120Hz, 1000 nits, 100% DCI-P3"
"68c5583b9869e837e80cea91",284,"Laptop Asus Vivobook S 16 S5606CA-RI115WS (Ultra 7-255H/ Onboard graphics/ 32GB/ 1TB/ Windows 11 + Office + Microsoft)","Asus","Student",33290000,"Intel® Core™ Ultra 7-255H","Onboard graphics Onboard","32GB Onboard LPDDR5x","","","16"" 3K (2880 x 1800) OLED, 120Hz, Màn hình chống lóa, 400 nits, 100% DCI-P3"
"68c5583b9869e837e80cea92",285,"Laptop Dell Inspiron 16 5640 - 71053723 (Core 5 120U/ Onboard graphics/ 16GB/ 1TB/ Windows 11 + Office + Microsoft)","Dell","Student",23190000,"Intel® Core™ 5 120U","Onboard&nbsp;","2 x 8GB 5200MHz DDR5","","","16"" WUXGA (1920 x 1200) WVA, 60Hz, Màn hình chống lóa, 300 nits,&nbsp;"
"68c5583b9869e837e80cea93",286,"Laptop Asus Zenbook 14 UM3406KA-PP555WS (Ryzen AI 7 350/ Onboard graphics/ 32GB/ 512GB/ Windows 11 + Office + Microsoft)","Asus","Ultrabook",28490000,"AMD Ryzen™ AI 7 350","Onboard&nbsp;","32GB Onboard LPDDR5x","","","14"" 3K (2880 x 1800) OLED, 120Hz,100% DCI-P3"
"68c5583b9869e837e80cea94",287,"Laptop Asus Zenbook 14 UX3407QA-QD299WS (Snapdragon X X1 26 100/ Onboard graphics/ 16GB/ 512GB/ Windows 11 + Office + Microsoft)","Asus","Ultrabook",27790000,"Snapdragon X X1 26 100","Onboard graphics","16GB Onboard LPDDR5x","","","14"" WUXGA (1920 x 1200) OLED, 60Hz, Màn hình chống lóa, 400 nits, 100% DCI-P3"
"68c5583b9869e837e80cea95",288,"Laptop Dell Latitude 5450 (Ultra 5-125U/ Onboard graphics/ 16GB/ 512GB/ Windows 11)","Dell","Business",23490000,"Intel Core Ultra 5-125U","Onboard&nbsp;","2 x 8GB 5600MHz DDR5","","","14"" Full HD (1920 x 1080) IPS, 60Hz, Màn hình chống lóa, 250 nits, 45% NTSC"
"68c5583b9869e837e80cea96",289,"Laptop Asus ROG Strix G16 G614JU-N3480W (i5-13450HX/ GeForce RTX™ 4050/ 16GB/ 512GB/ Windows 11)","Asus","Gaming",30790000,"Intel® Core™ i5-13450HX","GeForce RTX™ 4050 6GB GDDR6","1 x 16GB 4800MHz DDR4","","","16"" WUXGA (1920 x 1200) IPS, 165Hz, Màn hình chống lóa, 250 nits, G-Sync, 100% sRGB"
"68c5583b9869e837e80cea97",290,"Laptop Asus TUF Gaming F16 FX607JU-N3139W (i7-13650HX/ GeForce RTX™ 4050/ 16GB/ 512GB/ Windows 11)","Asus","Gaming",29190000,"Intel® Core™ i7-13650HX","GeForce RTX™ 4050 6GB GDDR6, 194 AI TOPs","1 x 16GB 4800MHz DDR5","","","16"" WUXGA (1920 x 1200) IPS, 165Hz, Màn hình chống lóa, 250 nits, G-Sync, 72% NTSC"
"68c5583b9869e837e80cea98",291,"Laptop HP Zbook Firefly 14 G11 - 9F3E8AV (Ultra 7-155U/ Onboard graphics/ 16GB/ 1TB/ Windows 11 Pro)","HP","Student",40990000,"Intel® Core™ Ultra 7-155U","Onboard graphics Onboard","1 x 16GB 5600MHz DDR5","","","14"" WUXGA (1920 x 1200) IPS, Màn hình chống lóa, 400 nits,"
"68c5583b9869e837e80cea99",292,"Apple MacBook Pro M4 14.2 inch (12CPU/ 16GPU/ 48GB/ 512GB)","Apple","Creative",57990000,"Apple M4","Onboard graphics","48GB / 512GB SSD","","","14.2 inch (3024 x 1964) Liquid Retina XDR"
"68c5583b9869e837e80cea9a",293,"Laptop HP Elitebook x360 1040 G11 - AM9H0PT (Ultra 7-155H/ Onboard graphics/ 32GB/ 1TB/ Windows 11 Pro)","HP","Business",56090000,"Intel® Core™ Ultra 7-155H","Onboard graphics","32GB Onboard 7500MHz LPDDR5x","","","14"" WUXGA (1920 x 1200) IPS, Màn hình chống lóa, 400 nits, 100% sRGB"
"68c5583b9869e837e80cea9b",294,"Laptop Asus ROG Strix G16 G614JU-N4450W (i7-13650HX/ GeForce RTX™ 4050/ 16GB/ 1TB/ Windows 11)","Asus","Gaming",34590000,"Intel Core i7-13650HX","GeForce RTX 4050 6GB GDDR6","1 x 16GB 4800MHz DDR5","","","16"" WQXGA (2560 x 1600) IPS, 240Hz, Màn hình chống lóa, 500 nits, G-Sync, 100% DCI-P3"
"68c5583b9869e837e80cea9c",295,"Laptop Asus ROG Strix G16 G614JU-N3206W (i7-13650HX/ GeForce RTX™ 4050/ 16GB/ 1TB/ Windows 11)","Asus","Gaming",32890000,"Intel Core i7-13650HX","GeForce RTX 4050 6GB GDDR6","1 x 16GB 4800MHz DDR5","","","16"" WUXGA (1920 x 1200) IPS, 165Hz, Màn hình chống lóa, 250 nits, G-Sync, 100% sRGB"
"68c5583b9869e837e80cea9d",296,"Laptop Asus Vivobook S14 OLED S5406SA-PP060WS (Ultra 5-226V/ Onboard graphics/ 16GB/ 512GB/ Windows 11)","Asus","Student",26390000,"Intel® Core™ Ultra 5-226V","Onboard&nbsp;","16GB Onboard LPDDR5x","","","14"" 3K (2880 x 1800) OLED, 120Hz, Màn hình gương, 400 nits, 100% DCI-P3"
"68c5583b9869e837e80cea9e",297,"Laptop Lenovo LOQ Essential 15IAX9E - 83LK0036VN (i5-12450HX/ GeForce RTX™ 3050/ 12GB/ 512GB/ Windows 11)","Lenovo","Gaming",21990000,"Intel® Core™ i5-12450HX","GeForce RTX™ 3050 6GB GDDR6","1 x 12GB 4800MHz DDR5","","","15.6"" Full HD (1920 x 1080) IPS, 144Hz, Màn hình chống lóa, 300 nits, 100% sRGB"
"68c5583b9869e837e80cea9f",298,"Laptop Lenovo Yoga Slim 7 - 15ILL9 83HM000GVN (Ultra 7-258V/ Onboard graphics/ 32GB/ 1TB/ Windows 11 + Office)","Lenovo","Ultrabook",39590000,"Intel® Core™ Ultra 7-258V","Onboard graphics","32GB Onbard 8533MHz LPDDR5x","","","15.3"" 2.8K (2880 x 1800) IPS, 120Hz, Màn hình gương, 500 nits, 100% sRGB"
"68c5583b9869e837e80ceaa0",299,"Laptop Lenovo ThinkPad E14 Gen 6 - 21M7004YVN (Ultra 7-155H/ Onboard graphics/ 16GB/ 512GB/ Windows 11)","Lenovo","Business",27290000,"Intel® Core™ Ultra 7-155H","&nbsp;","2 x 8GB 5600MHz DDR5","","","14"" WUXGA (1920 x 1200) IPS, Màn hình chống lóa, 300 nits, 45% NTSC"
"68c5583b9869e837e80ceaa1",300,"Laptop HP HP ProBook 460 G11 - A74MQPT (Ultra 5-125H/ Onboard graphics/ 16GB/ 512GB/ Windows 11)","HP","Business",22690000,"Intel® Core™ Ultra 5-125H","Onboard graphics","1 x 16GB 5600MHz DDR5","","","16"" WUXGA (1920 x 1200) IPS, 60Hz, Màn hình chống lóa, 300 nits, 45% NTSC"
"68c5583b9869e837e80ceaa2",301,"Apple MacBook Pro M4 Max 16.2 inch (16CPU / 40GPU/ 48GB/ 1TB)","Apple","Creative",98990000,"Apple M4 Max","Onboard graphics","48GB / 1TB SSD","","","16.2"" (3456 x 2234) Liquid Retina XDR"
"68c5583b9869e837e80ceaa3",302,"Apple MacBook Pro M4 Max 14.2 inch (14CPU / 32GPU/ 36GB/ 1TB)","Apple","Creative",76990000,"Apple M4 Max","Onboard graphics","36GB / 1TB SSD","","","14.2"" (3024 x 1964) Liquid Retina XDR"
"68c5583b9869e837e80ceaa4",303,"Apple MacBook Pro M4 Pro 14.2 inch (14CPU / 20GPU/ 24GB/ 1TB)","Apple","Creative",57990000,"Apple M4 Pro","Onboard graphics","24GB / 1TB SSD","","","14.2"" (3024 x 1964) Liquid Retina XDR"
"68c5583b9869e837e80ceaa5",304,"Apple MacBook Pro M4 14.2 inch (10CPU / 10GPU/ 16GB/ 1TB)","Apple","Creative",43490000,"Apple M4","Onboard graphics","16GB / 1TB SSD","","","14.2 inch (3024 x 1964) Liquid Retina XDR"
"68c5583b9869e837e80ceaa6",305,"Apple MacBook Pro M4 14.2 inch (10CPU / 10GPU/ 24GB/ 1TB)","Apple","Creative",47990000,"Apple M4","Onboard graphics","24GB / 1TB SSD","","","14.2 inch (3024 x 1964) Liquid Retina XDR"
"68c5583b9869e837e80ceaa7",306,"Laptop HP Pavilion X360 14-ek2017TU - 9Z2V5PA (Core 5 120U/ Onboard graphics/ 16GB/ 512GB/ Windows 11)","HP","Student",20490000,"Intel® Core™ 5 120U","Onboard graphics","16GB Onboard 3200MHz GDDR4","","","14"" Full HD (1920 x 1080) IPS, 60Hz,"
"68c5583b9869e837e80ceaa8",307,"Laptop HP ProBook 440 G10 - 9H8U7PT (i5-1340P/ Onboard graphics/ 16GB/ 512GB/ Windows 11)","HP","Business",20190000,"Intel® Core™ i5-1340P","Onboard graphics","1 x 16GB 3200MHz DDR4","","","14"" Full HD (1920 x 1080) IPS, 60Hz,"
"68c5583b9869e837e80ceaa9",308,"Laptop Asus Vivobook 15 OLED A1505VA-MA468W (i5-13500H/ Onboard graphics/ 16GB/ 512GB/ Windows 11)","Asus","Student",15990000,"Intel® Core™ i5-13500H","Onboard graphics","16GB (8GB + 8GB Onboard) DDR4","","","15.6"" 3K (2880 x 1620) OLED, 120Hz, 600 nits, 100% DCI-P3"
"68c5583b9869e837e80ceaaa",309,"Laptop Asus Vivobook S 14 M5406WA-PP071WS (Ryzen AI 9 HX 370/ Onboard graphics/ 32GB/ 1TB/ Windows 11)","Asus","Student",32190000,"AMD Ryzen™ AI 9 HX 370","Onboard&nbsp;","32GB Onboard LPDDR5x","","","14"" 3K (2880 x 1800) OLED, 120Hz, Màn hình gương, 600 nits, 100% DCI-P3"
"68c5583b9869e837e80ceaab",310,"Laptop Asus ROG Zephyrus G16 GA605WI-QR090WS (Ryzen AI 9 HX 370/ GeForce RTX™ 4070/ 32GB/ 1TB/ Windows 11 + Office)","Asus","Gaming",77190000,"AMD Ryzen AI 9 HX 370 (36MB Cache, up to 5.1GHz, 12 nhân, 24 luồng)","NVIDIA GeForce RTX 4070 GDDR6 (321 AI TOPs)","32GB (16GB*2) LPDDR5X","","","16"" 2.5K (2560 x 1600) OLED, 240Hz, 16:10, DCI-P3 100%, G-Sync, MUX Switch"
"68c5583b9869e837e80ceaac",311,"Laptop Acer Predator Helios Neo 14 PHN14-51-99Y8 (Ultra 9-185H/ GeForce RTX™ 4060/ 32GB/ 1TB/ Windows 11)","Acer","Gaming",48590000,"Intel® Core™ Ultra 9-185H","GeForce RTX™ 4060 8GB GDDR6, 233 AI TOPS","32GB Onboard 6400MHz LPDDR5x","","","14.5"" 3K (3072 x 1920) IPS, 165Hz, 400 nits, Acer ComfyView, 100% sRGB"
"68c5583b9869e837e80ceaad",312,"Laptop Dell Latitude 3440 L3440-I51235U-16G512G (i5-1235U/ Onboard graphics/ 16GB/ 512GB/ Windows 11)","Dell","Business",18990000,"Intel® Core™ i5-1235U","Onboard graphics","2 x 8GB 3200MHz DDR4","","","14"" Full HD (1920 x 1080) WVA, 60Hz, Màn hình chống lóa, 250 nits, 45% NTSC"
"68c5583b9869e837e80ceaae",313,"Laptop Asus TUF Gaming F15 - FX507ZC4-HN095W (i5-12500H/ GeForce RTX™ 3050/ 16GB/ 512GB/ Windows 11)","Asus","Gaming",19890000,"Intel® Core™ i5-12500H","GeForce RTX™ 3050 4GB GDDR6","2 x 8GB 3200MHz DDR4","","","15.6"" Full HD (1920 x 1080) IPS, 144Hz, Màn hình chống lóa, 250 nits, Adaptive Sync,&nbsp;"
"68c5583b9869e837e80ceaaf",314,"Laptop Acer Gaming Aspire 5 A515-58GM-598J (i5-13420H/ GeForce RTX™ 2050/ 16GB/ 512GB/ Windows 11)","Acer","Gaming",16990000,"Intel® Core™ i5-13420H","GeForce RTX™ 2050 4GB GDDR6, 104 AI TOPs","2 x 8GB 3200MHz DDR4","","","15.6"" Full HD (1920 x 1080) IPS, 144Hz, 250 nits, Acer ComfyView, 45% NTSC"
"68c5583b9869e837e80ceab0",315,"Laptop HP ProBook 440 G10 - 873C1PA (i7-1360P/ Onboard graphics/ 16GB/ 512GB/ Windows 11)","HP","Business",23290000,"Intel® Core™ i7-1360P","Onboard graphics","1 x 16GB 3200MHz DDR4","","","14"" Full HD (1920 x 1080) IPS, 60Hz,"
"68c5583b9869e837e80ceab1",316,"Laptop HP Envy x360 14-fc0088TU - A19BYPA (Ultra 7-155U/ Onboard graphics/ 16GB/ 1TB/ Windows 11)","HP","Ultrabook",31390000,"Intel® Core™ Ultra 7-155U","Onboard graphics","16GB Onboard 6400MHz LPDDR5","","","14"" 2.8K (2880 x 1800) OLED, 60Hz, 500 nits, 100% DCI-P3"
"68c5583b9869e837e80ceab2",317,"Laptop HP Envy x360 14-fa0046AU - A19BNPA (Ryzen 7 8840HS/ Onboard graphics/ 32GB/ 512GB/ Windows 11)","HP","Ultrabook",30090000,"AMD Ryzen™ 7 8840HS","Onboard graphics","32GB Onboard 6400MHz LPDDR5","","","14"" 2.8K (2880 x 1800) OLED, 60Hz, 400 nits, 100% DCI-P3"
"68c5583b9869e837e80ceab3",318,"Laptop Asus Vivobook 14X OLED A1405ZA-KM264W (i5-12500H/ Onboard graphics/ 16GB/ 512GB/ Windows 11)","Asus","Student",14490000,"Intel® Core™ i5-12500H","Onboard graphics","2 x 8GB DDR4","","","14"" 2.8K (2800 x 1800) OLED, 60Hz, 600 nits, 100% DCI-P3"
"68c5583b9869e837e80ceab4",319,"Laptop Asus VivoBook 15 OLED A1505VA-MA469W (i9-13900H/ Onboard graphics/ 16GB/ 512GB/ Windows 11)","Asus","Student",20490000,"Intel® Core™ i9-13900H","Onboard graphics","2 x 8GB DDR4","","","15.6"" 3K (2800 x 1620) OLED, 60Hz, 600 nits, 100% DCI-P3"
"68c5583b9869e837e80ceab5",320,"Laptop Lenovo Yoga Pro 7 14IMH9 - 83E2005DVN (Ultra 7-155H/ GeForce RTX™ 4050/ 32GB/ 1TB/ Windows 11)","Lenovo","Gaming",45990000,"Intel® Core™ Ultra 7-155H","GeForce RTX™ 4050 6GB GDDR6","1 x 32GB 7467MHz DDR5","","","14.5"" 2.8K (2880 x 1800) OLED, 120Hz, 400 nits, 100% DCI-P3"
"68c5583b9869e837e80ceab6",321,"Laptop Lenovo LOQ 15IAX9 - 83GS004BVN (i5-12450HX/ GeForce RTX™ 3050/ 12GB/ 512GB/ Windows 11)","Lenovo","Gaming",19990000,"Intel® Core™ i5-12450HX","GeForce RTX™ 3050 6GB GDDR6","1 x 12GB 4800MHz DDR5","","","15.6"" FHD (1920 x 1080) IPS, 144Hz, Màn hình chống lóa, 300 nits, G-Sync, 100% sRGB"
"68c5583b9869e837e80ceab7",322,"Laptop Acer Swift Go AI 2024 Gen 2 SFG14-73-53X7 (Ultra 5-125H/ Onboard graphics/ 16GB/ 512GB/ Windows 11)","Acer","Ultrabook",21990000,"Intel® Core™ Ultra 5-125H","Onboard graphics","1 x 16GB 6400MHz LPDDR5x","","","14"" 2.8K (2880 x 1800) IPS, 120Hz, 400 nits, Acer ComfyView, 100% sRGB"
"68c5583b9869e837e80ceab8",323,"Laptop Asus Zenbook DUO OLED UX8406MA-PZ142W (Ultra 9-185H/ Onboard graphics/ 32GB/ 1TB/ Windows 11)","Asus","Ultrabook",56490000,"Intel® Core™ Ultra 9 185H (16 nhân, 32 luồng, 2.30Hz up to 5.10GHz, 24MB Cache)","Intel Arc Graphics","32GB LPDDR5X","","","2 màn hình 14.0inch 3K (2880 x 1800) OLED 16:10, 0.2ms, 120Hz, 400nits, 500nits HDR 100% DCI-P3"
"68c5583b9869e837e80ceab9",324,"Laptop Msi Thin GF63 12VE - 454VN (i5-12450H/ GeForce RTX™ 4050/ 16GB/ 512GB/ Windows 11)","Msi","Gaming",21190000,"Intel Core i5-12450H","Onboard graphics","1 x 16GB DDR4 3200MHz","","","15.6"" IPS (1920 x 1080),144Hz"
"68c5583b9869e837e80ceaba",325,"Laptop Lenovo Legion Pro 5 16IRX9 - 83DF0047VN (i9-14900HX/ GeForce RTX™ 4060/ 32GB/ 1TB/ Windows 11)","Lenovo","Gaming",47990000,"Intel Core i9-14900HX (24C/32T, 2.2/5.8GHz, 36MB)","RTX 4060 8GB GDDR6 TGP 140W","32GB (2x 16GB) SO-DIMM DDR5-5600, Dual-channel","","","16"" WQXGA (2560x1600) IPS, 500nits, 100% DCI-P3, 240Hz, HDR 400, Dolby Vision"
"68c5583b9869e837e80ceabb",326,"Laptop HP Victus 16-s0138AX - 9Q985PA (Ryzen 7 7840HS/ GeForce RTX™ 4070/ 32GB/ 512GB/ Windows 11)","HP","Gaming",41390000,"AMD Ryzen™ 7 7840HS","GeForce RTX™ 4070 8GB GDDR6","2 x 16GB 5600MHz DDR5","","","16.1"" Full HD (1920 x 1080) IPS, 144Hz, Màn hình chống lóa, 250 nits, 45% NTSC"
"68c5583b9869e837e80ceabc",327,"Laptop HP ProBook 440 G10 - 9H8U4PT (i5-1335U/ Onboard graphics/ 8GB/ 512GB/ Windows 11)","HP","Business",21490000,"Intel® Core™ i5-1335U","Onboard graphics","1 x 8GB 3200MHz DDR4","","","14"" Full HD (1920 x 1080) IPS, 60Hz,"
"68c5583b9869e837e80ceabd",328,"Laptop HP Elitebook 630 G10 - 9J0B5PT (i5-1335U/ Onboard graphics/ 16GB/ 512GB/ Windows 11)","HP","Business",22290000,"Intel® Core™ i5-1335U","Onboard graphics","1 x 16GB 3200MHz DDR4","","","13.3"" Full HD (1920 x 1080) IPS, 60Hz, Màn hình chống lóa,"
"68c5583b9869e837e80ceabe",329,"Laptop Asus Zenbook 14 OLED UX3405MA-PP151W (Ultra 5-125H/ Onboard graphics/ 16GB/ 512GB/ Windows 11)","Asus","Ultrabook",27290000,"Intel® Core™ Ultra 5-125H","Onboard graphics","16GB Onboard LPDDR5x","","","14"" 2.8K (2880 x 1800) OLED, 120Hz, Màn hình gương, 600 nits, 100% DCI-P3"
"68c5583b9869e837e80ceabf",330,"Apple MacBook Pro M3 14 inch (8CPU / 10GPU/ 8GB/ 512GB)","Apple","Creative",40890000,"Apple M3","Onboard graphics","8GB / 512GB SSD","","","14 inch (3024 x 1964) Liquid Retina XDR"
"68c5583b9869e837e80ceac0",331,"Laptop HP Victus 15-fb1023AX - 94F20PA (Ryzen 5 7535HS/ GeForce RTX™ 2050/ 8GB/ 512GB/ Windows 11)","HP","Gaming",15990000,"AMD Ryzen™ 5 7535HS","GeForce RTX™ 2050 4GB GDDR6, 104 AI TOPs","1 x 8GB 4800MHz DDR5","","","15.6"" Full HD (1920 x 1080) IPS, 144Hz, 250 nits, 45% NTSC"
"68c5583b9869e837e80ceac1",332,"Laptop Acer Aspire 5 A515-58GM-59LJ (NX.KQ4SV.001) (i5-13420H/ GeForce RTX™ 2050/ 8GB/ 512GB/ Windows 11)","Acer","Gaming",20490000,"Intel® Core™ i5-13420H","GeForce RTX™ 2050 4GB GDDR6","1 x 8GB 3200MHz DDR4","","","15.6"" Full HD (1920 x 1080) IPS, 60Hz, Acer ComfyView,"
"68c5583b9869e837e80ceac2",333,"Apple MacBook Air M2 15.3 inch (8CPU / 10GPU/ 8GB/ 256GB)","Apple","Ultrabook",34790000,"Apple M2","Onboard graphics","8GB / 256GB SSD","","","15.3 inch (2880 x 1864) Liquid Retina"
"68c5583b9869e837e80ceac3",334,"Laptop HP 15s-fq5228TU - 8U240PA (i3-1215U/ Onboard graphics/ 8GB/ 512GB/ Windows 11)","HP","Student",9990000,"Intel® Core™ i3-1215U (6 nhân, 8 luồng, xung nhịp tối đa 4.4GHz, 10MB cache)","Intel UHD Graphics","Unknown RAM","","","15.6 inch Full HD (1920 x 1080), 250 nits, 45% NTSC, chống chói"
"68c5583b9869e837e80ceac4",335,"Laptop Acer Swift 14 AI SF14-51-53P9 (Ultra 5-226V/ Onboard graphics/ 16GB/ 1TB/ Windows 11)","Acer","Ultrabook",34090000,"Intel® Core™ Ultra 5-226V","Onboard graphics","16GB Onboard 8533MHz LPDDR5x","","","14"" 2.8K (2880 x 1800) OLED, 90Hz, 400 nits, 100% DCI-P3"
"68c5583b9869e837e80ceac5",336,"Laptop HP Pavilion 15-eg3091TU - 8C5L2PA (i7-1355U/ Onboard graphics/ 16GB/ 512GB/ Windows 11)","HP","Student",22290000,"Intel® Core™ i7-1355U","Onboard graphics","2 x 8GB 3200MHz DDR4","","","15.6"" Full HD (1920 x 1080) IPS, 60Hz, Màn hình chống lóa, 250 nits, 45% NTSC"
"68c5583b9869e837e80ceac6",337,"Laptop Acer Aspire 5 A515-58P-774R (NX.KHJSV.005) (i7-1355U/ Onboard graphics/ 16GB/ 512GB/ Windows 11)","Acer","Student",19990000,"Intel® Core™ i7-1355U","Onboard graphics","16GB 4800MHz LPDDR5","","","15.6"" Full HD (1920 x 1080) IPS, 60Hz, 250 nits, Acer ComfyView, 45% NTSC"
"68c5583b9869e837e80ceac7",338,"Laptop HP 14-ep0110TU (8C5K9PA) (i7-1355U/ Onboard graphics/ 16GB/ 512GB/ Windows 11)","HP","Student",18290000,"Intel® Core™ i7-1355U","Onboard graphics","2 x 8GB 3200MHz DDR4","","","14"" Full HD (1920 x 1080) IPS, 60Hz, Màn hình chống lóa, 250 nits, 62.5% sRGB"
"68c5583b9869e837e80ceac8",339,"Laptop HP Elite x360 830 G10 (876C5PA) (i7-1355U/ Onboard graphics/ 16GB/ 512GB/ Windows 11)","HP","Student",43990000,"Intel® Core™ i7-1355U","Onboard graphics","16GB Onboard 6400MHz LPDDR5","","","13.3"" WUXGA (1920 x 1200) IPS, 60Hz, Màn hình chống lóa,"
"68c5583b9869e837e80ceac9",340,"Laptop HP ProBook 440 G10 - 873B8PA (i7-1355U/ Onboard graphics/ 16GB/ 512GB/ Windows 11)","HP","Business",26090000,"Intel® Core™ i7-1355U","Onboard graphics","1 x 16GB 3200MHz DDR4","","","14"" Full HD (1920 x 1080) IPS, 60Hz,"
"68c5583b9869e837e80ceaca",341,"Laptop HP Pavilion 15-eg3093TU (8C5L4PA) (i5-1335U/ Onboard graphics/ 16GB/ 512GB/ Windows 11)","HP","Student",17690000,"Intel® Core™ i5-1335U","Onboard graphics","2 x 8GB 3200MHz DDR4","","","15.6"" Full HD (1920 x 1080) IPS, 60Hz, Màn hình chống lóa, 250 nits, 45% NTSC"
"68c5583b9869e837e80ceacb",342,"Laptop Acer Aspire 3 A315-58-529V (i5-1135G7/ Onboard graphics/ 8GB/ 256GB/ Windows 11)","Acer","Student",11990000,"Intel® Core™ i5-1135G7","Intel Iris Xe Graphics","8GB (4GB + 4GB Onboard) 2400MHz DDR4","","","15.6"", Full HD (1920 x 1080), 60Hz, 45% NTSC, 220 nits, LED Backlit, Acer ComfyView"
"68c5583b9869e837e80ceacc",343,"Apple MacBook Air M2 15.3 inch (8CPU / 10GPU/ 8GB/ 256GB)","Apple","Ultrabook",35490000,"Apple M2","Onboard graphics","8GB / 256GB SSD","","","15.3 inch (2880 x 1864) Liquid Retina"
"68c5583b9869e837e80ceacd",344,"Laptop Asus VivoBook 15X OLED S3504VA-L1226W (i5-1340P/ Onboard graphics/ 16GB/ 512GB/ Windows 11)","Asus","Student",21990000,"Intel® Core™ i5-1340P","Onboard graphics","16GB (8GB + 8GB Onboard) 3200MHz DDR4","","","15.6"" Full HD (1920 x 1080) OLED, 60Hz, 550 nits, 100% DCI-P3"
"68c5583b9869e837e80ceace",345,"Laptop Gigabyte AORUS 15 9MF-E2VN583SH (i5-12500H/ GeForce RTX™ 4050/ 8GB/ 512GB/ Windows 11)","Gigabyte","Gaming",37990000,"Intel® Core™ i5-12500H","GeForce RTX™ 4050 6GB GDDR6, 194 AI TOPs","1 x 8GB 4800MHz DDR5","","","15.6"" Full HD (1920 x 1080) IPS, 360Hz, 100% sRGB"
"68c5583b9869e837e80ceacf",346,"Laptop Asus Vivobook Pro 15 OLED K6502VU-MA090W (i9-13900H/ GeForce RTX™ 4050/ 16GB/ 512GB/ Windows 11)","Asus","Gaming",40990000,"Intel® Core™ i9-13900H","GeForce RTX™ 4050 6GB GDDR6, 194 AI TOPs","16GB (8GB + 8GB Onboard) 4800MHz DDR5","","","15.6"" 3K (2880 x 1620) OLED, 120Hz, 550 nits, 100% DCI-P3"
"68c5583b9869e837e80cead0",347,"Laptop Msi Modern 14 C13M-458VN (i5-1335U/ Onboard graphics/ 8GB/ 512GB/ Windows 11)","Msi","Student",11490000,"Intel® Core™ i5-1335U","Onboard graphics","8GB Onboard 3200MHz DDR4","","","14"" Full HD (1920 x 1080) IPS, 60Hz,"
"68c5583b9869e837e80cead1",348,"Laptop HP Envy x360 13-bf0114TU (7C0P0PA) (i5-1230U/ Onboard graphics/ 8GB/ 512GB/ Windows 11)","HP","Ultrabook",24490000,"Intel® Core™ i5-1230U","Onboard graphics","8GB Onboard 4266MHz LPDDR4X","","","13.3"" 2.8K (2880 x 1800) OLED, 60Hz, 500 nits, 100% DCI-P3"
"68c5583b9869e837e80cead2",349,"Laptop HP Envy x360 13-bf0113TU (7C0V8PA) (i5-1230U/ Onboard graphics/ 8GB/ 512GB/ Windows 11)","HP","Ultrabook",21190000,"Intel® Core™ i5-1230U","Onboard graphics","8GB Onboard 4266MHz LPDDR4X","","","13.3"" 2.8K (2880 x 1800) OLED, 60Hz, 500 nits, 100% DCI-P3"
"68c5583b9869e837e80cead3",350,"Laptop HP Pavilion 15-eg2089TU (7C0R1PA) (i7-1260P/ Onboard graphics/ 8GB/ 512GB/ Windows 11)","HP","Student",16990000,"Intel® Core™ i7-1260P","Onboard graphics","2 x 4GB 3200MHz DDR4","","","15.6"" Full HD (1920 x 1080) IPS, 60Hz, 250 nits, 45% NTSC"
"68c5583b9869e837e80cead4",351,"Laptop HP 15s-fq5144TU (7C0R8PA) (i7-1255U/ Onboard graphics/ 16GB/ 512GB/ Windows 11)","HP","Student",15490000,"Intel® Core™ i7-1255U","Onboard graphics","2 x 8GB 3200MHz DDR4","","","15.6"" Full HD (1920 x 1080) IPS, 60Hz, Màn hình chống lóa, 250 nits, 45% NTSC"
"68c5583b9869e837e80cead5",352,"Laptop HP 15s-fq5160TU (7C0S1PA) (i5-1235U/ Onboard graphics/ 16GB/ 512GB/ Windows 11)","HP","Student",19990000,"Intel® Core™ i5-1235U","Onboard graphics","2 x 8GB 3200MHz DDR4","","","15.6"" Full HD (1920 x 1080) IPS, 60Hz, Màn hình chống lóa, 250 nits, 45% NTSC"
"68c5583b9869e837e80cead6",353,"Laptop HP Victus 16-e1107AX (7C140PA) (Ryzen 5 6600H/ GeForce RTX™ 3050/ 8GB/ 512GB/ Windows 11)","HP","Gaming",23490000,"AMD Ryzen™ 5 6600H","GeForce RTX™ 3050 4GB GDDR6, 143 AI TOPs","1 x 8GB 4800MHz GDDR5","","","16.1"" Full HD (1920 x 1080) IPS, 144Hz, Màn hình chống lóa, 250 nits, 45% NTSC"
"68c5583b9869e837e80cead7",354,"Apple MacBook Air M2 13.6 inch (8CPU / 8GPU/ 16GB/ 256GB)","Apple","Ultrabook",36890000,"Apple M2","Onboard graphics","16GB / 256GB SSD","","","13.6 inch (2560 x 1664) Liquid Retina"
"68c5583b9869e837e80cead8",355,"Laptop Acer Aspire 5 A514-55-5954 (NX.K5BSV.001) (i5-1235U/ Onboard graphics/ 8GB/ 512GB/ Windows 11)","Acer","Student",19990000,"Intel® Core™ i5-1235U, 10 nhân 12 luồng, 3.30 Ghz - 4.40 Ghz, 12 MB Intel® Smart Cache","Intel® Iris® Xe Graphics","8GB DDR4 2666Hz (tối đa 20GB)","","","14"" ( 1920 x 1080 ) 16:9 Full HD, IPS, 300nits, Acer ComfyView™ IPS LED LCD"
"68c5583b9869e837e80cead9",356,"Laptop HP Probook 450 G9 (6M0Z9PA) (i7-1255U/ Onboard graphics/ 16GB/ 512GB/ Windows 11)","HP","Business",26990000,"Intel® Core™ i7-1255U","Onboard graphics","1 x 16GB 3200MHz DDR4","","","15.6"" Full HD (1920 x 1080) IPS, 60Hz, Màn hình chống lóa,"
"68c5583b9869e837e80ceada",357,"Apple MacBook Pro M2 13.3 inch (8CPU / 10GPU/ 8GB/ 512GB)","Apple","Creative",39300000,"Apple M2","Onboard graphics","8GB / 512GB SSD","","","13.3 inch (2560 x 1600) Retina"
"68c5583b9869e837e80ceadb",358,"Apple MacBook Air M2 13.6 inch (8CPU / 8GPU/ 8GB/ 256GB)","Apple","Ultrabook",31900000,"Apple M2","Onboard graphics","8GB / 256GB SSD","","","13.6 inch (2560 x 1664) Liquid Retina"
"68c5583b9869e837e80ceadc",359,"Laptop Acer Gaming Nitro V ProPanel ANV15-41-R0Y4 (Ryzen 7 7735HS/ GeForce RTX™ 4050/ 16GB/ 512GB/ Windows 11)","Acer","Gaming",26990000,"AMD Ryzen™ 7 7735HS","GeForce RTX™ 4050 6GB GDDR6, 194 AI TOPs","1 x 16GB 4800MHz DDR5","","","15.6"" Full HD (1920 x 1080) IPS, 180Hz, 300 nits, Acer ComfyView, 100% sRGB"
"68c5583b9869e837e80ceadd",360,"Laptop Asus ExpertBook P1 P1403CVA-S61261W (i7-13620H/ Onboard graphics/ 16GB/ 1TB/ Windows 11)","Asus","Business",19590000,"Intel® Core™ i7-13620H","Onboard graphics","1 x 16GB DDR5","","","14"" Full HD (1920 x 1080) IPS, 60Hz, Màn hình chống lóa, 300 nits, 45% NTSC"
"68c5583b9869e837e80ceade",361,"Laptop Asus Vivobook S16 S3607CA-SH083WS (Ultra 7-255H/ Onboard graphics/ 16GB/ 512GB/ Windows 11)","Asus","Student",26990000,"Intel® Core™ Ultra 7-255H","Onboard graphics","16GB Onboard LPDDR5","","","16"" WUXGA (1920 x 1200) OLED, 60Hz, Màn hình gương,"
"68c5583b9869e837e80ceadf",362,"Laptop HP Elitebook X G1a 14 AI - B9FE4PT (Ryzen AI 9 HX PRO 375/ Onboard graphics/ 32GB/ 1TB/ Windows 11 Pro)","HP","Business",55990000,"AMD Ryzen™ AI 9 HX PRO 375","Onboard graphics","32GB Onboard 8000MHz LPDDR5x","","","14"" 2.8K (2880 x 1800) OLED, 120Hz,"
"68c5583b9869e837e80ceae0",363,"Laptop Lenovo Yoga 7 2-in-1 14IML9 - 83DJ00H9VN (Ultra 7-155H/ Onboard graphics/ 32GB/ 1TB/ Windows 11 + Office + Microsoft)","Lenovo","Ultrabook",33390000,"Intel® Core™ Ultra 7-155H","Onboard graphics","32GB Onboard 7467MHz LPDDR5x","","","14"" 2.8K (2880 x 1800) OLED, 120Hz, Màn hình chống lóa, 400 nits, 100% DCI-P3"
"68c5583b9869e837e80ceae1",364,"Laptop Lenovo Yoga 7 2-in-1 - 83DJ00H8VN (Ultra 5-125H/ Onboard graphics/ 16GB/ 1TB/ Windows 11 + Office + Microsoft)","Lenovo","Ultrabook",27490000,"Intel® Core™ Ultra 5-125H","Onboard graphics","16GB Onboard 7467MHz LPDDR5x","","","14"" WUXGA (1920 x 1200) OLED, 60Hz, Màn hình chống lóa, 400 nits, 100% DCI-P3"
"68c5583b9869e837e80ceae2",365,"Laptop Lenovo ThinkPad T16 Gen 4 - 21QE0009VN (Ultra 5-225H/ Onboard graphics/ 32GB/ 1TB/ Windows 11 Pro)","Lenovo","Business",39090000,"Intel® Core™ Ultra 5-225H","Onboard graphics","1 x 32GB 5600MHz DDR5","","","16"" WUXGA (1920 x 1200) IPS, Màn hình chống lóa, 400 nits, 45% NTSC"
"68c5583b9869e837e80ceae3",366,"Laptop HP Elitebook Ultra G1i AI - B9FE9PT (Ultra 7-268V/ Onboard graphics/ 32GB/ 1TB/ Windows 11 Pro)","HP","Business",58890000,"Intel® Core™ Ultra 7-268V","Onboard graphics","32GB Onboard 8533MHz LPDDR5x","","","14"" 2.8K (2880 x 1800) OLED, 120Hz,"
"68c5583b9869e837e80ceae4",367,"Laptop HP Elitebook Ultra G1q - B4PY1PT (Snapdragon X1E 78 100/ Onboard graphics/ 32GB/ 1TB/ Windows 11 Pro)","HP","Business",45490000,"Snapdragon X1E 78 100","Onboard graphics","32GB Onboard 8448MHz LPDDR5","","","14"" 2.2K (2240 x 1400) IPS,"
"68c5583b9869e837e80ceae5",368,"Laptop HP Elitebook X G1a 14 AI - BC4N4AT (Ryzen AI 7 PRO 360/ Onboard graphics/ 32GB/ 1TB/ Windows 11 Pro)","HP","Business",48790000,"AMD Ryzen™ AI 7 PRO 360","Onboard graphics","32GB Onboard 8000MHz LPDDR5x","","","14"" 2.8K (2880 x 1800) OLED, 120Hz,"
"68c5583b9869e837e80ceae6",369,"Laptop Asus Gaming V16 V3607VU-RP290W (Core 5 210H/ GeForce RTX™ 4050/ 16GB/ 512GB/ Windows 11)","Asus","Gaming",25490000,"Intel® Core™ 5 210H","GeForce RTX™ 4050 6GB GDDR6, 194 AI TOPs","1 x 16GB DDR5","","","16"" WUXGA (1920 x 1200) 144Hz, Màn hình chống lóa, 300 nits, 45% NTSC"
"68c5583b9869e837e80ceae7",370,"Laptop Asus Gaming V16 K3607VU-RP280W (Core 5 210H/ GeForce RTX™ 4050/ 16GB/ 512GB/ Windows 11)","Asus","Gaming",25490000,"Intel® Core™ 5 210H","GeForce RTX™ 4050 6GB GDDR6, 194 AI TOPs","1 x 16GB DDR5","","","16"" WUXGA (1920 x 1200) IPS, 144Hz, Màn hình chống lóa, 300 nits, 45% NTSC"
"68c5583b9869e837e80ceae8",371,"Laptop Gigabyte G6X 9KG-43VN853SH (i7-13650HX/ GeForce RTX™ 4060/ 16GB/ 512GB/ Windows 11)","Gigabyte","Gaming",30790000,"Intel® Core™ i7-13650HX","GeForce RTX™ 4060 8GB GDDR6, 233 AI TOPS","2 x 8GB 4800MHz DDR5","","","16"" WUXGA (1920 x 1200) IPS, 165Hz, 45% NTSC"
"68c5583b9869e837e80ceae9",372,"Laptop Gigabyte G6X 9MG-42VN853SH (i7-13650HX/ GeForce RTX™ 4050/ 16GB/ 512GB/ Windows 11)","Gigabyte","Gaming",29790000,"Intel® Core™ i7-13650HX","GeForce RTX™ 4050 6GB GDDR6, 194 AI TOPs","2 x 8GB 4800MHz DDR5","","","16"" WUXGA (1920 x 1200) IPS, 165Hz, 45% NTSC"
"68c5583b9869e837e80ceaea",373,"Laptop Lenovo IdeaPad Slim 5 14Q8X9 - 83HL005AVN (Snapdragon X X1 26 100/ Onboard graphics/ 16GB/ 512GB/ Windows 11)","Lenovo","Ultrabook",19990000,"Snapdragon X X1 26 100","Onboard graphics","16GB Onboard 8448MHz LPDDR5x","","","14"" WUXGA (1920 x 1200) OLED, Màn hình gương, 400 nits, 100% DCI-P3"
"68c5583b9869e837e80ceaeb",374,"Laptop Asus ExpertBook P3 P3605CVA-PL0042W (i5-13420H/ Onboard graphics/ 16GB/ 512GB/ Windows 11)","Asus","Business",20190000,"Intel® Core™ i5-13420H","Onboard graphics","1 x 16GB DDR5","","","16"" WQXGA (2560 x 1600) 144Hz, Màn hình chống lóa, 400 nits, 100% sRGB"
"68c5583b9869e837e80ceaec",375,"Laptop Asus ExpertBook P3 P3405CVA-NZ0077W (i7-13620H/ Onboard graphics/ 16GB/ 512GB/ Windows 11)","Asus","Business",24990000,"Intel® Core™ i7-13620H","Onboard graphics","1 x 16GB DDR5","","","14"" WQXGA (2560 x 1600) 144Hz, Màn hình chống lóa, 400 nits, 100% sRGB"
"68c5583b9869e837e80ceaed",376,"Laptop Gigabyte Aorus Master 16 BYH-C5VNE64SH (Ultra 9 275HX/ GeForce RTX™ 5080/ 32GB/ 1TB/ Windows 11)","Gigabyte","Gaming",94890000,"Intel® Core™ Ultra 9-275HX","GeForce RTX™ 5080 16GB GDDR7, 1334 AI TOPS","2 x 16GB 5600MHz DDR5","","","16"" WQXGA (2560 x 1600) OLED, 165Hz, Màn hình chống lóa, 500 nits, G-Sync, 100% DCI-P3"
"68c5583b9869e837e80ceaee",377,"Laptop Msi Katana 15 B13VEK-2416VN (i5-13420H/ GeForce RTX™ 4050/ 16GB/ 512GB/ Windows 11)","Msi","Gaming",25690000,"Intel® Core™ i5-13420H","GeForce RTX™ 4050 6GB GDDR6, 194 AI TOPs","1 x 16GB 5200MHz DDR5","","","15.6"" Full HD (1920 x 1080) IPS, 45% NTSC"
"68c5583b9869e837e80ceaef",378,"Laptop Msi Thin 15 B13VE - 2824VN (i5-13420H/ GeForce RTX™ 4050/ 16GB/ 512GB/ Windows 11)","Msi","Gaming",21890000,"Intel® Core™ i5-13420H","GeForce RTX™ 4050 6GB GDDR6, 194 AI TOPs","2 x 8GB 3200MHz DDR4","","","15.6"" Full HD (1920 x 1080) IPS, 144Hz, Màn hình chống lóa, 45% NTSC"
"68c5583b9869e837e80ceaf0",379,"Laptop Msi Venture 14 AI A1MG-005VN (Ultra 5-125H/ Onboard graphics/ 16GB/ 512GB/ Windows 11)","Msi","Student",23290000,"Intel® Core™ Ultra 5-125H","Onboard graphics","2 x 8GB 5600MHz DDR5","","","14"" 2.8K (2880 x 1800) OLED, 120Hz, Màn hình chống lóa, 100% DCI-P3"
"68c5583b9869e837e80ceaf1",380,"Laptop Asus ExpertBook P1403CVA-i516-50W (i5-13420H/ Onboard graphics/ 16GB/ 512GB/ Windows 11)","Asus","Business",15590000,"Intel® Core™ i5-13420H","Onboard graphics","1 x 16GB DDR5","","","14"" Full HD (1920 x 1080) 60Hz, Màn hình chống lóa, 300 nits, 45% NTSC"
"68c5583b9869e837e80ceaf2",381,"Laptop Msi Venture A16 AI+ A3HMG-017VN (Ryzen AI 7 350/ Onboard graphics/ 16GB/ 512GB/ Windows 11)","Msi","Student",28590000,"AMD Ryzen™ AI 7 350","Onboard graphics","2 x 8GB 5600MHz DDR5","","","16"" 2K (2048 x 1280) OLED, 120Hz, 100% DCI-P3"
"68c5583b9869e837e80ceaf3",382,"Laptop Asus ExpertBook P1 P1403CVA-I516-63WS (i5-13420H/ Onboard graphics/ 16GB/ 512GB/ Windows 11 + Office + Microsoft)","Asus","Business",16790000,"Intel® Core™ i5-13420H","Onboard&nbsp;","1 x 16GB DDR5","","","14"" Full HD (1920 x 1080) 60Hz, Màn hình chống lóa, 300 nits, 45% NTSC"
"68c5583b9869e837e80ceaf4",383,"Laptop Asus ExpertBook P1 P1503CVA-i308256-63W (i3-1315U/ Onboard graphics/ 8GB/ 256GB/ Windows 11)","Asus","Business",11990000,"Intel® Core™ i3-1315U","Onboard graphics","1 x 8GB DDR5","","","15.6"" Full HD (1920 x 1080) 60Hz, Màn hình chống lóa, 300 nits, 45% NTSC"
"68c5583b9869e837e80ceaf5",384,"Laptop Asus ExpertBook P1 P1503CVA-I516-63WS (i5-13420H/ Onboard graphics/ 16GB/ 512GB/ Windows 11 + Office + Microsoft)","Asus","Business",16790000,"Intel® Core™ i5-13420H","Onboard&nbsp;","1 x 16GB DDR5","","","15.6"" Full HD (1920 x 1080) 60Hz, Màn hình chống lóa, 300 nits, 45% NTSC"
"68c5583b9869e837e80ceaf6",385,"Laptop Asus ExpertBook P1 P1403CVA-i308256-63W (i3-1315U/ Onboard graphics/ 8GB/ 256GB/ Windows 11)","Asus","Business",11990000,"Intel® Core™ i3-1315U","Onboard graphics","1 x 8GB DDR5","","","14"" Full HD (1920 x 1080) 60Hz, Màn hình chống lóa, 300 nits, 45% NTSC"
"68c5583b9869e837e80ceaf7",386,"Laptop Msi Titan 18 HX AI A2XWJG-622VN (Ultra 9-285HX/ GeForce RTX™ 5090/ 64GB/ 6TB/ Windows 11)","Msi","Gaming",164990000,"Intel® Core™ Ultra 9-285HX","GeForce RTX™ 5090 24GB GDDR7","2 x 32GB 6400MHz DDR5","","","18"" Ultra HD (4K) (3840 x 2400) Mini LED IPS, 120Hz, 100% DCI-P3"
"68c5583b9869e837e80ceaf8",387,"Laptop Acer Predator Helios Neo 16S AI PHN16S-71-94T0 (Ultra 9 275HX/ GeForce RTX™ 5070Ti/ 32GB/ 2TB/ Windows 11)","Acer","Gaming",62690000,"Intel® Core™ Ultra 9-275HX","GeForce RTX™ 5070Ti 12GB GDDR7","2 x 16GB 6400MHz DDR5","","","16"" WQXGA (2560 x 1600) OLED, 240Hz, 500 nits, Acer CineCrystal, 100% DCI-P3"
"68c5583b9869e837e80ceaf9",388,"Laptop Acer Predator Helios Neo 16S AI PHN16S-71-95MS (Ultra 9 275HX/ GeForce RTX™ 5070Ti/ 64GB/ 2TB/ Windows 11)","Acer","Gaming",66590000,"Intel® Core™ Ultra 9-275HX","GeForce RTX™ 5070Ti 12GB GDDR7, 992 AI TOPs","2 x 32GB 6400MHz DDR5","","","16"" WQXGA (2560 x 1600) OLED, 240Hz, 500 nits, Acer CineCrystal, 100% DCI-P3"
"68c5583b9869e837e80ceafa",389,"Laptop Acer Gaming Predator Helios 18 AI PH18-73-93P0 (Ultra 9 275HX/ GeForce RTX™ 5080/ 64GB/ 3TB/ Windows 11 Pro)","Acer","Gaming",97190000,"Intel® Core™ Ultra 9-275HX","GeForce RTX™ 5080 16GB GDDR7, 1334 AI TOPS","4 x 16GB 4000MHz DDR5","","","18"" WQXGA (2560 x 1600) Mini LED IPS, 250Hz, Màn hình chống lóa, 1000 nits, Acer ComfyView, 100% DCI-P3"
"68c5583b9869e837e80ceafb",390,"Laptop Msi Raider 18 HX AI A2XWIG-033VN (Ultra 9-285HX/ GeForce RTX™ 5080/ 64GB/ 4TB/ Windows 11)","Msi","Gaming",115990000,"Intel® Core™ Ultra 9-285HX","GeForce RTX™ 5080 16GB GDDR7, 1334 AI TOPS","2 x 32GB 6400MHz DDR5","","","18"" WQUXGA (3840 x 2400) Mini LED IPS, 120Hz, 1000 nits, 100% DCI-P3"
"68c5583b9869e837e80ceafc",391,"Laptop Msi Stealth A16 AI+ A3XWHG-085VN (Ryzen AI 9 HX 370/ GeForce RTX™ 5070Ti/ 32GB/ 1TB/ Windows 11)","Msi","Gaming",65590000,"AMD Ryzen AI 9 HX 370","GeForce RTX™ 5070Ti 12GB GDDR7, 992 AI TOPs","32GB Onboard 7500MHz LPDDR5x","","","16"" WQXGA (2560 x 1600) OLED, 240Hz, 600 nits, 100% DCI-P3"
"68c5583b9869e837e80ceafd",392,"Laptop Msi Titan 18 HX AI A2XWIG-090VN (Ultra 9-285HX/ GeForce RTX™ 5080/ 64GB/ 6TB/ Windows 11)","Msi","Gaming",139990000,"Intel® Core™ Ultra 9-285HX","GeForce RTX™ 5080 , 1334 AI TOPS","2 x 32GB 6400MHz GDDR5","","","18"" Ultra HD (4K) (3840 x 1800) 120Hz, 100% DCI-P3"
"68c5583b9869e837e80ceafe",393,"Laptop Msi Vector 16 HX AI A2XWIG-062VN (Ultra 9 275HX/ GeForce RTX™ 5080/ 16GB/ 1TB/ Windows 11)","Msi","Gaming",71290000,"Intel® Core™ Ultra 9-275HX","GeForce RTX™ 5080 , 1334 AI TOPS","2 x 8GB 6400MHz DDR5","","","16"" WQXGA (2560 x 1600) 240Hz, 100% DCI-P3"
"68c5583b9869e837e80ceaff",394,"Apple MacBook Pro M4 Max 16.2 inch (14CPU / 32GPU/ 36GB/ 1TB)","Apple","Creative",86990000,"Apple M4 Max","Onboard graphics","36GB / 1TB SSD","","","16.2"" (3456 x 2234) Liquid Retina XDR"
"68c5583b9869e837e80ceb00",395,"Apple MacBook Pro M4 Pro 16.2 inch (14CPU / 20GPU/ 48GB/ 512GB)","Apple","Creative",72490000,"Apple M4 Pro","Onboard graphics","48GB / 512GB SSD","","","16.2"" (3456 x 2234) Liquid Retina XDR"
"68c5583b9869e837e80ceb01",396,"Laptop HP ProBook 440 G10 - 9H8U3PT (i5-1335U/ Onboard graphics/ 8GB/ 256GB/ Windows 11)","HP","Business",20590000,"Intel® Core™ i5-1335U","Onboard graphics","1 x 8GB 3200MHz DDR4","","","14"" Full HD (1920 x 1080) IPS, 60Hz,"
"68c5583b9869e837e80ceb02",397,"Laptop HP ProBook 440 G10 - 9H8U1PT (i3-1315U/ Onboard graphics/ 8GB/ 256GB/ Windows 11)","HP","Business",16990000,"Intel® Core™ i3-1315U","Onboard graphics","1 x 8GB 3200MHz DDR4","","","14"" Full HD (1920 x 1080) IPS, 60Hz,"
"68c5583b9869e837e80ceb03",398,"Laptop Acer Aspire 5 A515-58M-951T (i9-13900H/ Onboard graphics/ 16GB/ 512GB/ Windows 11)","Acer","Student",23990000,"Intel® Core™ i9-13900H","Onboard graphics","16GB Onboard 4800MHz LPDDR5","","","15.6"" Full HD (1920 x 1080) IPS, 60Hz, Acer ComfyView,"