interaction_id,user_id,product_id,session_id,interaction_type,implicit_weight,duration_seconds,rating_score,source,timestamp
"int_1761068220358_v12gln0sv","68f7c48c8bb2ae14892d2436","68ca54d976a72c2aed452ff6","","view",2,180,,"search","2025-10-21T17:37:00.366Z"
"int_1761068220362_b0iiptr9h","68f7c48c8bb2ae14892d2436","68ca54d976a72c2aed452e6c","","purchase",10,0,,"checkout","2025-10-21T17:37:00.368Z"
"int_1761068220360_liatkvqor","68f7c48c8bb2ae14892d2436","68ca54d976a72c2aed452f94","","view",1,60,,"recommendation","2025-10-21T17:37:00.368Z"
"int_1761068220362_7rd6f0igv","68f7c48c8bb2ae14892d2436","68ca54d976a72c2aed452fa2","","rating",8,0,5,"feedback_form","2025-10-21T17:37:00.368Z"
"int_1786983320787_7fz4cehho","6a833391cee036cbf121a825","68ca54d976a72c2aed452f44","sess_21a825_0_1786983320786","view",1,20,,"category_browse","2026-07-04T17:06:21.477Z"
"int_1786983320933_xfcigve13","6a833391cee036cbf121a825","68ca54d976a72c2aed452ee9","sess_21a825_0_1786983320786","view",1,198,,"search","2026-07-04T17:07:30.615Z"
"int_1786983320866_e1zqh2acm","6a833391cee036cbf121a825","68ca54d976a72c2aed452f32","sess_21a825_0_1786983320786","view",1,40,,"category_browse","2026-07-04T17:08:22.474Z"
"int_1786983321002_90hqhyupz","6a833391cee036cbf121a825","68ca54d976a72c2aed452ee9","sess_21a825_0_1786983320786","add_to_cart",5,0,,"product_detail","2026-07-04T17:09:56.271Z"
"int_1786983321077_6pruj96ra","6a833391cee036cbf121a825","68ca54d976a72c2aed452ee8","sess_21a825_1_1786983321077","view",1,111,,"search","2026-07-06T17:46:11.356Z"
"int_1786983321159_9l7pmhkpt","6a833391cee036cbf121a825","68ca54d976a72c2aed452ee8","sess_21a825_1_1786983321077","like",3,0,,"product_detail","2026-07-06T17:46:23.492Z"
"int_1786983321236_ly72ww265","6a833391cee036cbf121a825","68ca54d976a72c2aed452f02","sess_21a825_1_1786983321077","view",1,14,,"category_browse","2026-07-06T17:47:35.711Z"
"int_1786983321304_a5grouz3s","6a833391cee036cbf121a825","68ca54d976a72c2aed452ec7","sess_21a825_2_1786983321304","view",1,13,,"category_browse","2026-07-07T17:54:50.907Z"
"int_1786983334583_52dok4v6u","6a833392cee036cbf121a829","68ca54d976a72c2aed452eaa","sess_21a829_0_1786983334513","view",1,39,,"category_browse","2026-07-05T14:24:15.642Z"
"int_1786983334873_xn0u0xz7r","6a833392cee036cbf121a829","68ca54d976a72c2aed452edd","sess_21a829_0_1786983334513","view",1,42,,"category_browse","2026-07-05T14:24:21.913Z"
"int_1786983334658_mp8eaa7oh","6a833392cee036cbf121a829","68ca54d976a72c2aed452e75","sess_21a829_0_1786983334513","view",1,21,,"category_browse","2026-07-05T14:24:56.363Z"
"int_1786983334729_3gyxm8hts","6a833392cee036cbf121a829","68ca54d976a72c2aed452ff2","sess_21a829_0_1786983334513","view",1,134,,"search","2026-07-05T14:25:16.360Z"
"int_1786983334957_q8rwaxvvu","6a833392cee036cbf121a829","68ca54d976a72c2aed452f41","sess_21a829_0_1786983334513","view",1,25,,"category_browse","2026-07-05T14:25:42.810Z"
"int_1786983334514_l1jn40zgb","6a833392cee036cbf121a829","68ca54d976a72c2aed452e73","sess_21a829_0_1786983334513","view",1,27,,"category_browse","2026-07-05T14:26:33.885Z"
"int_1786983335170_yr99zgj0r","6a833392cee036cbf121a829","68ca54d976a72c2aed452ef9","sess_21a829_1_1786983335028","view",1,12,,"category_browse","2026-07-07T14:25:59.255Z"
"int_1786983335028_c35bdiewo","6a833392cee036cbf121a829","68ca54d976a72c2aed452e75","sess_21a829_1_1786983335028","view",1,39,,"category_browse","2026-07-07T14:26:03.504Z"
"int_1786983335100_qh1198q70","6a833392cee036cbf121a829","68ca54d976a72c2aed452e9b","sess_21a829_1_1786983335028","view",1,24,,"category_browse","2026-07-07T14:26:36.838Z"
"int_1786983335244_6jj617r6r","6a833392cee036cbf121a829","68ca54d976a72c2aed452e85","sess_21a829_1_1786983335028","view",1,40,,"category_browse","2026-07-07T14:26:45.060Z"
"int_1786983335382_fz02q10rj","6a833392cee036cbf121a829","68ca54d976a72c2aed452e8b","sess_21a829_1_1786983335028","view",1,35,,"category_browse","2026-07-07T14:28:33.626Z"
"int_1786983335312_va734umps","6a833392cee036cbf121a829","68ca54d976a72c2aed452e88","sess_21a829_1_1786983335028","view",1,27,,"category_browse","2026-07-07T14:28:35.538Z"
"int_1786983335656_svot0agaj","6a833392cee036cbf121a829","68ca54d976a72c2aed452f17","sess_21a829_2_1786983335450","view",1,33,,"category_browse","2026-07-09T14:34:19.219Z"
"int_1786983335451_8ob90uocn","6a833392cee036cbf121a829","68ca54d976a72c2aed452e88","sess_21a829_2_1786983335450","view",1,31,,"category_browse","2026-07-09T14:34:21.022Z"
"int_1786983335519_5fvqpotg8","6a833392cee036cbf121a829","68ca54d976a72c2aed452e6c","sess_21a829_2_1786983335450","view",1,100,4,"search","2026-07-09T14:35:34.055Z"
"int_1786983335726_nnh6buxnb","6a833392cee036cbf121a829","68ca54d976a72c2aed452e73","sess_21a829_2_1786983335450","view",1,30,,"category_browse","2026-07-09T14:35:44.051Z"
"int_1786983335588_fybjgbrhr","6a833392cee036cbf121a829","68ca54d976a72c2aed452e6c","sess_21a829_2_1786983335450","like",3,0,4,"product_detail","2026-07-09T14:36:02.259Z"
"int_1786983335864_yksem0ttf","6a833392cee036cbf121a829","68ca54d976a72c2aed452e85","sess_21a829_2_1786983335450","view",1,26,,"category_browse","2026-07-09T14:36:11.064Z"
"int_1786983335795_qi2nzpszu","6a833392cee036cbf121a829","68ca54d976a72c2aed452e99","sess_21a829_2_1786983335450","view",1,33,,"category_browse","2026-07-09T14:36:25.220Z"
"int_1786983335934_hxr3ot56m","6a833392cee036cbf121a829","68ca54d976a72c2aed452e9b","sess_21a829_3_1786983335933","view",1,35,,"category_browse","2026-07-10T14:48:03.416Z"
"int_1786983336220_wksk6rv9v","6a833392cee036cbf121a829","68ca54d976a72c2aed452eaa","sess_21a829_3_1786983335933","view",1,10,,"category_browse","2026-07-10T14:49:14.289Z"
"int_1786983336150_55wttj2tg","6a833392cee036cbf121a829","68ca54d976a72c2aed452f17","sess_21a829_3_1786983335933","view",1,36,,"category_browse","2026-07-10T14:50:05.211Z"
"int_1786983336012_o6n84tgza","6a833392cee036cbf121a829","68ca54d976a72c2aed452e88","sess_21a829_3_1786983335933","view",1,11,,"category_browse","2026-07-10T14:50:14.190Z"
"int_1786983336080_9g2wrfk47","6a833392cee036cbf121a829","68ca54d976a72c2aed452e75","sess_21a829_3_1786983335933","view",1,45,,"category_browse","2026-07-10T14:50:36.501Z"
"int_1786983336428_jlozj0zdm","6a833392cee036cbf121a829","68ca54d976a72c2aed452f56","sess_21a829_4_1786983336291","view",1,15,,"category_browse","2026-07-14T15:29:32.472Z"
"int_1786983336524_8cvyadwzn","6a833392cee036cbf121a829","68ca54d976a72c2aed452e6c","sess_21a829_4_1786983336291","view",1,234,4,"recommendation","2026-07-14T15:29:46.920Z"
"int_1786983336360_wr866sxn2","6a833392cee036cbf121a829","68ca54d976a72c2aed452fa2","sess_21a829_4_1786983336291","view",1,16,,"category_browse","2026-07-14T15:30:45.703Z"
"int_1786983336292_h8bo2t5qc","6a833392cee036cbf121a829","68ca54d976a72c2aed452f17","sess_21a829_4_1786983336291","view",1,9,,"category_browse","2026-07-14T15:31:13.576Z"
"int_1786983336595_1pkh5ay5n","6a833392cee036cbf121a829","68ca54d976a72c2aed452e6c","sess_21a829_4_1786983336291","add_to_cart",5,0,4,"product_detail","2026-07-14T15:32:34.206Z"
"int_1786983336904_mlvc8luj9","6a833392cee036cbf121a829","68ca54d976a72c2aed452e75","sess_21a829_5_1786983336674","view",1,9,,"category_browse","2026-07-15T16:25:12.552Z"
"int_1786983336674_yvpwynkg5","6a833392cee036cbf121a829","68ca54d976a72c2aed452e6c","sess_21a829_5_1786983336674","view",1,101,4,"recommendation","2026-07-15T16:26:06.504Z"
"int_1786983336750_dxj61ig04","6a833392cee036cbf121a829","68ca54d976a72c2aed452e6c","sess_21a829_5_1786983336674","like",3,0,4,"product_detail","2026-07-15T16:26:34.943Z"
"int_1786983336974_y42oq43zu","6a833392cee036cbf121a829","68ca54d976a72c2aed452ef9","sess_21a829_5_1786983336674","view",1,9,,"category_browse","2026-07-15T16:27:06.539Z"
"int_1786983336831_sm1rd1sja","6a833392cee036cbf121a829","68ca54d976a72c2aed452e6c","sess_21a829_5_1786983336674","add_to_cart",5,0,4,"product_detail","2026-07-15T16:27:46.293Z"
"int_1786983337180_vyd3h9z82","6a833392cee036cbf121a829","68ca54d976a72c2aed452ea6","sess_21a829_6_1786983337041","view",1,265,,"recommendation","2026-07-19T16:43:07.533Z"
"int_1786983337250_njv6mptlf","6a833392cee036cbf121a829","68ca54d976a72c2aed452ea6","sess_21a829_6_1786983337041","like",3,0,,"product_detail","2026-07-19T16:43:33.980Z"
"int_1786983386173_0yk97ah63","6a833392cee036cbf121a82d","68ca54d976a72c2aed452f35","sess_21a82d_0_1786983386173","view",1,20,,"category_browse","2026-07-07T12:08:50.713Z"
"int_1786983386234_ookkx7q99","6a833392cee036cbf121a82d","68ca54d976a72c2aed452ff1","sess_21a82d_0_1786983386173","view",1,273,,"recommendation","2026-07-07T12:10:11.452Z"
"int_1786983386299_kfsyv97wo","6a833392cee036cbf121a82d","68ca54d976a72c2aed452ff1","sess_21a82d_0_1786983386173","like",3,0,,"product_detail","2026-07-07T12:10:28.396Z"
"int_1786983386552_9yscorh0w","6a833392cee036cbf121a82d","68ca54d976a72c2aed452fba","sess_21a82d_1_1786983386418","view",1,26,,"category_browse","2026-07-11T12:54:59.552Z"
"int_1786983386419_oo4yc6gf0","6a833392cee036cbf121a82d","68ca54d976a72c2aed452f4b","sess_21a82d_1_1786983386418","view",1,13,,"category_browse","2026-07-11T12:55:02.929Z"
"int_1786983386663_m1vnqcns5","6a833392cee036cbf121a82d","68ca54d976a72c2aed452e7b","sess_21a82d_1_1786983386418","view",1,32,,"category_browse","2026-07-11T12:55:34.112Z"
"int_1786983386719_cnvvbq9mq","6a833392cee036cbf121a82d","68ca54d976a72c2aed452f1f","sess_21a82d_1_1786983386418","view",1,34,,"category_browse","2026-07-11T12:55:42.102Z"
"int_1786983386497_v513cj99g","6a833392cee036cbf121a82d","68ca54d976a72c2aed452e85","sess_21a82d_1_1786983386418","view",1,38,,"category_browse","2026-07-11T12:56:32.371Z"
"int_1786983386607_9k37l3d85","6a833392cee036cbf121a82d","68ca54d976a72c2aed452e9a","sess_21a82d_1_1786983386418","view",1,45,,"category_browse","2026-07-11T12:56:40.551Z"
"int_1786983386836_qer1s9is5","6a833392cee036cbf121a82d","68ca54d976a72c2aed452f1f","sess_21a82d_2_1786983386775","view",1,9,,"category_browse","2026-07-12T13:11:34.401Z"
"int_1786983387203_wedenpprx","6a833392cee036cbf121a82d","68ca54d976a72c2aed452ea6","sess_21a82d_2_1786983386775","view",1,38,,"category_browse","2026-07-12T13:11:46.893Z"
"int_1786983387265_avmmrd0pt","6a833392cee036cbf121a82d","68ca54d976a72c2aed452ee1","sess_21a82d_2_1786983386775","view",1,12,,"category_browse","2026-07-12T13:12:27.020Z"
"int_1786983386775_eyip0b22k","6a833392cee036cbf121a82d","68ca54d976a72c2aed452e9b","sess_21a82d_2_1786983386775","view",1,28,,"category_browse","2026-07-12T13:12:31.941Z"
"int_1786983386948_4qgal49hy","6a833392cee036cbf121a82d","68ca54d976a72c2aed452eaa","sess_21a82d_2_1786983386775","view",1,274,5,"search","2026-07-12T13:12:42.935Z"
"int_1786983386893_r3i5xdhr9","6a833392cee036cbf121a82d","68ca54d976a72c2aed452ff2","sess_21a82d_2_1786983386775","view",1,186,,"recommendation","2026-07-12T13:12:53.478Z"
"int_1786983387004_rl9vbghbf","6a833392cee036cbf121a82d","68ca54d976a72c2aed452eaa","sess_21a82d_2_1786983386775","like",3,0,5,"product_detail","2026-07-12T13:13:03.028Z"
"int_1786983387144_019h3zuq3","6a833392cee036cbf121a82d","68ca54d976a72c2aed452eaa","sess_21a82d_2_1786983386775","add_to_cart",5,0,5,"product_detail","2026-07-12T13:13:32.347Z"
"int_1786983387563_f2wlgf1wz","6a833392cee036cbf121a82d","68ca54d976a72c2aed452ff2","sess_21a82d_3_1786983387320","view",1,278,,"recommendation","2026-07-15T13:57:23.206Z"
"int_1786983387623_8v9yulbcn","6a833392cee036cbf121a82d","68ca54d976a72c2aed452ff2","sess_21a82d_3_1786983387320","search_click",2,0,,"product_detail","2026-07-15T13:57:30.209Z"
"int_1786983387391_khykmgtkq","6a833392cee036cbf121a82d","68ca54d976a72c2aed452ff1","sess_21a82d_3_1786983387320","view",1,112,,"recommendation","2026-07-15T13:58:16.057Z"
"int_1786983387453_s4dc6ifs9","6a833392cee036cbf121a82d","68ca54d976a72c2aed452ff1","sess_21a82d_3_1786983387320","search_click",2,0,,"product_detail","2026-07-15T13:58:35.267Z"
"int_1786983327387_19j2tj5pb","6a833392cee036cbf121a827","68ca54d976a72c2aed452e92","sess_21a827_0_1786983327175","view",1,10,,"category_browse","2026-07-08T03:22:49.727Z"
"int_1786983327176_pxibm5q0h","6a833392cee036cbf121a827","68ca54d976a72c2aed452e85","sess_21a827_0_1786983327175","view",1,25,,"category_browse","2026-07-08T03:23:46.627Z"
"int_1786983327243_ebvxlo8n0","6a833392cee036cbf121a827","68ca54d976a72c2aed452e91","sess_21a827_0_1786983327175","view",1,176,,"recommendation","2026-07-08T03:23:47.940Z"
"int_1786983327319_pgzg14hrs","6a833392cee036cbf121a827","68ca54d976a72c2aed452e91","sess_21a827_0_1786983327175","like",3,0,,"product_detail","2026-07-08T03:24:13.340Z"
"int_1786983327458_wgcdndjk4","6a833392cee036cbf121a827","68ca54d976a72c2aed452e92","sess_21a827_1_1786983327458","view",1,30,,"category_browse","2026-07-10T03:48:43.265Z"
"int_1786983327532_nqp165ubu","6a833392cee036cbf121a827","68ca54d976a72c2aed452f6e","sess_21a827_1_1786983327458","view",1,8,,"category_browse","2026-07-10T03:49:42.281Z"
"int_1786983327601_zzy5syhoh","6a833392cee036cbf121a827","68ca54d976a72c2aed452f72","sess_21a827_1_1786983327458","view",1,160,,"search","2026-07-10T03:50:44.336Z"
"int_1786983327669_evef42npw","6a833392cee036cbf121a827","68ca54d976a72c2aed452f72","sess_21a827_1_1786983327458","like",3,0,,"product_detail","2026-07-10T03:51:02.236Z"
"int_1786983461743_wtxul1dr6","6a833393cee036cbf121a837","68ca54d976a72c2aed452e78","sess_21a837_0_1786983461684","view",1,276,5,"recommendation","2026-07-08T18:20:21.062Z"
"int_1786983461684_3ykhh3jg3","6a833393cee036cbf121a837","68ca54d976a72c2aed452f51","sess_21a837_0_1786983461684","view",1,31,,"category_browse","2026-07-08T18:21:42.016Z"
"int_1786983461808_mbdaosmer","6a833393cee036cbf121a837","68ca54d976a72c2aed452e78","sess_21a837_0_1786983461684","add_to_cart",5,0,5,"product_detail","2026-07-08T18:21:45.041Z"
"int_1786983461975_n224dkry8","6a833393cee036cbf121a837","68ca54d976a72c2aed452ec0","sess_21a837_1_1786983461865","view",1,23,,"category_browse","2026-07-10T18:37:55.980Z"
"int_1786983461865_dmh8nxezy","6a833393cee036cbf121a837","68ca54d976a72c2aed452f82","sess_21a837_1_1786983461865","view",1,15,,"category_browse","2026-07-10T18:38:54.189Z"
"int_1786983461921_w4z3c2oy8","6a833393cee036cbf121a837","68ca54d976a72c2aed452f51","sess_21a837_1_1786983461865","view",1,40,,"category_browse","2026-07-10T18:39:19.238Z"
"int_1786983462103_o0s1s9dox","6a833393cee036cbf121a837","68ca54d976a72c2aed452f82","sess_21a837_2_1786983462043","view",1,9,,"category_browse","2026-07-12T19:16:38.711Z"
"int_1786983462043_2rxru8j5p","6a833393cee036cbf121a837","68ca54d976a72c2aed452f96","sess_21a837_2_1786983462043","view",1,31,,"category_browse","2026-07-12T19:16:52.487Z"
"int_1786983462217_u8hbuagko","6a833393cee036cbf121a837","68ca54d976a72c2aed452ec5","sess_21a837_3_1786983462160","view",1,25,,"category_browse","2026-07-16T20:08:44.047Z"
"int_1786983462160_00x2a6t1y","6a833393cee036cbf121a837","68ca54d976a72c2aed452f8b","sess_21a837_3_1786983462160","view",1,8,,"category_browse","2026-07-16T20:09:51.814Z"
"int_1786983462275_sqc4f7oem","6a833393cee036cbf121a837","68ca54d976a72c2aed452f72","sess_21a837_3_1786983462160","view",1,231,,"search","2026-07-16T20:10:25.404Z"
"int_1786983462634_c36x3ms4r","6a833393cee036cbf121a837","68ca54d976a72c2aed452f6e","sess_21a837_4_1786983462331","view",1,37,,"category_browse","2026-07-18T21:06:01.748Z"
"int_1786983462332_e6wlau01t","6a833393cee036cbf121a837","68ca54d976a72c2aed452f72","sess_21a837_4_1786983462331","view",1,170,,"recommendation","2026-07-18T21:06:13.246Z"
"int_1786983462392_a989d8zz0","6a833393cee036cbf121a837","68ca54d976a72c2aed452f72","sess_21a837_4_1786983462331","search_click",2,0,,"product_detail","2026-07-18T21:06:34.751Z"
"int_1786983462520_yets09bis","6a833393cee036cbf121a837","68ca54d976a72c2aed452f22","sess_21a837_4_1786983462331","view",1,182,,"search","2026-07-18T21:06:39.427Z"
"int_1786983462450_49holw8bo","6a833393cee036cbf121a837","68ca54d976a72c2aed452f8b","sess_21a837_4_1786983462331","view",1,32,,"category_browse","2026-07-18T21:06:41.817Z"
"int_1786983462579_3v4fb3ven","6a833393cee036cbf121a837","68ca54d976a72c2aed452f0b","sess_21a837_4_1786983462331","view",1,16,,"category_browse","2026-07-18T21:06:53.497Z"
"int_1786983462759_7v87aewqy","6a833393cee036cbf121a837","68ca54d976a72c2aed452f82","sess_21a837_5_1786983462690","view",1,18,,"category_browse","2026-07-22T21:08:32.254Z"
"int_1786983367954_0ddojavy9","6a833392cee036cbf121a82b","68ca54d976a72c2aed452e78","sess_21a82b_0_1786983367882","view",1,211,,"search","2026-07-09T01:24:32.638Z"
"int_1786983368031_kkqx7onad","6a833392cee036cbf121a82b","68ca54d976a72c2aed452e78","sess_21a82b_0_1786983367882","search_click",2,0,,"product_detail","2026-07-09T01:24:50.082Z"
"int_1786983368088_d8wi3vrj2","6a833392cee036cbf121a82b","68ca54d976a72c2aed452f1f","sess_21a82b_0_1786983367882","view",1,13,,"category_browse","2026-07-09T01:24:56.930Z"
"int_1786983368155_l5vv86m8m","6a833392cee036cbf121a82b","68ca54d976a72c2aed452f82","sess_21a82b_0_1786983367882","view",1,37,,"category_browse","2026-07-09T01:25:17.480Z"
"int_1786983367883_yvfk9lq48","6a833392cee036cbf121a82b","68ca54d976a72c2aed452e9b","sess_21a82b_0_1786983367882","view",1,40,,"category_browse","2026-07-09T01:26:21.841Z"
"int_1786983368516_dbt8xxt8y","6a833392cee036cbf121a82b","68ca54d976a72c2aed452fb0","sess_21a82b_1_1786983368211","view",1,34,,"category_browse","2026-07-13T02:02:08.403Z"
"int_1786983368269_yfsu7t39u","6a833392cee036cbf121a82b","68ca54d976a72c2aed452f07","sess_21a82b_1_1786983368211","view",1,173,,"recommendation","2026-07-13T02:02:13.155Z"
"int_1786983368330_qu854kyi5","6a833392cee036cbf121a82b","68ca54d976a72c2aed452f07","sess_21a82b_1_1786983368211","like",3,0,,"product_detail","2026-07-13T02:02:29.385Z"
"int_1786983368447_ncv3wecka","6a833392cee036cbf121a82b","68ca54d976a72c2aed452fd2","sess_21a82b_1_1786983368211","view",1,15,,"category_browse","2026-07-13T02:03:30.171Z"
"int_1786983368387_bgk23rhzp","6a833392cee036cbf121a82b","68ca54d976a72c2aed452f95","sess_21a82b_1_1786983368211","view",1,29,,"category_browse","2026-07-13T02:03:41.103Z"
"int_1786983368211_n1bqwfw75","6a833392cee036cbf121a82b","68ca54d976a72c2aed452f8b","sess_21a82b_1_1786983368211","view",1,18,,"category_browse","2026-07-13T02:03:55.256Z"
"int_1786983368693_bi8r851tz","6a833392cee036cbf121a82b","68ca54d976a72c2aed452f1f","sess_21a82b_2_1786983368577","view",1,33,,"category_browse","2026-07-16T02:45:28.890Z"
"int_1786983368578_reo2qepbw","6a833392cee036cbf121a82b","68ca54d976a72c2aed452e77","sess_21a82b_2_1786983368577","view",1,14,,"category_browse","2026-07-16T02:46:00.680Z"
"int_1786983368633_vgwwph8wq","6a833392cee036cbf121a82b","68ca54d976a72c2aed452f96","sess_21a82b_2_1786983368577","view",1,29,,"category_browse","2026-07-16T02:46:22.273Z"
"int_1786983368753_3w85rz88y","6a833392cee036cbf121a82b","68ca54d976a72c2aed452e9e","sess_21a82b_2_1786983368577","view",1,264,4,"search","2026-07-16T02:46:31.724Z"
"int_1786983368814_kypofu7zq","6a833392cee036cbf121a82b","68ca54d976a72c2aed452e9e","sess_21a82b_3_1786983368814","view",1,92,4,"search","2026-07-18T03:13:52.889Z"
"int_1786983368873_146lul9ch","6a833392cee036cbf121a82b","68ca54d976a72c2aed452e9e","sess_21a82b_3_1786983368814","like",3,0,4,"product_detail","2026-07-18T03:14:12.410Z"
"int_1786983369025_kh2283hsa","6a833392cee036cbf121a82b","68ca54d976a72c2aed452f1f","sess_21a82b_3_1786983368814","view",1,43,,"category_browse","2026-07-18T03:14:37.407Z"
"int_1786983369294_gi2ie6xa2","6a833392cee036cbf121a82b","68ca54d976a72c2aed452f1f","sess_21a82b_4_1786983369102","view",1,23,,"category_browse","2026-07-20T03:47:30.652Z"
"int_1786983369408_mjp64ttl8","6a833392cee036cbf121a82b","68ca54d976a72c2aed452fda","sess_21a82b_4_1786983369102","view",1,32,,"category_browse","2026-07-20T03:47:41.708Z"
"int_1786983369102_mk0alow25","6a833392cee036cbf121a82b","68ca54d976a72c2aed452e9e","sess_21a82b_4_1786983369102","view",1,192,4,"search","2026-07-20T03:48:14.980Z"
"int_1786983442491_k26typ7ci","6a833393cee036cbf121a835","68ca54d976a72c2aed452f41","sess_21a835_0_1786983441996","view",1,10,,"category_browse","2026-07-09T07:01:30.222Z"
"int_1786983442344_m3scvhh7g","6a833393cee036cbf121a835","68ca54d976a72c2aed452ec4","sess_21a835_0_1786983441996","view",1,27,,"category_browse","2026-07-09T07:01:47.082Z"
"int_1786983442093_438q7ga5u","6a833393cee036cbf121a835","68ca54d976a72c2aed452f63","sess_21a835_0_1786983441996","view",1,111,,"search","2026-07-09T07:02:30.460Z"
"int_1786983442162_iw0v80sfj","6a833393cee036cbf121a835","68ca54d976a72c2aed452f63","sess_21a835_0_1786983441996","search_click",2,0,,"product_detail","2026-07-09T07:02:46.181Z"
"int_1786983441996_2jusm4f3r","6a833393cee036cbf121a835","68ca54d976a72c2aed452e65","sess_21a835_0_1786983441996","view",1,15,,"category_browse","2026-07-09T07:03:03.495Z"
"int_1786983442413_r1d888xj8","6a833393cee036cbf121a835","68ca54d976a72c2aed452e7a","sess_21a835_0_1786983441996","view",1,276,,"recommendation","2026-07-09T07:03:25.680Z"
"int_1786983442259_n2a3go03l","6a833393cee036cbf121a835","68ca54d976a72c2aed452f63","sess_21a835_0_1786983441996","add_to_cart",5,0,,"product_detail","2026-07-09T07:04:27.847Z"
"int_1786983442563_27v0hazew","6a833393cee036cbf121a835","68ca54d976a72c2aed452eb5","sess_21a835_1_1786983442563","view",1,32,,"category_browse","2026-07-12T07:39:15.514Z"
"int_1786983442698_e75qjhotb","6a833393cee036cbf121a835","68ca54d976a72c2aed452e7b","sess_21a835_1_1786983442563","view",1,33,,"category_browse","2026-07-12T07:39:22.264Z"
"int_1786983442630_575nix969","6a833393cee036cbf121a835","68ca54d976a72c2aed452fe8","sess_21a835_1_1786983442563","view",1,36,,"category_browse","2026-07-12T07:39:29.244Z"
"int_1786983442770_h0it602xm","6a833393cee036cbf121a835","68ca54d976a72c2aed452f57","sess_21a835_1_1786983442563","view",1,15,,"category_browse","2026-07-12T07:40:14.313Z"
"int_1786983443135_h51edx3b8","6a833393cee036cbf121a835","68ca54d976a72c2aed452e66","sess_21a835_2_1786983442841","view",1,18,,"category_browse","2026-07-14T08:05:33.251Z"
"int_1786983443065_e558ioi2e","6a833393cee036cbf121a835","68ca54d976a72c2aed452e65","sess_21a835_2_1786983442841","view",1,15,,"category_browse","2026-07-14T08:05:52.947Z"
"int_1786983404871_w7w5b702u","6a833392cee036cbf121a82f","68ca54d976a72c2aed452e95","sess_21a82f_0_1786983404699","view",1,36,,"category_browse","2026-07-09T22:58:35.056Z"
"int_1786983404932_yfab51omt","6a833392cee036cbf121a82f","68ca54d976a72c2aed452f52","sess_21a82f_0_1786983404699","view",1,34,,"category_browse","2026-07-09T23:00:02.788Z"
"int_1786983404700_iav1pmnga","6a833392cee036cbf121a82f","68ca54d976a72c2aed452eef","sess_21a82f_0_1786983404699","view",1,139,5,"recommendation","2026-07-09T23:00:50.602Z"
"int_1786983404757_sndnepcze","6a833392cee036cbf121a82f","68ca54d976a72c2aed452eef","sess_21a82f_0_1786983404699","like",3,0,5,"product_detail","2026-07-09T23:01:11.647Z"
"int_1786983404814_b0cl2961y","6a833392cee036cbf121a82f","68ca54d976a72c2aed452eef","sess_21a82f_0_1786983404699","add_to_cart",5,0,5,"product_detail","2026-07-09T23:03:33.322Z"
"int_1786983405072_gv3vyeo2o","6a833392cee036cbf121a82f","68ca54d976a72c2aed452e74","sess_21a82f_1_1786983405012","view",1,30,,"category_browse","2026-07-11T23:45:27.418Z"
"int_1786983405012_liyrxjblp","6a833392cee036cbf121a82f","68ca54d976a72c2aed452f3e","sess_21a82f_1_1786983405012","view",1,18,,"category_browse","2026-07-11T23:45:51.363Z"
"int_1786983405187_0dvgl75kq","6a833392cee036cbf121a82f","68ca54d976a72c2aed452f3e","sess_21a82f_2_1786983405129","view",1,11,,"category_browse","2026-07-14T00:18:29.798Z"
"int_1786983405129_4jjw40xd9","6a833392cee036cbf121a82f","68ca54d976a72c2aed452f0a","sess_21a82f_2_1786983405129","view",1,32,,"category_browse","2026-07-14T00:18:45.860Z"
"int_1786983405245_lzkoe4ual","6a833392cee036cbf121a82f","68ca54d976a72c2aed452f56","sess_21a82f_2_1786983405129","view",1,43,,"category_browse","2026-07-14T00:19:05.079Z"
"int_1786983405423_py09yai32","6a833392cee036cbf121a82f","68ca54d976a72c2aed452ee8","sess_21a82f_3_1786983405301","view",1,210,,"search","2026-07-18T01:04:34.036Z"
"int_1786983405302_tw23n6guk","6a833392cee036cbf121a82f","68ca54d976a72c2aed452edc","sess_21a82f_3_1786983405301","view",1,36,,"category_browse","2026-07-18T01:06:21.148Z"
"int_1786983405363_8u5wm010f","6a833392cee036cbf121a82f","68ca54d976a72c2aed452f0a","sess_21a82f_3_1786983405301","view",1,20,,"category_browse","2026-07-18T01:06:23.422Z"
"int_1786983405480_5ef6od5tg","6a833392cee036cbf121a82f","68ca54d976a72c2aed452efb","sess_21a82f_3_1786983405301","view",1,167,,"search","2026-07-18T01:06:34.775Z"
"int_1786983498192_4sm1f00vj","6a833393cee036cbf121a83d","68ca54d976a72c2aed452edc","sess_21a83d_0_1786983498191","view",1,29,,"category_browse","2026-07-10T02:20:00.608Z"
"int_1786983498265_0v4lejgq9","6a833393cee036cbf121a83d","68ca54d976a72c2aed452ef8","sess_21a83d_0_1786983498191","view",1,126,,"search","2026-07-10T02:20:57.328Z"
"int_1786983498337_xr66zl0v1","6a833393cee036cbf121a83d","68ca54d976a72c2aed452ef8","sess_21a83d_0_1786983498191","like",3,0,,"product_detail","2026-07-10T02:21:13.509Z"
"int_1786983498406_p6y22258y","6a833393cee036cbf121a83d","68ca54d976a72c2aed452ef8","sess_21a83d_0_1786983498191","add_to_cart",5,0,,"product_detail","2026-07-10T02:22:09.291Z"
"int_1786983498631_73e9q3svv","6a833393cee036cbf121a83d","68ca54d976a72c2aed452f1b","sess_21a83d_1_1786983498477","view",1,15,,"category_browse","2026-07-12T02:27:51.069Z"
"int_1786983498706_z3784kw2k","6a833393cee036cbf121a83d","68ca54d976a72c2aed452edc","sess_21a83d_1_1786983498477","view",1,42,,"category_browse","2026-07-12T02:28:40.241Z"
"int_1786983498548_tdvjgemks","6a833393cee036cbf121a83d","68ca54d976a72c2aed452ee9","sess_21a83d_1_1786983498477","view",1,131,,"recommendation","2026-07-12T02:28:48.863Z"
"int_1786983498477_vcql3v6zu","6a833393cee036cbf121a83d","68ca54d976a72c2aed452fac","sess_21a83d_1_1786983498477","view",1,24,,"category_browse","2026-07-12T02:30:37.045Z"
"int_1786983419013_v5qo4ss3f","6a833392cee036cbf121a831","68ca54d976a72c2aed452e9e","sess_21a831_0_1786983418830","view",1,28,,"category_browse","2026-07-10T09:34:25.999Z"
"int_1786983418891_lj07vtcmw","6a833392cee036cbf121a831","68ca54d976a72c2aed452e78","sess_21a831_0_1786983418830","view",1,30,,"category_browse","2026-07-10T09:34:34.859Z"
"int_1786983418951_6xy5teirg","6a833392cee036cbf121a831","68ca54d976a72c2aed452fa5","sess_21a831_0_1786983418830","view",1,14,,"category_browse","2026-07-10T09:35:08.671Z"
"int_1786983418830_6crs1g0sx","6a833392cee036cbf121a831","68ca54d976a72c2aed452f95","sess_21a831_0_1786983418830","view",1,23,,"category_browse","2026-07-10T09:35:31.392Z"
"int_1786983419067_d72nrwuar","6a833392cee036cbf121a831","68ca54d976a72c2aed452fd2","sess_21a831_0_1786983418830","view",1,17,,"category_browse","2026-07-10T09:36:35.893Z"
"int_1786983419313_0kaog3mrv","6a833392cee036cbf121a831","68ca54d976a72c2aed452f95","sess_21a831_1_1786983419129","view",1,44,,"category_browse","2026-07-11T10:21:14.655Z"
"int_1786983419129_tjen1rw1d","6a833392cee036cbf121a831","68ca54d976a72c2aed452fda","sess_21a831_1_1786983419129","view",1,99,3,"search","2026-07-11T10:22:22.502Z"
"int_1786983419198_2oaz7w7xt","6a833392cee036cbf121a831","68ca54d976a72c2aed452fda","sess_21a831_1_1786983419129","search_click",2,0,3,"product_detail","2026-07-11T10:22:48.164Z"
"int_1786983419256_fbvh9z4rb","6a833392cee036cbf121a831","68ca54d976a72c2aed452fda","sess_21a831_1_1786983419129","add_to_cart",5,0,3,"product_detail","2026-07-11T10:24:55.671Z"
"int_1786983419562_4nd8d0z4y","6a833392cee036cbf121a831","68ca54d976a72c2aed452e78","sess_21a831_2_1786983419373","view",1,37,,"category_browse","2026-07-15T11:07:14.110Z"
"int_1786983419374_feghvyqrb","6a833392cee036cbf121a831","68ca54d976a72c2aed452f6e","sess_21a831_2_1786983419373","view",1,237,,"search","2026-07-15T11:08:19.072Z"
"int_1786983419504_a3qyxmihe","6a833392cee036cbf121a831","68ca54d976a72c2aed452f09","sess_21a831_2_1786983419373","view",1,30,,"category_browse","2026-07-15T11:08:41.093Z"
"int_1786983419429_gpadl6s6j","6a833392cee036cbf121a831","68ca54d976a72c2aed452f6e","sess_21a831_2_1786983419373","add_to_cart",5,0,,"product_detail","2026-07-15T11:09:04.226Z"
"int_1786983419620_i9hq5mxea","6a833392cee036cbf121a831","68ca54d976a72c2aed452f6e","sess_21a831_3_1786983419619","view",1,261,,"search","2026-07-16T11:08:09.436Z"
"int_1786983419679_mktewbm7z","6a833392cee036cbf121a831","68ca54d976a72c2aed452f6e","sess_21a831_3_1786983419619","like",3,0,,"product_detail","2026-07-16T11:08:26.218Z"
"int_1786983419855_0wkqxnxf9","6a833392cee036cbf121a831","68ca54d976a72c2aed452e85","sess_21a831_3_1786983419619","view",1,43,,"category_browse","2026-07-16T11:08:58.765Z"
"int_1786983419792_kqfbzuy7y","6a833392cee036cbf121a831","68ca54d976a72c2aed452f6e","sess_21a831_3_1786983419619","add_to_cart",5,0,,"product_detail","2026-07-16T11:09:07.505Z"
"int_1786983436699_4ad2bmnn0","6a833392cee036cbf121a833","68ca54d976a72c2aed452f32","sess_21a833_0_1786983436636","view",1,36,,"category_browse","2026-07-10T20:09:03.777Z"
"int_1786983436636_p654x6ywv","6a833392cee036cbf121a833","68ca54d976a72c2aed452edc","sess_21a833_0_1786983436636","view",1,34,,"category_browse","2026-07-10T20:09:30.188Z"
"int_1786983436788_7wuans7tu","6a833392cee036cbf121a833","68ca54d976a72c2aed452e95","sess_21a833_1_1786983436788","view",1,23,,"category_browse","2026-07-13T20:34:31.988Z"
"int_1786983436858_q6myxk5pq","6a833392cee036cbf121a833","68ca54d976a72c2aed452eef","sess_21a833_1_1786983436788","view",1,213,,"search","2026-07-13T20:35:11.030Z"
"int_1786983436913_zsk4qmpaw","6a833392cee036cbf121a833","68ca54d976a72c2aed452eef","sess_21a833_1_1786983436788","like",3,0,,"product_detail","2026-07-13T20:35:39.531Z"
"int_1786983437040_nuiiejwxr","6a833392cee036cbf121a833","68ca54d976a72c2aed452e74","sess_21a833_1_1786983436788","view",1,19,,"category_browse","2026-07-13T20:35:41.801Z"
"int_1786983436983_g2rlymf1w","6a833392cee036cbf121a833","68ca54d976a72c2aed452fc1","sess_21a833_1_1786983436788","view",1,25,,"category_browse","2026-07-13T20:36:19.605Z"
"int_1786983437220_lu74s1d8y","6a833392cee036cbf121a833","68ca54d976a72c2aed452f5c","sess_21a833_2_1786983437096","view",1,8,,"category_browse","2026-07-17T21:13:22.971Z"
"int_1786983515804_xjme7s42h","6a833393cee036cbf121a843","68ca54d976a72c2aed452e62","sess_21a843_0_1786983515508","view",1,41,,"category_browse","2026-07-11T11:07:56.516Z"
"int_1786983515873_u9xfddt3e","6a833393cee036cbf121a843","68ca54d976a72c2aed452f16","sess_21a843_0_1786983515508","view",1,264,,"recommendation","2026-07-11T11:08:20.004Z"
"int_1786983515584_xgjca0es5","6a833393cee036cbf121a843","68ca54d976a72c2aed452fac","sess_21a843_0_1786983515508","view",1,247,5,"search","2026-07-11T11:10:22.604Z"
"int_1786983515734_d83gfhwib","6a833393cee036cbf121a843","68ca54d976a72c2aed452ebd","sess_21a843_0_1786983515508","view",1,13,,"category_browse","2026-07-11T11:10:26.156Z"
"int_1786983515508_pqilaycy9","6a833393cee036cbf121a843","68ca54d976a72c2aed452edb","sess_21a843_0_1786983515508","view",1,34,,"category_browse","2026-07-11T11:10:30.879Z"
"int_1786983515661_od9kuutw1","6a833393cee036cbf121a843","68ca54d976a72c2aed452fac","sess_21a843_0_1786983515508","add_to_cart",5,0,5,"product_detail","2026-07-11T11:11:11.392Z"
"int_1786983515942_4o2u2yzci","6a833393cee036cbf121a843","68ca54d976a72c2aed452f41","sess_21a843_1_1786983515941","view",1,36,,"category_browse","2026-07-13T11:57:15.880Z"
"int_1786983516013_h29g5vvw9","6a833393cee036cbf121a843","68ca54d976a72c2aed452fe7","sess_21a843_1_1786983515941","view",1,21,,"category_browse","2026-07-13T11:57:42.174Z"
"int_1786983516082_5aln739cc","6a833393cee036cbf121a843","68ca54d976a72c2aed452ebd","sess_21a843_2_1786983516081","view",1,31,,"category_browse","2026-07-15T12:17:59.363Z"
"int_1786983516156_lq8nsmyuo","6a833393cee036cbf121a843","68ca54d976a72c2aed452efe","sess_21a843_2_1786983516081","view",1,10,,"category_browse","2026-07-15T12:18:05.952Z"
"int_1786983516295_wmiqax6f7","6a833393cee036cbf121a843","68ca54d976a72c2aed452e90","sess_21a843_3_1786983516225","view",1,36,,"category_browse","2026-07-19T12:51:25.934Z"
"int_1786983516363_cexs55vim","6a833393cee036cbf121a843","68ca54d976a72c2aed452e7a","sess_21a843_3_1786983516225","view",1,18,,"category_browse","2026-07-19T12:51:46.233Z"
"int_1786983516225_7banj4jyz","6a833393cee036cbf121a843","68ca54d976a72c2aed452f33","sess_21a843_3_1786983516225","view",1,13,,"category_browse","2026-07-19T12:52:04.605Z"
"int_1786983526693_8xyydrvqq","6a833394cee036cbf121a845","68ca54d976a72c2aed452e6e","sess_21a845_0_1786983526637","view",1,29,,"category_browse","2026-07-11T21:20:41.445Z"
"int_1786983526759_npf40lsj4","6a833394cee036cbf121a845","68ca54d976a72c2aed452e88","sess_21a845_0_1786983526637","view",1,26,,"category_browse","2026-07-11T21:21:42.886Z"
"int_1786983526815_8kg98zet8","6a833394cee036cbf121a845","68ca54d976a72c2aed452eac","sess_21a845_0_1786983526637","view",1,203,,"recommendation","2026-07-11T21:22:00.287Z"
"int_1786983526879_m8whpqv6w","6a833394cee036cbf121a845","68ca54d976a72c2aed452eac","sess_21a845_0_1786983526637","like",3,0,,"product_detail","2026-07-11T21:22:29.687Z"
"int_1786983526637_koa3j05an","6a833394cee036cbf121a845","68ca54d976a72c2aed452f64","sess_21a845_0_1786983526637","view",1,30,,"category_browse","2026-07-11T21:23:17.813Z"
"int_1786983527046_nf4b79war","6a833394cee036cbf121a845","68ca54d976a72c2aed452ee8","sess_21a845_1_1786983526933","view",1,169,,"search","2026-07-14T21:21:41.420Z"
"int_1786983527101_xdghftvv2","6a833394cee036cbf121a845","68ca54d976a72c2aed452ee8","sess_21a845_1_1786983526933","search_click",2,0,,"product_detail","2026-07-14T21:21:47.945Z"
"int_1786983526933_74blo9i06","6a833394cee036cbf121a845","68ca54d976a72c2aed452eb8","sess_21a845_1_1786983526933","view",1,25,,"category_browse","2026-07-14T21:21:54.986Z"
"int_1786983479720_5yxkrulmi","6a833393cee036cbf121a839","68ca54d976a72c2aed452ef9","sess_21a839_0_1786983479719","view",1,112,,"recommendation","2026-07-12T04:53:14.220Z"
"int_1786983479780_r23a4pot9","6a833393cee036cbf121a839","68ca54d976a72c2aed452e65","sess_21a839_0_1786983479719","view",1,90,,"search","2026-07-12T04:54:23.977Z"
"int_1786983479842_u82r1hxjf","6a833393cee036cbf121a839","68ca54d976a72c2aed452e65","sess_21a839_0_1786983479719","search_click",2,0,,"product_detail","2026-07-12T04:54:53.332Z"
"int_1786983479964_kfzl2zgil","6a833393cee036cbf121a839","68ca54d976a72c2aed452e65","sess_21a839_1_1786983479903","view",1,247,,"search","2026-07-14T05:28:18.956Z"
"int_1786983479904_3brllg30v","6a833393cee036cbf121a839","68ca54d976a72c2aed452ef9","sess_21a839_1_1786983479903","view",1,98,,"search","2026-07-14T05:28:46.161Z"
"int_1786983480026_7pd1ut427","6a833393cee036cbf121a839","68ca54d976a72c2aed452f16","sess_21a839_1_1786983479903","view",1,19,,"category_browse","2026-07-14T05:28:58.290Z"
"int_1786983480086_rkowzaj1u","6a833393cee036cbf121a839","68ca54d976a72c2aed452fac","sess_21a839_1_1786983479903","view",1,34,,"category_browse","2026-07-14T05:30:22.724Z"
"int_1786983480144_bgqsb575s","6a833393cee036cbf121a839","68ca54d976a72c2aed452ef9","sess_21a839_2_1786983480143","view",1,181,,"recommendation","2026-07-17T06:14:56.540Z"
"int_1786983480201_uy3z2za3m","6a833393cee036cbf121a839","68ca54d976a72c2aed452ef9","sess_21a839_2_1786983480143","add_to_cart",5,0,,"product_detail","2026-07-17T06:15:59.488Z"
"int_1786983480333_ismskszz2","6a833393cee036cbf121a839","68ca54d976a72c2aed452f05","sess_21a839_2_1786983480143","view",1,43,,"category_browse","2026-07-17T06:16:07.919Z"
"int_1786983480269_s2nknzizu","6a833393cee036cbf121a839","68ca54d976a72c2aed452f58","sess_21a839_2_1786983480143","view",1,41,,"category_browse","2026-07-17T06:16:09.317Z"
"int_1786983480646_1w7pu5stx","6a833393cee036cbf121a839","68ca54d976a72c2aed452fe7","sess_21a839_3_1786983480391","view",1,43,,"category_browse","2026-07-21T06:21:13.686Z"
"int_1786983480452_6mx1s61xh","6a833393cee036cbf121a839","68ca54d976a72c2aed452e65","sess_21a839_3_1786983480391","view",1,190,,"search","2026-07-21T06:21:16.193Z"
"int_1786983480704_9ooj83xlp","6a833393cee036cbf121a839","68ca54d976a72c2aed452e7a","sess_21a839_3_1786983480391","view",1,26,,"category_browse","2026-07-21T06:21:59.195Z"
"int_1786983480518_1qp5df9jv","6a833393cee036cbf121a839","68ca54d976a72c2aed452ef9","sess_21a839_3_1786983480391","view",1,215,,"recommendation","2026-07-21T06:22:44.656Z"
"int_1786983480582_l98nnao3o","6a833393cee036cbf121a839","68ca54d976a72c2aed452ef9","sess_21a839_3_1786983480391","like",3,0,,"product_detail","2026-07-21T06:23:05.134Z"
"int_1786983480392_s91508zri","6a833393cee036cbf121a839","68ca54d976a72c2aed452e77","sess_21a839_3_1786983480391","view",1,40,,"category_browse","2026-07-21T06:23:20.299Z"
"int_1786983481049_ylm0jms3n","6a833393cee036cbf121a839","68ca54d976a72c2aed452e65","sess_21a839_4_1786983480768","view",1,234,,"recommendation","2026-07-22T06:42:05.438Z"
"int_1786983481109_bogko4c21","6a833393cee036cbf121a839","68ca54d976a72c2aed452e65","sess_21a839_4_1786983480768","search_click",2,0,,"product_detail","2026-07-22T06:42:34.097Z"
"int_1786983480988_2fzzqc03r","6a833393cee036cbf121a839","68ca54d976a72c2aed452efe","sess_21a839_4_1786983480768","view",1,13,,"category_browse","2026-07-22T06:42:55.757Z"
"int_1786983480923_ga3vwgvi1","6a833393cee036cbf121a839","68ca54d976a72c2aed452fac","sess_21a839_4_1786983480768","view",1,42,,"category_browse","2026-07-22T06:42:57.141Z"
"int_1786983480837_fj8yf5604","6a833393cee036cbf121a839","68ca54d976a72c2aed452e77","sess_21a839_4_1786983480768","view",1,40,,"category_browse","2026-07-22T06:43:23.077Z"
"int_1786983480769_zyfs5tbbu","6a833393cee036cbf121a839","68ca54d976a72c2aed452f05","sess_21a839_4_1786983480768","view",1,24,,"category_browse","2026-07-22T06:44:06.383Z"
"int_1786983481639_pu6ogblb8","6a833393cee036cbf121a839","68ca54d976a72c2aed452fac","sess_21a839_5_1786983481168","view",1,23,,"category_browse","2026-07-25T07:08:14.151Z"
"int_1786983481577_0d8cgh0dk","6a833393cee036cbf121a839","68ca54d976a72c2aed452e62","sess_21a839_5_1786983481168","view",1,36,,"category_browse","2026-07-25T07:08:41.136Z"
"int_1786983481226_x2w4oip7v","6a833393cee036cbf121a839","68ca54d976a72c2aed452f41","sess_21a839_5_1786983481168","view",1,119,,"recommendation","2026-07-25T07:08:47.971Z"
"int_1786983534139_t6r1pseqx","6a833394cee036cbf121a847","68ca54d976a72c2aed452fd2","sess_21a847_0_1786983534138","view",1,39,,"category_browse","2026-07-12T08:47:39.140Z"
"int_1786983534196_i4z6crmzu","6a833394cee036cbf121a847","68ca54d976a72c2aed452fd9","sess_21a847_0_1786983534138","view",1,94,,"recommendation","2026-07-12T08:50:01.556Z"
"int_1786983534261_gofzy1qtx","6a833394cee036cbf121a847","68ca54d976a72c2aed452fd9","sess_21a847_0_1786983534138","like",3,0,,"product_detail","2026-07-12T08:50:11.525Z"
"int_1786983534434_pudyqd78n","6a833394cee036cbf121a847","68ca54d976a72c2aed452e78","sess_21a847_1_1786983534320","view",1,15,,"category_browse","2026-07-14T08:50:41.630Z"
"int_1786983534377_7uymw4ydj","6a833394cee036cbf121a847","68ca54d976a72c2aed452e79","sess_21a847_1_1786983534320","view",1,38,,"category_browse","2026-07-14T08:51:37.182Z"
"int_1786983534320_ogxr2tzpp","6a833394cee036cbf121a847","68ca54d976a72c2aed452e95","sess_21a847_1_1786983534320","view",1,42,,"category_browse","2026-07-14T08:51:41.345Z"
"int_1786983534506_1phxgcnez","6a833394cee036cbf121a847","68ca54d976a72c2aed452ec1","sess_21a847_1_1786983534320","view",1,168,,"recommendation","2026-07-14T08:52:00.882Z"
"int_1786983534574_u7102jdy9","6a833394cee036cbf121a847","68ca54d976a72c2aed452ec1","sess_21a847_1_1786983534320","like",3,0,,"product_detail","2026-07-14T08:52:13.183Z"
"int_1786983494928_r7uoncohr","6a833393cee036cbf121a83b","68ca54d976a72c2aed452fab","sess_21a83b_0_1786983494927","view",1,31,,"category_browse","2026-07-12T16:01:56.472Z"
"int_1786983495069_kqy913ptj","6a833393cee036cbf121a83b","68ca54d976a72c2aed452e79","sess_21a83b_0_1786983494927","view",1,233,,"search","2026-07-12T16:02:26.888Z"
"int_1786983494998_549b706v9","6a833393cee036cbf121a83b","68ca54d976a72c2aed452eb9","sess_21a83b_0_1786983494927","view",1,38,,"category_browse","2026-07-12T16:02:37.556Z"
"int_1786983495145_stg5r3q6r","6a833393cee036cbf121a83b","68ca54d976a72c2aed452fd2","sess_21a83b_1_1786983495145","view",1,91,,"recommendation","2026-07-16T16:49:52.116Z"
"int_1786983495221_y0wby1xls","6a833393cee036cbf121a83b","68ca54d976a72c2aed452f72","sess_21a83b_1_1786983495145","view",1,22,,"category_browse","2026-07-16T16:50:22.393Z"
"int_1786983503310_ey6gra4ei","6a833393cee036cbf121a83f","68ca54d976a72c2aed452eac","sess_21a83f_0_1786983503238","view",1,203,,"search","2026-07-13T13:35:44.296Z"
"int_1786983503378_isxnpfqpj","6a833393cee036cbf121a83f","68ca54d976a72c2aed452eac","sess_21a83f_0_1786983503238","like",3,0,,"product_detail","2026-07-13T13:36:06.822Z"
"int_1786983503515_8wiube8ci","6a833393cee036cbf121a83f","68ca54d976a72c2aed452f02","sess_21a83f_0_1786983503238","view",1,29,,"category_browse","2026-07-13T13:36:20.067Z"
"int_1786983503445_pz1r58pru","6a833393cee036cbf121a83f","68ca54d976a72c2aed452eac","sess_21a83f_0_1786983503238","add_to_cart",5,0,,"product_detail","2026-07-13T13:37:19.395Z"
"int_1786983503239_cuootjq9g","6a833393cee036cbf121a83f","68ca54d976a72c2aed452ee7","sess_21a83f_0_1786983503238","view",1,29,,"category_browse","2026-07-13T13:37:22.249Z"
"int_1786983504034_o7k72jwgv","6a833393cee036cbf121a83f","68ca54d976a72c2aed452f44","sess_21a83f_1_1786983503583","view",1,43,,"category_browse","2026-07-15T13:51:27.962Z"
"int_1786983503584_qy703l1w6","6a833393cee036cbf121a83f","68ca54d976a72c2aed452e62","sess_21a83f_1_1786983503583","view",1,27,,"category_browse","2026-07-15T13:52:28.836Z"
"int_1786983503654_hpfygx8w6","6a833393cee036cbf121a83f","68ca54d976a72c2aed452eac","sess_21a83f_1_1786983503583","view",1,112,,"recommendation","2026-07-15T13:53:25.014Z"
"int_1786983508509_0ql28d9se","6a833393cee036cbf121a841","68ca54d976a72c2aed452ec0","sess_21a841_0_1786983508350","view",1,19,,"category_browse","2026-07-13T23:41:32.749Z"
"int_1786983508437_gl326qlct","6a833393cee036cbf121a841","68ca54d976a72c2aed452f0f","sess_21a841_0_1786983508350","view",1,43,,"category_browse","2026-07-13T23:41:34.228Z"
"int_1786983508351_h8at3ubor","6a833393cee036cbf121a841","68ca54d976a72c2aed452e97","sess_21a841_0_1786983508350","view",1,22,,"category_browse","2026-07-13T23:42:33.712Z"
"int_1786983508580_xa2refb1e","6a833393cee036cbf121a841","68ca54d976a72c2aed452efe","sess_21a841_1_1786983508579","view",1,22,,"category_browse","2026-07-15T23:58:08.811Z"
"int_1786983508652_eb1mo0qld","6a833393cee036cbf121a841","68ca54d976a72c2aed452f58","sess_21a841_1_1786983508579","view",1,17,,"category_browse","2026-07-15T23:58:24.561Z"
"int_1786983508807_jtg7s09xr","6a833393cee036cbf121a841","68ca54d976a72c2aed452fac","sess_21a841_2_1786983508722","view",1,30,,"category_browse","2026-07-17T00:03:16.522Z"
"int_1786983508723_ul27qu6al","6a833393cee036cbf121a841","68ca54d976a72c2aed452e97","sess_21a841_2_1786983508722","view",1,9,,"category_browse","2026-07-17T00:03:22.504Z"
"int_1786983508880_mpkn4dhdo","6a833393cee036cbf121a841","68ca54d976a72c2aed452e63","sess_21a841_3_1786983508880","view",1,45,,"category_browse","2026-07-18T00:46:25.423Z"
"int_1786983508959_qolriorsb","6a833393cee036cbf121a841","68ca54d976a72c2aed452fac","sess_21a841_3_1786983508880","view",1,40,,"category_browse","2026-07-18T00:47:36.526Z"
"int_1786983566620_fftftk6yb","6a833394cee036cbf121a84f","68ca54d976a72c2aed452f94","sess_21a84f_0_1786983566258","view",1,95,,"search","2026-07-14T03:43:25.224Z"
"int_1786983566259_3v4ko8qz7","6a833394cee036cbf121a84f","68ca54d976a72c2aed452eb6","sess_21a84f_0_1786983566258","view",1,28,,"category_browse","2026-07-14T03:43:36.295Z"
"int_1786983566547_gc6tbe7n6","6a833394cee036cbf121a84f","68ca54d976a72c2aed452f51","sess_21a84f_0_1786983566258","view",1,44,,"category_browse","2026-07-14T03:43:55.094Z"
"int_1786983566334_imshckd90","6a833394cee036cbf121a84f","68ca54d976a72c2aed452faf","sess_21a84f_0_1786983566258","view",1,139,5,"search","2026-07-14T03:45:29.125Z"
"int_1786983566404_2wcio0y4x","6a833394cee036cbf121a84f","68ca54d976a72c2aed452faf","sess_21a84f_0_1786983566258","search_click",2,0,5,"product_detail","2026-07-14T03:45:42.142Z"
"int_1786983566474_5vu5voki5","6a833394cee036cbf121a84f","68ca54d976a72c2aed452faf","sess_21a84f_0_1786983566258","add_to_cart",5,0,5,"product_detail","2026-07-14T03:47:02.738Z"
"int_1786983566693_5v2smu0d3","6a833394cee036cbf121a84f","68ca54d976a72c2aed452e63","sess_21a84f_1_1786983566692","view",1,26,,"category_browse","2026-07-18T04:14:16.683Z"
"int_1786983566765_egw6ssjjq","6a833394cee036cbf121a84f","68ca54d976a72c2aed452f63","sess_21a84f_1_1786983566692","view",1,44,,"category_browse","2026-07-18T04:14:55.013Z"
"int_1786983566834_i7w2yjylu","6a833394cee036cbf121a84f","68ca54d976a72c2aed452e65","sess_21a84f_1_1786983566692","view",1,10,,"category_browse","2026-07-18T04:15:43.692Z"
"int_1786983567113_tzs0z2bl3","6a833394cee036cbf121a84f","68ca54d976a72c2aed452efe","sess_21a84f_2_1786983566903","view",1,110,,"search","2026-07-21T04:43:03.152Z"
"int_1786983566971_m38q40rrb","6a833394cee036cbf121a84f","68ca54d976a72c2aed452ec0","sess_21a84f_2_1786983566903","view",1,244,,"recommendation","2026-07-21T04:43:23.626Z"
"int_1786983567041_x18jy48wi","6a833394cee036cbf121a84f","68ca54d976a72c2aed452ec0","sess_21a84f_2_1786983566903","search_click",2,0,,"product_detail","2026-07-21T04:43:30.632Z"
"int_1786983566903_r6oxbjpuf","6a833394cee036cbf121a84f","68ca54d976a72c2aed452f63","sess_21a84f_2_1786983566903","view",1,29,,"category_browse","2026-07-21T04:44:00.738Z"
"int_1786983547884_bxs5g28fx","6a833394cee036cbf121a84b","68ca54d976a72c2aed452faf","sess_21a84b_0_1786983547654","view",1,126,,"recommendation","2026-07-14T06:24:13.420Z"
"int_1786983547807_0ydcavjgk","6a833394cee036cbf121a84b","68ca54d976a72c2aed452ec7","sess_21a84b_0_1786983547654","view",1,25,,"category_browse","2026-07-14T06:24:34.607Z"
"int_1786983547724_gpodwfe65","6a833394cee036cbf121a84b","68ca54d976a72c2aed452e97","sess_21a84b_0_1786983547654","view",1,15,,"category_browse","2026-07-14T06:24:41.521Z"
"int_1786983547959_81hpenne5","6a833394cee036cbf121a84b","68ca54d976a72c2aed452e65","sess_21a84b_0_1786983547654","view",1,32,,"category_browse","2026-07-14T06:25:40.239Z"
"int_1786983547654_t84gr3l6z","6a833394cee036cbf121a84b","68ca54d976a72c2aed452e62","sess_21a84b_0_1786983547654","view",1,17,,"category_browse","2026-07-14T06:25:42.353Z"
"int_1786983548257_qng7wng2r","6a833394cee036cbf121a84b","68ca54d976a72c2aed452e97","sess_21a84b_1_1786983548027","view",1,43,,"category_browse","2026-07-15T07:01:24.397Z"
"int_1786983548107_iotzyyh8h","6a833394cee036cbf121a84b","68ca54d976a72c2aed452f58","sess_21a84b_1_1786983548027","view",1,208,,"search","2026-07-15T07:02:06.745Z"
"int_1786983548184_2cjsc4b0s","6a833394cee036cbf121a84b","68ca54d976a72c2aed452f94","sess_21a84b_1_1786983548027","view",1,38,,"category_browse","2026-07-15T07:02:19.548Z"
"int_1786983548326_3j2bboa79","6a833394cee036cbf121a84b","68ca54d976a72c2aed452fe7","sess_21a84b_1_1786983548027","view",1,25,,"category_browse","2026-07-15T07:02:49.911Z"
"int_1786983548027_d2oqvdyd5","6a833394cee036cbf121a84b","68ca54d976a72c2aed452e62","sess_21a84b_1_1786983548027","view",1,34,,"category_browse","2026-07-15T07:03:05.255Z"
"int_1786983548539_vlm7ggfsa","6a833394cee036cbf121a84b","68ca54d976a72c2aed452ec5","sess_21a84b_2_1786983548396","view",1,26,,"category_browse","2026-07-18T07:45:25.922Z"
"int_1786983548609_gotk5nx4s","6a833394cee036cbf121a84b","68ca54d976a72c2aed452fe7","sess_21a84b_2_1786983548396","view",1,22,,"category_browse","2026-07-18T07:46:12.026Z"
"int_1786983548683_58le5nqt8","6a833394cee036cbf121a84b","68ca54d976a72c2aed452eb9","sess_21a84b_2_1786983548396","view",1,126,,"search","2026-07-18T07:46:43.351Z"
"int_1786983548755_dusqdj1zl","6a833394cee036cbf121a84b","68ca54d976a72c2aed452eb9","sess_21a84b_2_1786983548396","like",3,0,,"product_detail","2026-07-18T07:46:55.857Z"
"int_1786983548396_ofdxn0env","6a833394cee036cbf121a84b","68ca54d976a72c2aed452fd3","sess_21a84b_2_1786983548396","view",1,163,,"recommendation","2026-07-18T07:47:22.060Z"
"int_1786983548471_75ry8jr3d","6a833394cee036cbf121a84b","68ca54d976a72c2aed452fd3","sess_21a84b_2_1786983548396","like",3,0,,"product_detail","2026-07-18T07:47:34.224Z"
"int_1786983548823_4q0oayos6","6a833394cee036cbf121a84b","68ca54d976a72c2aed452eb9","sess_21a84b_2_1786983548396","add_to_cart",5,0,,"product_detail","2026-07-18T07:48:52.080Z"
"int_1786983549044_5a5116s5t","6a833394cee036cbf121a84b","68ca54d976a72c2aed452fe7","sess_21a84b_3_1786983548893","view",1,32,,"category_browse","2026-07-22T08:06:48.733Z"
"int_1786983548969_w5rf7e7ja","6a833394cee036cbf121a84b","68ca54d976a72c2aed452f41","sess_21a84b_3_1786983548893","view",1,33,,"category_browse","2026-07-22T08:06:59.081Z"
"int_1786983548894_xnvf54zno","6a833394cee036cbf121a84b","68ca54d976a72c2aed452e97","sess_21a84b_3_1786983548893","view",1,22,,"category_browse","2026-07-22T08:07:02.645Z"
"int_1786983549336_2630a540u","6a833394cee036cbf121a84b","68ca54d976a72c2aed452f16","sess_21a84b_4_1786983549121","view",1,43,,"category_browse","2026-07-23T08:08:05.887Z"
"int_1786983549122_av1jm612l","6a833394cee036cbf121a84b","68ca54d976a72c2aed452eb5","sess_21a84b_4_1786983549121","view",1,20,,"category_browse","2026-07-23T08:08:09.273Z"
"int_1786983549478_sepnfdog2","6a833394cee036cbf121a84b","68ca54d976a72c2aed452f21","sess_21a84b_4_1786983549121","view",1,135,,"recommendation","2026-07-23T08:09:09.077Z"
"int_1786983560231_zn27acjai","6a833394cee036cbf121a84d","68ca54d976a72c2aed452e65","sess_21a84d_0_1786983560231","view",1,15,,"category_browse","2026-07-14T16:25:13.378Z"
"int_1786983560309_yz75ryjqq","6a833394cee036cbf121a84d","68ca54d976a72c2aed452f21","sess_21a84d_0_1786983560231","view",1,26,,"category_browse","2026-07-14T16:25:24.527Z"
"int_1786983560377_1o42xx2aj","6a833394cee036cbf121a84d","68ca54d976a72c2aed452e62","sess_21a84d_0_1786983560231","view",1,41,,"category_browse","2026-07-14T16:26:25.800Z"
"int_1786983560453_4nqnkldhz","6a833394cee036cbf121a84d","68ca54d976a72c2aed452edb","sess_21a84d_0_1786983560231","view",1,89,,"recommendation","2026-07-14T16:26:58.482Z"
"int_1786983560522_sxlftjjxq","6a833394cee036cbf121a84d","68ca54d976a72c2aed452edb","sess_21a84d_0_1786983560231","search_click",2,0,,"product_detail","2026-07-14T16:27:05.218Z"
"int_1786983560743_tuysdjw0q","6a833394cee036cbf121a84d","68ca54d976a72c2aed452e65","sess_21a84d_1_1786983560601","view",1,31,,"category_browse","2026-07-18T16:46:00.954Z"
"int_1786983560891_5yd3d2i7n","6a833394cee036cbf121a84d","68ca54d976a72c2aed452f4e","sess_21a84d_1_1786983560601","view",1,25,,"category_browse","2026-07-18T16:46:28.374Z"
"int_1786983560602_ptt6wzkhi","6a833394cee036cbf121a84d","68ca54d976a72c2aed452eb9","sess_21a84d_1_1786983560601","view",1,45,,"category_browse","2026-07-18T16:47:30.063Z"
"int_1786983560673_usrs2rbvg","6a833394cee036cbf121a84d","68ca54d976a72c2aed452e63","sess_21a84d_1_1786983560601","view",1,43,,"category_browse","2026-07-18T16:48:20.185Z"
"int_1786983560812_koulygurp","6a833394cee036cbf121a84d","68ca54d976a72c2aed452ef0","sess_21a84d_1_1786983560601","view",1,30,,"category_browse","2026-07-18T16:48:26.330Z"
"int_1786983540557_wrmvm2cjw","6a833394cee036cbf121a849","68ca54d976a72c2aed452ee6","sess_21a849_0_1786983540271","view",1,23,,"category_browse","2026-07-14T18:59:07.871Z"
"int_1786983540415_x478glgpt","6a833394cee036cbf121a849","68ca54d976a72c2aed452fe3","sess_21a849_0_1786983540271","view",1,18,,"category_browse","2026-07-14T18:59:44.357Z"
"int_1786983540486_b5kq4lk6r","6a833394cee036cbf121a849","68ca54d976a72c2aed452f22","sess_21a849_0_1786983540271","view",1,24,,"category_browse","2026-07-14T19:00:38.412Z"
"int_1786983540272_ow8hrvkyn","6a833394cee036cbf121a849","68ca54d976a72c2aed452f08","sess_21a849_0_1786983540271","view",1,42,,"category_browse","2026-07-14T19:01:10.118Z"
"int_1786983540344_f2b45p5c2","6a833394cee036cbf121a849","68ca54d976a72c2aed452f07","sess_21a849_0_1786983540271","view",1,41,,"category_browse","2026-07-14T19:01:15.046Z"
"int_1786983540842_bnjwpxd8p","6a833394cee036cbf121a849","68ca54d976a72c2aed452fda","sess_21a849_1_1786983540631","view",1,144,,"recommendation","2026-07-18T19:13:21.507Z"
"int_1786983540918_9h3l96i6t","6a833394cee036cbf121a849","68ca54d976a72c2aed452fda","sess_21a849_1_1786983540631","search_click",2,0,,"product_detail","2026-07-18T19:13:43.104Z"
"int_1786983540700_atkhiprca","6a833394cee036cbf121a849","68ca54d976a72c2aed452f22","sess_21a849_1_1786983540631","view",1,22,,"category_browse","2026-07-18T19:14:00.343Z"
"int_1786983540771_slaojqgxa","6a833394cee036cbf121a849","68ca54d976a72c2aed452ec1","sess_21a849_1_1786983540631","view",1,23,,"category_browse","2026-07-18T19:14:08.563Z"
"int_1786983540631_vx9jey9ww","6a833394cee036cbf121a849","68ca54d976a72c2aed452fd2","sess_21a849_1_1786983540631","view",1,28,,"category_browse","2026-07-18T19:15:45.247Z"
"int_1786983541130_2omgjz3a6","6a833394cee036cbf121a849","68ca54d976a72c2aed452f76","sess_21a849_2_1786983540993","view",1,28,,"category_browse","2026-07-19T19:50:14.686Z"
"int_1786983541201_6wlbkydfk","6a833394cee036cbf121a849","68ca54d976a72c2aed452f07","sess_21a849_2_1786983540993","view",1,30,,"category_browse","2026-07-19T19:52:01.017Z"
"int_1786983586513_p7wdgdkiy","6a833394cee036cbf121a851","68ca54d976a72c2aed452fe7","sess_21a851_0_1786983585996","view",1,256,,"recommendation","2026-07-17T14:47:59.759Z"
"int_1786983586571_mtnjtvu5a","6a833394cee036cbf121a851","68ca54d976a72c2aed452fe7","sess_21a851_0_1786983585996","like",3,0,,"product_detail","2026-07-17T14:48:14.249Z"
"int_1786983586400_hvr4hhpp4","6a833394cee036cbf121a851","68ca54d976a72c2aed452eb5","sess_21a851_0_1786983585996","view",1,197,,"search","2026-07-17T14:48:18.842Z"
"int_1786983586747_smiehswvt","6a833394cee036cbf121a851","68ca54d976a72c2aed452ecd","sess_21a851_0_1786983585996","view",1,22,,"category_browse","2026-07-17T14:48:21.454Z"
"int_1786983586459_ft690avxi","6a833394cee036cbf121a851","68ca54d976a72c2aed452eb5","sess_21a851_0_1786983585996","search_click",2,0,,"product_detail","2026-07-17T14:48:46.577Z"
"int_1786983586116_h3f9wml53","6a833394cee036cbf121a851","68ca54d976a72c2aed452efe","sess_21a851_0_1786983585996","view",1,202,4,"recommendation","2026-07-17T14:48:53.936Z"
"int_1786983586178_kog3adwfn","6a833394cee036cbf121a851","68ca54d976a72c2aed452efe","sess_21a851_0_1786983585996","like",3,0,4,"product_detail","2026-07-17T14:49:06.622Z"
"int_1786983585996_z55fl7g0z","6a833394cee036cbf121a851","68ca54d976a72c2aed452e65","sess_21a851_0_1786983585996","view",1,209,,"recommendation","2026-07-17T14:49:11.183Z"
"int_1786983586684_x4cyab129","6a833394cee036cbf121a851","68ca54d976a72c2aed452fe7","sess_21a851_0_1786983585996","add_to_cart",5,0,,"product_detail","2026-07-17T14:49:22.202Z"
"int_1786983586052_vj0dwsgkr","6a833394cee036cbf121a851","68ca54d976a72c2aed452e65","sess_21a851_0_1786983585996","search_click",2,0,,"product_detail","2026-07-17T14:49:24.361Z"
"int_1786983586343_ge3oygcdi","6a833394cee036cbf121a851","68ca54d976a72c2aed452efe","sess_21a851_0_1786983585996","add_to_cart",5,0,4,"product_detail","2026-07-17T14:51:07.664Z"
"int_1786983586857_pzl8govxg","6a833394cee036cbf121a851","68ca54d976a72c2aed452efe","sess_21a851_1_1786983586801","view",1,120,4,"search","2026-07-19T15:19:25.529Z"
"int_1786983586921_n1ksdlogg","6a833394cee036cbf121a851","68ca54d976a72c2aed452f94","sess_21a851_1_1786983586801","view",1,18,,"category_browse","2026-07-19T15:19:39.172Z"
"int_1786983586801_g6pqr1911","6a833394cee036cbf121a851","68ca54d976a72c2aed452ee8","sess_21a851_1_1786983586801","view",1,38,,"category_browse","2026-07-19T15:20:10.478Z"
"int_1786983586976_rpurpw28b","6a833394cee036cbf121a851","68ca54d976a72c2aed452ec0","sess_21a851_1_1786983586801","view",1,265,,"search","2026-07-19T15:20:13.069Z"
"int_1786983587109_8m16fsd5d","6a833394cee036cbf121a851","68ca54d976a72c2aed452e64","sess_21a851_2_1786983587040","view",1,14,,"category_browse","2026-07-22T16:02:16.240Z"
"int_1786983587041_0gqyvkrqh","6a833394cee036cbf121a851","68ca54d976a72c2aed452f16","sess_21a851_2_1786983587040","view",1,24,,"category_browse","2026-07-22T16:02:57.874Z"
"int_1786983587164_ysosv08bo","6a833394cee036cbf121a851","68ca54d976a72c2aed452fe7","sess_21a851_2_1786983587040","view",1,265,,"search","2026-07-22T16:03:16.585Z"
"int_1786983587242_ffjxz1cik","6a833394cee036cbf121a851","68ca54d976a72c2aed452f16","sess_21a851_3_1786983587242","view",1,24,,"category_browse","2026-07-25T16:07:15.117Z"
"int_1786983587300_suco14dvv","6a833394cee036cbf121a851","68ca54d976a72c2aed452e64","sess_21a851_3_1786983587242","view",1,9,,"category_browse","2026-07-25T16:08:12.767Z"
"int_1786983587419_5g5e7tb0x","6a833394cee036cbf121a851","68ca54d976a72c2aed452efe","sess_21a851_4_1786983587361","view",1,227,4,"search","2026-07-26T16:47:51.177Z"
"int_1786983587485_7uvev302j","6a833394cee036cbf121a851","68ca54d976a72c2aed452efe","sess_21a851_4_1786983587361","search_click",2,0,4,"product_detail","2026-07-26T16:48:01.854Z"
"int_1786983587361_2c0ua92kp","6a833394cee036cbf121a851","68ca54d976a72c2aed452ecd","sess_21a851_4_1786983587361","view",1,41,,"category_browse","2026-07-26T16:48:05.163Z"
"int_1786983587725_6lmlei4n5","6a833394cee036cbf121a851","68ca54d976a72c2aed452e65","sess_21a851_5_1786983587552","view",1,131,,"recommendation","2026-07-28T17:21:06.590Z"
"int_1786983587668_0t8qc5wiu","6a833394cee036cbf121a851","68ca54d976a72c2aed452fe8","sess_21a851_5_1786983587552","view",1,42,,"category_browse","2026-07-28T17:21:16.884Z"
"int_1786983587552_273c81tsg","6a833394cee036cbf121a851","68ca54d976a72c2aed452eb5","sess_21a851_5_1786983587552","view",1,184,,"search","2026-07-28T17:23:03.888Z"
"int_1786983710510_f592w57zh","6a833395cee036cbf121a85f","68ca54d976a72c2aed452e7f","sess_21a85f_0_1786983710192","view",1,8,,"category_browse","2026-07-17T18:20:51.731Z"
"int_1786983710289_tlqxzj0sq","6a833395cee036cbf121a85f","68ca54d976a72c2aed452f7f","sess_21a85f_0_1786983710192","view",1,39,,"category_browse","2026-07-17T18:23:00.687Z"
"int_1786983710363_dqp36s4e6","6a833395cee036cbf121a85f","68ca54d976a72c2aed452f88","sess_21a85f_0_1786983710192","view",1,97,,"search","2026-07-17T18:23:21.073Z"
"int_1786983710192_r74i1bmwp","6a833395cee036cbf121a85f","68ca54d976a72c2aed452e8a","sess_21a85f_0_1786983710192","view",1,15,,"category_browse","2026-07-17T18:23:30.105Z"
"int_1786983710440_j4bd38jeo","6a833395cee036cbf121a85f","68ca54d976a72c2aed452f88","sess_21a85f_0_1786983710192","search_click",2,0,,"product_detail","2026-07-17T18:23:41.925Z"
"int_1786983710647_aprhfqvpb","6a833395cee036cbf121a85f","68ca54d976a72c2aed452e64","sess_21a85f_1_1786983710579","view",1,43,,"category_browse","2026-07-21T19:12:00.023Z"
"int_1786983710718_0kvunk1n6","6a833395cee036cbf121a85f","68ca54d976a72c2aed452f42","sess_21a85f_1_1786983710579","view",1,14,,"category_browse","2026-07-21T19:12:24.486Z"
"int_1786983710579_1gzq7kecr","6a833395cee036cbf121a85f","68ca54d976a72c2aed452f77","sess_21a85f_1_1786983710579","view",1,19,,"category_browse","2026-07-21T19:13:38.677Z"
"int_1786983710791_octg0gks7","6a833395cee036cbf121a85f","68ca54d976a72c2aed452f8b","sess_21a85f_2_1786983710791","view",1,11,,"category_browse","2026-07-25T20:01:17.447Z"
"int_1786983710863_qp1awu798","6a833395cee036cbf121a85f","68ca54d976a72c2aed452e8a","sess_21a85f_2_1786983710791","view",1,18,,"category_browse","2026-07-25T20:01:55.884Z"
"int_1786983710935_3q45e00ep","6a833395cee036cbf121a85f","68ca54d976a72c2aed452fa3","sess_21a85f_3_1786983710935","view",1,200,5,"recommendation","2026-07-28T20:59:46.765Z"
"int_1786983711013_1xsdo1ga9","6a833395cee036cbf121a85f","68ca54d976a72c2aed452fa3","sess_21a85f_3_1786983710935","search_click",2,0,5,"product_detail","2026-07-28T21:00:11.357Z"
"int_1786983711152_9req1q31c","6a833395cee036cbf121a85f","68ca54d976a72c2aed452ea9","sess_21a85f_3_1786983710935","view",1,23,,"category_browse","2026-07-28T21:00:13.066Z"
"int_1786983711224_zx4vzz8hs","6a833395cee036cbf121a85f","68ca54d976a72c2aed452e90","sess_21a85f_3_1786983710935","view",1,133,,"search","2026-07-28T21:00:27.331Z"
"int_1786983711292_0jwwdummp","6a833395cee036cbf121a85f","68ca54d976a72c2aed452e90","sess_21a85f_3_1786983710935","search_click",2,0,,"product_detail","2026-07-28T21:00:45.559Z"
"int_1786983711081_jy3ubbsie","6a833395cee036cbf121a85f","68ca54d976a72c2aed452fa3","sess_21a85f_3_1786983710935","add_to_cart",5,0,5,"product_detail","2026-07-28T21:02:46.326Z"
"int_1786983711361_81o009em2","6a833395cee036cbf121a85f","68ca54d976a72c2aed452f88","sess_21a85f_4_1786983711360","view",1,194,,"search","2026-07-29T21:40:39.414Z"
"int_1786983669413_cpnnzbjq7","6a833395cee036cbf121a85b","68ca54d976a72c2aed452e95","sess_21a85b_0_1786983669272","view",1,39,,"category_browse","2026-07-17T20:29:02.524Z"
"int_1786983669272_eipau4nuk","6a833395cee036cbf121a85b","68ca54d976a72c2aed452e97","sess_21a85b_0_1786983669272","view",1,16,,"category_browse","2026-07-17T20:29:40.050Z"
"int_1786983669339_i1tc3b8jg","6a833395cee036cbf121a85b","68ca54d976a72c2aed452e9c","sess_21a85b_0_1786983669272","view",1,26,,"category_browse","2026-07-17T20:29:49.521Z"
"int_1786983669483_tyu4ycqe6","6a833395cee036cbf121a85b","68ca54d976a72c2aed452e9c","sess_21a85b_1_1786983669483","view",1,16,,"category_browse","2026-07-21T20:52:03.612Z"
"int_1786983669558_zxu2fk0kq","6a833395cee036cbf121a85b","68ca54d976a72c2aed452fc1","sess_21a85b_1_1786983669483","view",1,20,,"category_browse","2026-07-21T20:53:00.765Z"
"int_1786983670059_ukqzigprq","6a833395cee036cbf121a85b","68ca54d976a72c2aed452e7d","sess_21a85b_2_1786983669626","view",1,25,,"category_browse","2026-07-22T21:13:49.368Z"
"int_1786983669626_m7q8k8bj7","6a833395cee036cbf121a85b","68ca54d976a72c2aed452eef","sess_21a85b_2_1786983669626","view",1,196,,"search","2026-07-22T21:14:51.955Z"
"int_1786983669703_87j21i754","6a833395cee036cbf121a85b","68ca54d976a72c2aed452eef","sess_21a85b_2_1786983669626","search_click",2,0,,"product_detail","2026-07-22T21:15:10.955Z"
"int_1786983669850_8aouaenao","6a833395cee036cbf121a85b","68ca54d976a72c2aed452eac","sess_21a85b_2_1786983669626","view",1,94,,"search","2026-07-22T21:15:29.994Z"
"int_1786983669920_04safbt9t","6a833395cee036cbf121a85b","68ca54d976a72c2aed452eac","sess_21a85b_2_1786983669626","like",3,0,,"product_detail","2026-07-22T21:15:39.587Z"
"int_1786983669784_hywiusr1c","6a833395cee036cbf121a85b","68ca54d976a72c2aed452eef","sess_21a85b_2_1786983669626","add_to_cart",5,0,,"product_detail","2026-07-22T21:15:55.879Z"
"int_1786983670139_om4zufv8n","6a833395cee036cbf121a85b","68ca54d976a72c2aed452ee6","sess_21a85b_3_1786983670139","view",1,19,,"category_browse","2026-07-25T21:28:04.813Z"
"int_1786983670208_n6dkybeel","6a833395cee036cbf121a85b","68ca54d976a72c2aed452eac","sess_21a85b_3_1786983670139","view",1,193,,"recommendation","2026-07-25T21:28:37.602Z"
"int_1786983670277_a71yyy0wv","6a833395cee036cbf121a85b","68ca54d976a72c2aed452eac","sess_21a85b_3_1786983670139","search_click",2,0,,"product_detail","2026-07-25T21:28:59.752Z"
"int_1786983670505_j7xqruj20","6a833395cee036cbf121a85b","68ca54d976a72c2aed452eef","sess_21a85b_4_1786983670348","view",1,78,,"recommendation","2026-07-28T21:35:34.812Z"
"int_1786983644664_n8z6tccv0","6a833395cee036cbf121a857","68ca54d976a72c2aed452fd3","sess_21a857_0_1786983644343","view",1,171,,"recommendation","2026-07-17T22:42:56.391Z"
"int_1786983644592_ibn14d3i1","6a833395cee036cbf121a857","68ca54d976a72c2aed452f41","sess_21a857_0_1786983644343","view",1,18,,"category_browse","2026-07-17T22:43:17.231Z"
"int_1786983644344_2b8rz2li8","6a833395cee036cbf121a857","68ca54d976a72c2aed452f06","sess_21a857_0_1786983644343","view",1,15,,"category_browse","2026-07-17T22:43:26.114Z"
"int_1786983644429_pkfocqtxd","6a833395cee036cbf121a857","68ca54d976a72c2aed452e63","sess_21a857_0_1786983644343","view",1,32,,"category_browse","2026-07-17T22:44:23.383Z"
"int_1786983644508_tkasbm94y","6a833395cee036cbf121a857","68ca54d976a72c2aed452f0f","sess_21a857_0_1786983644343","view",1,9,,"category_browse","2026-07-17T22:44:54.167Z"
"int_1786983644756_vyr1r3z1m","6a833395cee036cbf121a857","68ca54d976a72c2aed452e65","sess_21a857_1_1786983644755","view",1,41,,"category_browse","2026-07-19T22:51:42.910Z"
"int_1786983644835_5hvg4v9hj","6a833395cee036cbf121a857","68ca54d976a72c2aed452f58","sess_21a857_1_1786983644755","view",1,270,5,"search","2026-07-19T22:53:05.099Z"
"int_1786983644911_u4w1494l5","6a833395cee036cbf121a857","68ca54d976a72c2aed452f58","sess_21a857_1_1786983644755","search_click",2,0,5,"product_detail","2026-07-19T22:53:34.296Z"
"int_1786983644983_andv9q2rt","6a833395cee036cbf121a857","68ca54d976a72c2aed452f58","sess_21a857_1_1786983644755","add_to_cart",5,0,5,"product_detail","2026-07-19T22:54:54.543Z"
"int_1786983645481_lm8zdgwux","6a833395cee036cbf121a857","68ca54d976a72c2aed452faf","sess_21a857_2_1786983645148","view",1,16,,"category_browse","2026-07-20T23:39:39.933Z"
"int_1786983645298_grsdsmmvl","6a833395cee036cbf121a857","68ca54d976a72c2aed452ec0","sess_21a857_2_1786983645148","view",1,43,,"category_browse","2026-07-20T23:40:15.534Z"
"int_1786983612494_upi0v07ba","6a833395cee036cbf121a853","68ca54d976a72c2aed452e85","sess_21a853_0_1786983612303","view",1,162,,"recommendation","2026-07-18T01:14:39.454Z"
"int_1786983612424_7xene0mw9","6a833395cee036cbf121a853","68ca54d976a72c2aed452e65","sess_21a853_0_1786983612303","view",1,11,,"category_browse","2026-07-18T01:14:47.108Z"
"int_1786983612670_kxh6qt697","6a833395cee036cbf121a853","68ca54d976a72c2aed452e76","sess_21a853_0_1786983612303","view",1,22,,"category_browse","2026-07-18T01:14:48.642Z"
"int_1786983612303_387zr412o","6a833395cee036cbf121a853","68ca54d976a72c2aed452e74","sess_21a853_0_1786983612303","view",1,276,,"search","2026-07-18T01:15:00.294Z"
"int_1786983612556_galr7xdta","6a833395cee036cbf121a853","68ca54d976a72c2aed452e85","sess_21a853_0_1786983612303","like",3,0,,"product_detail","2026-07-18T01:15:01.907Z"
"int_1786983612363_ofnuvjb37","6a833395cee036cbf121a853","68ca54d976a72c2aed452e74","sess_21a853_0_1786983612303","search_click",2,0,,"product_detail","2026-07-18T01:15:12.013Z"
"int_1786983612729_pmy226ixk","6a833395cee036cbf121a853","68ca54d976a72c2aed452e78","sess_21a853_0_1786983612303","view",1,115,,"search","2026-07-18T01:16:25.550Z"
"int_1786983612794_qxito4v2m","6a833395cee036cbf121a853","68ca54d976a72c2aed452e78","sess_21a853_0_1786983612303","like",3,0,,"product_detail","2026-07-18T01:16:53.695Z"
"int_1786983612948_bbv1zwc4x","6a833395cee036cbf121a853","68ca54d976a72c2aed452f22","sess_21a853_1_1786983612865","view",1,9,,"category_browse","2026-07-19T01:17:40.025Z"
"int_1786983612866_hvgu3klzs","6a833395cee036cbf121a853","68ca54d976a72c2aed452f6e","sess_21a853_1_1786983612865","view",1,23,,"category_browse","2026-07-19T01:18:17.964Z"
"int_1786983613157_eug5lp8n2","6a833395cee036cbf121a853","68ca54d976a72c2aed452f03","sess_21a853_1_1786983612865","view",1,21,,"category_browse","2026-07-19T01:19:13.292Z"
"int_1786983613219_0zxulnvh7","6a833395cee036cbf121a853","68ca54d976a72c2aed452f03","sess_21a853_2_1786983613219","view",1,26,,"category_browse","2026-07-21T01:39:24.776Z"
"int_1786983613329_o18jtuorl","6a833395cee036cbf121a853","68ca54d976a72c2aed452e78","sess_21a853_2_1786983613219","view",1,118,,"search","2026-07-21T01:39:54.963Z"
"int_1786983613274_jujqutixx","6a833395cee036cbf121a853","68ca54d976a72c2aed452f6e","sess_21a853_2_1786983613219","view",1,8,,"category_browse","2026-07-21T01:40:06.244Z"
"int_1786983613508_ufj9vkxiv","6a833395cee036cbf121a853","68ca54d976a72c2aed452e9e","sess_21a853_2_1786983613219","view",1,40,,"category_browse","2026-07-21T01:40:18.780Z"
"int_1786983613386_i44h9z86l","6a833395cee036cbf121a853","68ca54d976a72c2aed452e78","sess_21a853_2_1786983613219","like",3,0,,"product_detail","2026-07-21T01:40:23.798Z"
"int_1786983613447_wt18d5ev3","6a833395cee036cbf121a853","68ca54d976a72c2aed452e85","sess_21a853_2_1786983613219","view",1,246,,"recommendation","2026-07-21T01:41:37.784Z"
"int_1786983613567_wadqz2adz","6a833395cee036cbf121a853","68ca54d976a72c2aed452e76","sess_21a853_3_1786983613567","view",1,27,,"category_browse","2026-07-24T02:36:33.644Z"
"int_1786983613624_mwx8ccaev","6a833395cee036cbf121a853","68ca54d976a72c2aed452f82","sess_21a853_3_1786983613567","view",1,21,,"category_browse","2026-07-24T02:37:29.957Z"
"int_1786983613826_qd8ax9kw6","6a833395cee036cbf121a853","68ca54d976a72c2aed452e9e","sess_21a853_3_1786983613567","view",1,10,,"category_browse","2026-07-24T02:38:32.764Z"
"int_1786983613702_5j4evwzzr","6a833395cee036cbf121a853","68ca54d976a72c2aed452e85","sess_21a853_3_1786983613567","view",1,257,,"search","2026-07-24T02:38:44.367Z"
"int_1786983613763_ooo54406x","6a833395cee036cbf121a853","68ca54d976a72c2aed452e85","sess_21a853_3_1786983613567","search_click",2,0,,"product_detail","2026-07-24T02:39:02.238Z"
"int_1786983614319_258qbwy4y","6a833395cee036cbf121a853","68ca54d976a72c2aed452e77","sess_21a853_4_1786983613884","view",1,14,,"category_browse","2026-07-25T03:06:26.637Z"
"int_1786983658579_p7rg0ykvz","6a833395cee036cbf121a859","68ca54d976a72c2aed452fd2","sess_21a859_0_1786983658402","view",1,113,,"recommendation","2026-07-18T09:48:23.925Z"
"int_1786983658722_r9wyf29iv","6a833395cee036cbf121a859","68ca54d976a72c2aed452ee7","sess_21a859_0_1786983658402","view",1,25,,"category_browse","2026-07-18T09:48:35.375Z"
"int_1786983658665_m3bmi3jry","6a833395cee036cbf121a859","68ca54d976a72c2aed452fd2","sess_21a859_0_1786983658402","search_click",2,0,,"product_detail","2026-07-18T09:48:49.725Z"
"int_1786983658403_1ngixjjfq","6a833395cee036cbf121a859","68ca54d976a72c2aed452e76","sess_21a859_0_1786983658402","view",1,43,,"category_browse","2026-07-18T09:50:40.206Z"
"int_1786983658518_z4rf59mbs","6a833395cee036cbf121a859","68ca54d976a72c2aed452f72","sess_21a859_0_1786983658402","view",1,10,,"category_browse","2026-07-18T09:50:58.620Z"
"int_1786983658946_vhvvp5d7l","6a833395cee036cbf121a859","68ca54d976a72c2aed452ec1","sess_21a859_1_1786983658777","view",1,14,,"category_browse","2026-07-20T10:13:26.472Z"
"int_1786983658777_ls3tocbmv","6a833395cee036cbf121a859","68ca54d976a72c2aed452e74","sess_21a859_1_1786983658777","view",1,208,5,"search","2026-07-20T10:13:43.209Z"
"int_1786983658831_1l8dtif94","6a833395cee036cbf121a859","68ca54d976a72c2aed452e74","sess_21a859_1_1786983658777","search_click",2,0,5,"product_detail","2026-07-20T10:13:51.735Z"
"int_1786983659002_f3py8rbjq","6a833395cee036cbf121a859","68ca54d976a72c2aed452fab","sess_21a859_1_1786983658777","view",1,41,,"category_browse","2026-07-20T10:13:56.984Z"
"int_1786983635372_ygb55itjr","6a833395cee036cbf121a855","68ca54d976a72c2aed452f64","sess_21a855_0_1786983635288","view",1,34,,"category_browse","2026-07-18T12:06:19.172Z"
"int_1786983635288_2luzkac55","6a833395cee036cbf121a855","68ca54d976a72c2aed452efb","sess_21a855_0_1786983635288","view",1,248,,"search","2026-07-18T12:06:47.269Z"
"int_1786983635506_vs1poxhnc","6a833395cee036cbf121a855","68ca54d976a72c2aed452f32","sess_21a855_1_1786983635506","view",1,42,,"category_browse","2026-07-21T12:26:23.466Z"
"int_1786983635636_e0xsgjsiz","6a833395cee036cbf121a855","68ca54d976a72c2aed452e95","sess_21a855_1_1786983635506","view",1,17,,"category_browse","2026-07-21T12:28:19.965Z"
"int_1786983768477_q9tevnpdu","6a833396cee036cbf121a869","68ca54d976a72c2aed452e76","sess_21a869_0_1786983768356","view",1,20,,"category_browse","2026-07-20T00:16:58.334Z"
"int_1786983768418_w37i4z68d","6a833396cee036cbf121a869","68ca54d976a72c2aed452f06","sess_21a869_0_1786983768356","view",1,81,,"recommendation","2026-07-20T00:17:20.449Z"
"int_1786983768356_8cm7ej7ee","6a833396cee036cbf121a869","68ca54d976a72c2aed452f09","sess_21a869_0_1786983768356","view",1,22,,"category_browse","2026-07-20T00:18:25.467Z"
"int_1786983768887_sbirvec70","6a833396cee036cbf121a869","68ca54d976a72c2aed452e78","sess_21a869_1_1786983768535","view",1,39,,"category_browse","2026-07-22T00:32:07.806Z"
"int_1786983768773_ad70hcrt8","6a833396cee036cbf121a869","68ca54d976a72c2aed452f09","sess_21a869_1_1786983768535","view",1,41,,"category_browse","2026-07-22T00:33:13.037Z"
"int_1786983768829_z4d9wzm38","6a833396cee036cbf121a869","68ca54d976a72c2aed452ec1","sess_21a869_1_1786983768535","view",1,30,,"category_browse","2026-07-22T00:33:50.036Z"
"int_1786983768536_zal268z37","6a833396cee036cbf121a869","68ca54d976a72c2aed452f07","sess_21a869_1_1786983768535","view",1,177,5,"search","2026-07-22T00:33:59.248Z"
"int_1786983768598_8s2t32z89","6a833396cee036cbf121a869","68ca54d976a72c2aed452f07","sess_21a869_1_1786983768535","like",3,0,5,"product_detail","2026-07-22T00:34:13.929Z"
"int_1786983768718_qe9ih9zwn","6a833396cee036cbf121a869","68ca54d976a72c2aed452f07","sess_21a869_1_1786983768535","add_to_cart",5,0,5,"product_detail","2026-07-22T00:36:04.868Z"
"int_1786983769236_k8rb7qyr9","6a833396cee036cbf121a869","68ca54d976a72c2aed452e9e","sess_21a869_2_1786983768947","view",1,18,,"category_browse","2026-07-24T01:16:50.341Z"
"int_1786983768948_58z3ixll0","6a833396cee036cbf121a869","68ca54d976a72c2aed452f06","sess_21a869_2_1786983768947","view",1,220,,"recommendation","2026-07-24T01:17:41.110Z"
"int_1786983769179_6dik8wf8p","6a833396cee036cbf121a869","68ca54d976a72c2aed452f95","sess_21a869_2_1786983768947","view",1,22,,"category_browse","2026-07-24T01:18:01.073Z"
"int_1786983769008_fv9432ass","6a833396cee036cbf121a869","68ca54d976a72c2aed452f06","sess_21a869_2_1786983768947","search_click",2,0,,"product_detail","2026-07-24T01:18:09.604Z"
"int_1786983769065_lu1rtfnel","6a833396cee036cbf121a869","68ca54d976a72c2aed452f07","sess_21a869_2_1786983768947","view",1,197,5,"search","2026-07-24T01:18:47.772Z"
"int_1786983769122_r5icci152","6a833396cee036cbf121a869","68ca54d976a72c2aed452f07","sess_21a869_2_1786983768947","search_click",2,0,5,"product_detail","2026-07-24T01:19:05.021Z"
"int_1786983769292_c5usnpqvh","6a833396cee036cbf121a869","68ca54d976a72c2aed452f07","sess_21a869_3_1786983769292","view",1,135,5,"search","2026-07-28T01:43:29.643Z"
"int_1786983769354_9x5z9cxg3","6a833396cee036cbf121a869","68ca54d976a72c2aed452f07","sess_21a869_3_1786983769292","search_click",2,0,5,"product_detail","2026-07-28T01:43:43.162Z"
"int_1786983769477_cmu8437bg","6a833396cee036cbf121a869","68ca54d976a72c2aed452f09","sess_21a869_3_1786983769292","view",1,42,,"category_browse","2026-07-28T01:43:53.210Z"
"int_1786983769412_lxn74d4yd","6a833396cee036cbf121a869","68ca54d976a72c2aed452f07","sess_21a869_3_1786983769292","add_to_cart",5,0,5,"product_detail","2026-07-28T01:46:08.407Z"
"int_1786983769648_v93g6utza","6a833396cee036cbf121a869","68ca54d976a72c2aed452f06","sess_21a869_4_1786983769536","view",1,213,,"search","2026-08-01T01:45:29.200Z"
"int_1786983769825_ptfvmjxzr","6a833396cee036cbf121a869","68ca54d976a72c2aed452f09","sess_21a869_4_1786983769536","view",1,39,,"category_browse","2026-08-01T01:45:38.679Z"
"int_1786983730082_4abgetowg","6a833396cee036cbf121a861","68ca54d976a72c2aed452e79","sess_21a861_0_1786983730012","view",1,154,,"search","2026-07-20T05:07:29.156Z"
"int_1786983730013_6nujyw6o9","6a833396cee036cbf121a861","68ca54d976a72c2aed452f6e","sess_21a861_0_1786983730012","view",1,193,,"search","2026-07-20T05:07:33.648Z"
"int_1786983730222_7tng9w555","6a833396cee036cbf121a861","68ca54d976a72c2aed452f72","sess_21a861_0_1786983730012","view",1,26,,"category_browse","2026-07-20T05:08:39.527Z"
"int_1786983730153_ojktu0j2q","6a833396cee036cbf121a861","68ca54d976a72c2aed452f41","sess_21a861_0_1786983730012","view",1,14,,"category_browse","2026-07-20T05:09:20.867Z"
"int_1786983730305_jcn25q9vv","6a833396cee036cbf121a861","68ca54d976a72c2aed452e92","sess_21a861_1_1786983730304","view",1,41,,"category_browse","2026-07-24T05:51:37.248Z"
"int_1786983730381_ze3d81nyq","6a833396cee036cbf121a861","68ca54d976a72c2aed452e76","sess_21a861_1_1786983730304","view",1,30,,"category_browse","2026-07-24T05:52:12.720Z"
"int_1786983730574_hezwkg688","6a833396cee036cbf121a861","68ca54d976a72c2aed452e7d","sess_21a861_1_1786983730304","view",1,20,,"category_browse","2026-07-24T05:52:39.129Z"
"int_1786983730468_l5knffsw0","6a833396cee036cbf121a861","68ca54d976a72c2aed452e77","sess_21a861_1_1786983730304","view",1,8,,"category_browse","2026-07-24T05:52:44.313Z"
"int_1786983730715_bbu50va2p","6a833396cee036cbf121a861","68ca54d976a72c2aed452eef","sess_21a861_2_1786983730646","view",1,12,,"category_browse","2026-07-26T06:20:53.672Z"
"int_1786983730852_g1zkdbgx1","6a833396cee036cbf121a861","68ca54d976a72c2aed452e78","sess_21a861_2_1786983730646","view",1,268,3,"search","2026-07-26T06:20:59.541Z"
"int_1786983730783_mvoopej8d","6a833396cee036cbf121a861","68ca54d976a72c2aed452f6e","sess_21a861_2_1786983730646","view",1,155,,"recommendation","2026-07-26T06:21:30.531Z"
"int_1786983730647_s6fa44p9f","6a833396cee036cbf121a861","68ca54d976a72c2aed452e95","sess_21a861_2_1786983730646","view",1,39,,"category_browse","2026-07-26T06:22:09.296Z"
"int_1786983730920_fexu64xiy","6a833396cee036cbf121a861","68ca54d976a72c2aed452e78","sess_21a861_2_1786983730646","add_to_cart",5,0,3,"product_detail","2026-07-26T06:23:10.021Z"
"int_1786983730990_hfnlyp9dt","6a833396cee036cbf121a861","68ca54d976a72c2aed452ea9","sess_21a861_3_1786983730989","view",1,44,,"category_browse","2026-07-30T06:41:49.242Z"
"int_1786983731278_2pu8qax0s","6a833396cee036cbf121a861","68ca54d976a72c2aed452ef1","sess_21a861_3_1786983730989","view",1,29,,"category_browse","2026-07-30T06:41:51.057Z"
"int_1786983731136_rtev1b709","6a833396cee036cbf121a861","68ca54d976a72c2aed452f7f","sess_21a861_3_1786983730989","view",1,34,,"category_browse","2026-07-30T06:42:25.891Z"
"int_1786983731062_13yst8i7e","6a833396cee036cbf121a861","68ca54d976a72c2aed452eef","sess_21a861_3_1786983730989","view",1,29,,"category_browse","2026-07-30T06:42:46.334Z"
"int_1786983731205_xoh0mxhhp","6a833396cee036cbf121a861","68ca54d976a72c2aed452e95","sess_21a861_3_1786983730989","view",1,30,,"category_browse","2026-07-30T06:44:00.192Z"
"int_1786983731346_awkweqj3g","6a833396cee036cbf121a861","68ca54d976a72c2aed452e76","sess_21a861_4_1786983731346","view",1,8,,"category_browse","2026-08-02T07:02:59.839Z"
"int_1786983731415_dcte79b48","6a833396cee036cbf121a861","68ca54d976a72c2aed452e95","sess_21a861_4_1786983731346","view",1,11,,"category_browse","2026-08-02T07:03:14.821Z"
"int_1786983684447_zlyn9avzn","6a833395cee036cbf121a85d","68ca54d976a72c2aed452fb0","sess_21a85d_0_1786983684446","view",1,205,,"recommendation","2026-07-20T07:25:09.725Z"
"int_1786983684515_7mum4c2j8","6a833395cee036cbf121a85d","68ca54d976a72c2aed452fb0","sess_21a85d_0_1786983684446","search_click",2,0,,"product_detail","2026-07-20T07:25:16.798Z"
"int_1786983685244_xptyp3ghy","6a833395cee036cbf121a85d","68ca54d976a72c2aed452ec9","sess_21a85d_0_1786983684446","view",1,13,,"category_browse","2026-07-20T07:26:54.440Z"
"int_1786983684637_n53ykxs7w","6a833395cee036cbf121a85d","68ca54d976a72c2aed452fb0","sess_21a85d_0_1786983684446","add_to_cart",5,0,,"product_detail","2026-07-20T07:27:25.824Z"
"int_1786983685882_304frp8ws","6a833395cee036cbf121a85d","68ca54d976a72c2aed452e6c","sess_21a85d_1_1786983685311","view",1,27,,"category_browse","2026-07-24T07:40:53.923Z"
"int_1786983685312_h9r069jnd","6a833395cee036cbf121a85d","68ca54d976a72c2aed452eaa","sess_21a85d_1_1786983685311","view",1,31,,"category_browse","2026-07-24T07:41:48.384Z"
"int_1786983685520_oiax1m7my","6a833395cee036cbf121a85d","68ca54d976a72c2aed452f35","sess_21a85d_1_1786983685311","view",1,200,,"search","2026-07-24T07:42:19.055Z"
"int_1786983685588_zd7ae06gd","6a833395cee036cbf121a85d","68ca54d976a72c2aed452f35","sess_21a85d_1_1786983685311","like",3,0,,"product_detail","2026-07-24T07:42:24.362Z"
"int_1786983685450_dwsjhy3ze","6a833395cee036cbf121a85d","68ca54d976a72c2aed452ea6","sess_21a85d_1_1786983685311","view",1,39,,"category_browse","2026-07-24T07:43:04.077Z"
"int_1786983685381_r6kkxdwnr","6a833395cee036cbf121a85d","68ca54d976a72c2aed452ee2","sess_21a85d_1_1786983685311","view",1,28,,"category_browse","2026-07-24T07:43:04.890Z"
"int_1786983685734_jutg9m8b1","6a833395cee036cbf121a85d","68ca54d976a72c2aed452ea9","sess_21a85d_1_1786983685311","view",1,78,,"search","2026-07-24T07:43:31.512Z"
"int_1786983685812_yh7krq69k","6a833395cee036cbf121a85d","68ca54d976a72c2aed452ea9","sess_21a85d_1_1786983685311","like",3,0,,"product_detail","2026-07-24T07:43:50.391Z"
"int_1786983686106_4lds22p36","6a833395cee036cbf121a85d","68ca54d976a72c2aed452fb0","sess_21a85d_2_1786983685959","view",1,108,,"search","2026-07-27T08:23:44.697Z"
"int_1786983686036_eds58wf9o","6a833395cee036cbf121a85d","68ca54d976a72c2aed452e9b","sess_21a85d_2_1786983685959","view",1,39,,"category_browse","2026-07-27T08:23:46.077Z"
"int_1786983686248_2oe62ee9p","6a833395cee036cbf121a85d","68ca54d976a72c2aed452f71","sess_21a85d_2_1786983685959","view",1,22,,"category_browse","2026-07-27T08:24:47.728Z"
"int_1786983685960_7rckfyhyb","6a833395cee036cbf121a85d","68ca54d976a72c2aed452eaa","sess_21a85d_2_1786983685959","view",1,12,,"category_browse","2026-07-27T08:24:48.276Z"
"int_1786983686173_9a9d1ncio","6a833395cee036cbf121a85d","68ca54d976a72c2aed452fb0","sess_21a85d_2_1786983685959","add_to_cart",5,0,,"product_detail","2026-07-27T08:25:17.293Z"
"int_1786983686409_pg3dn37o0","6a833395cee036cbf121a85d","68ca54d976a72c2aed452f5c","sess_21a85d_3_1786983686328","view",1,8,,"category_browse","2026-07-29T08:52:15.686Z"
"int_1786983686329_t194ts4v3","6a833395cee036cbf121a85d","68ca54d976a72c2aed452e6c","sess_21a85d_3_1786983686328","view",1,36,,"category_browse","2026-07-29T08:52:53.455Z"
"int_1786983686684_eitinx886","6a833395cee036cbf121a85d","68ca54d976a72c2aed452e9b","sess_21a85d_4_1786983686476","view",1,21,,"category_browse","2026-08-01T09:21:01.840Z"
"int_1786983686752_ycfnfldn4","6a833395cee036cbf121a85d","68ca54d976a72c2aed452f5c","sess_21a85d_4_1786983686476","view",1,24,,"category_browse","2026-08-01T09:21:02.066Z"
"int_1786983686545_yjmtexqhk","6a833395cee036cbf121a85d","68ca54d976a72c2aed452e7a","sess_21a85d_4_1786983686476","view",1,11,,"category_browse","2026-08-01T09:21:31.093Z"
"int_1786983686477_ynvqr4qz8","6a833395cee036cbf121a85d","68ca54d976a72c2aed452e6c","sess_21a85d_4_1786983686476","view",1,18,,"category_browse","2026-08-01T09:23:08.490Z"
"int_1786983686614_mploqi841","6a833395cee036cbf121a85d","68ca54d976a72c2aed452f5a","sess_21a85d_4_1786983686476","view",1,25,,"category_browse","2026-08-01T09:23:12.896Z"
"int_1786983686822_nwzhzhi2o","6a833395cee036cbf121a85d","68ca54d976a72c2aed452ea9","sess_21a85d_4_1786983686476","view",1,233,,"search","2026-08-01T09:23:38.331Z"
"int_1786983686890_mgoijv485","6a833395cee036cbf121a85d","68ca54d976a72c2aed452ea9","sess_21a85d_4_1786983686476","add_to_cart",5,0,,"product_detail","2026-08-01T09:25:59.815Z"
"int_1786983687183_aeszxrfws","6a833395cee036cbf121a85d","68ca54d976a72c2aed452ff2","sess_21a85d_5_1786983686966","view",1,105,,"recommendation","2026-08-03T09:42:07.836Z"
"int_1786983686967_iadt1b60k","6a833395cee036cbf121a85d","68ca54d976a72c2aed452f5c","sess_21a85d_5_1786983686966","view",1,28,,"category_browse","2026-08-03T09:42:21.890Z"
"int_1786983687112_li6o4wtj5","6a833395cee036cbf121a85d","68ca54d976a72c2aed452edd","sess_21a85d_5_1786983686966","view",1,26,,"category_browse","2026-08-03T09:43:15.508Z"
"int_1786983687040_zasexmx8b","6a833395cee036cbf121a85d","68ca54d976a72c2aed452fa2","sess_21a85d_5_1786983686966","view",1,33,,"category_browse","2026-08-03T09:43:43.028Z"
"int_1786983687334_haf9w6wwy","6a833395cee036cbf121a85d","68ca54d976a72c2aed452ff1","sess_21a85d_6_1786983687262","view",1,12,,"category_browse","2026-08-05T10:04:49.917Z"
"int_1786983784411_su90zy1a3","6a833396cee036cbf121a86b","68ca54d976a72c2aed452ffc","sess_21a86b_0_1786983784410","view",1,24,,"category_browse","2026-07-20T10:19:10.019Z"
"int_1786983784466_2nh6s7tne","6a833396cee036cbf121a86b","68ca54d976a72c2aed452ee7","sess_21a86b_0_1786983784410","view",1,33,,"category_browse","2026-07-20T10:19:45.374Z"
"int_1786983784532_ofeeb00zc","6a833396cee036cbf121a86b","68ca54d976a72c2aed452eec","sess_21a86b_1_1786983784531","view",1,36,,"category_browse","2026-07-24T10:19:55.862Z"
"int_1786983784645_9yeiwkhd2","6a833396cee036cbf121a86b","68ca54d976a72c2aed452efb","sess_21a86b_1_1786983784531","view",1,246,3,"search","2026-07-24T10:21:12.329Z"
"int_1786983784702_3baysw9a8","6a833396cee036cbf121a86b","68ca54d976a72c2aed452efb","sess_21a86b_1_1786983784531","like",3,0,3,"product_detail","2026-07-24T10:21:23.756Z"
"int_1786983784845_m0wrvsyjq","6a833396cee036cbf121a86b","68ca54d976a72c2aed452ec3","sess_21a86b_1_1786983784531","view",1,9,,"category_browse","2026-07-24T10:21:42.083Z"
"int_1786983784590_ztavk9gse","6a833396cee036cbf121a86b","68ca54d976a72c2aed452e88","sess_21a86b_1_1786983784531","view",1,44,,"category_browse","2026-07-24T10:21:50.951Z"
"int_1786983784775_y7258am8a","6a833396cee036cbf121a86b","68ca54d976a72c2aed452efb","sess_21a86b_1_1786983784531","add_to_cart",5,0,3,"product_detail","2026-07-24T10:22:06.178Z"
"int_1786983784900_fwxmir2vf","6a833396cee036cbf121a86b","68ca54d976a72c2aed452ec3","sess_21a86b_2_1786983784900","view",1,19,,"category_browse","2026-07-26T10:53:46.435Z"
"int_1786983784955_gzezac07v","6a833396cee036cbf121a86b","68ca54d976a72c2aed452ffc","sess_21a86b_2_1786983784900","view",1,30,,"category_browse","2026-07-26T10:54:24.939Z"
"int_1786983785108_kv52kw1z2","6a833396cee036cbf121a86b","68ca54d976a72c2aed452ee6","sess_21a86b_3_1786983785010","view",1,30,,"category_browse","2026-07-30T11:45:25.723Z"
"int_1786983785010_x6zwkprob","6a833396cee036cbf121a86b","68ca54d976a72c2aed452f44","sess_21a86b_3_1786983785010","view",1,35,,"category_browse","2026-07-30T11:45:57.725Z"
"int_1786983785164_hg3hce14h","6a833396cee036cbf121a86b","68ca54d976a72c2aed452f5a","sess_21a86b_3_1786983785010","view",1,45,,"category_browse","2026-07-30T11:47:04.610Z"
"int_1786983758809_efvxgc6df","6a833396cee036cbf121a867","68ca54d976a72c2aed452f0c","sess_21a867_0_1786983758618","view",1,23,,"category_browse","2026-07-20T13:18:26.596Z"
"int_1786983758689_fjtix1nn8","6a833396cee036cbf121a867","68ca54d976a72c2aed452fab","sess_21a867_0_1786983758618","view",1,33,,"category_browse","2026-07-20T13:19:03.488Z"
"int_1786983758618_j18geai8u","6a833396cee036cbf121a867","68ca54d976a72c2aed452e9e","sess_21a867_0_1786983758618","view",1,27,,"category_browse","2026-07-20T13:19:11.378Z"
"int_1786983758896_nnzhlaml2","6a833396cee036cbf121a867","68ca54d976a72c2aed452e79","sess_21a867_1_1786983758896","view",1,147,,"recommendation","2026-07-22T13:44:04.599Z"
"int_1786983759063_w903ia6de","6a833396cee036cbf121a867","68ca54d976a72c2aed452f06","sess_21a867_1_1786983758896","view",1,114,,"search","2026-07-22T13:44:14.524Z"
"int_1786983758991_cpxcsifnu","6a833396cee036cbf121a867","68ca54d976a72c2aed452fab","sess_21a867_1_1786983758896","view",1,37,,"category_browse","2026-07-22T13:44:21.278Z"
"int_1786983759135_tsoecdznk","6a833396cee036cbf121a867","68ca54d976a72c2aed452f06","sess_21a867_1_1786983758896","like",3,0,,"product_detail","2026-07-22T13:44:22.477Z"
"int_1786983759204_rxeqbijmz","6a833396cee036cbf121a867","68ca54d976a72c2aed452f06","sess_21a867_1_1786983758896","add_to_cart",5,0,,"product_detail","2026-07-22T13:46:23.794Z"
"int_1786983759285_uqecdkdzu","6a833396cee036cbf121a867","68ca54d976a72c2aed452f09","sess_21a867_2_1786983759285","view",1,39,,"category_browse","2026-07-23T13:57:20.700Z"
"int_1786983759504_tdlrfvg8c","6a833396cee036cbf121a867","68ca54d976a72c2aed452f7f","sess_21a867_2_1786983759285","view",1,44,,"category_browse","2026-07-23T13:57:30.525Z"
"int_1786983759355_fe85x3sy6","6a833396cee036cbf121a867","68ca54d976a72c2aed452f95","sess_21a867_2_1786983759285","view",1,20,,"category_browse","2026-07-23T13:57:56.847Z"
"int_1786983759429_xk8d5ved0","6a833396cee036cbf121a867","68ca54d976a72c2aed452e9e","sess_21a867_2_1786983759285","view",1,20,,"category_browse","2026-07-23T13:58:31.159Z"
"int_1786983752529_7t0iw5pvp","6a833396cee036cbf121a863","68ca54d976a72c2aed452f69","sess_21a863_0_1786983752528","view",1,39,,"category_browse","2026-07-20T15:04:43.959Z"
"int_1786983752597_t1687m0ln","6a833396cee036cbf121a863","68ca54d976a72c2aed452ee9","sess_21a863_0_1786983752528","view",1,38,,"category_browse","2026-07-20T15:04:44.631Z"
"int_1786983752768_gw3jcr2gm","6a833396cee036cbf121a863","68ca54d976a72c2aed452ee9","sess_21a863_1_1786983752681","view",1,24,,"category_browse","2026-07-21T15:46:47.269Z"
"int_1786983794739_7z9gi27d8","6a833396cee036cbf121a86d","68ca54d976a72c2aed452e9f","sess_21a86d_0_1786983794622","view",1,173,,"recommendation","2026-07-20T21:20:54.632Z"
"int_1786983794622_tcr7lk6ln","6a833396cee036cbf121a86d","68ca54d976a72c2aed452f19","sess_21a86d_0_1786983794622","view",1,44,,"category_browse","2026-07-20T21:21:28.584Z"
"int_1786983794682_yaqx9rc3c","6a833396cee036cbf121a86d","68ca54d976a72c2aed452ee8","sess_21a86d_0_1786983794622","view",1,41,,"category_browse","2026-07-20T21:22:12.451Z"
"int_1786983794872_qh5qjypnt","6a833396cee036cbf121a86d","68ca54d976a72c2aed452f5b","sess_21a86d_1_1786983794808","view",1,41,,"category_browse","2026-07-24T21:35:34.296Z"
"int_1786983797381_igxnj8mei","6a833396cee036cbf121a86f","68ca54d976a72c2aed452e85","sess_21a86f_0_1786983797311","view",1,34,,"category_browse","2026-07-21T08:29:39.247Z"
"int_1786983797312_zr5s8u0ys","6a833396cee036cbf121a86f","68ca54d976a72c2aed452f72","sess_21a86f_0_1786983797311","view",1,39,,"category_browse","2026-07-21T08:30:14.127Z"
"int_1786983797518_omxbj3q95","6a833396cee036cbf121a86f","68ca54d976a72c2aed452f09","sess_21a86f_1_1786983797449","view",1,43,,"category_browse","2026-07-23T08:42:00.593Z"
"int_1786983797585_ewhabjlgx","6a833396cee036cbf121a86f","68ca54d976a72c2aed452e75","sess_21a86f_1_1786983797449","view",1,35,,"category_browse","2026-07-23T08:42:50.521Z"
"int_1786983797449_h7i0bo1ck","6a833396cee036cbf121a86f","68ca54d976a72c2aed452e73","sess_21a86f_1_1786983797449","view",1,29,,"category_browse","2026-07-23T08:43:51.093Z"
"int_1786983797653_woj1eeed8","6a833396cee036cbf121a86f","68ca54d976a72c2aed452e99","sess_21a86f_2_1786983797653","view",1,45,,"category_browse","2026-07-25T09:09:13.354Z"
"int_1786983797790_stmppuj9u","6a833396cee036cbf121a86f","68ca54d976a72c2aed452f07","sess_21a86f_2_1786983797653","view",1,228,,"search","2026-07-25T09:10:16.973Z"
"int_1786983797721_u8ycu3j9f","6a833396cee036cbf121a86f","68ca54d976a72c2aed452e75","sess_21a86f_2_1786983797653","view",1,12,,"category_browse","2026-07-25T09:10:29.907Z"
"int_1786983754778_11qciled7","6a833396cee036cbf121a865","68ca54d976a72c2aed452ea0","sess_21a865_0_1786983754777","view",1,86,,"recommendation","2026-07-22T02:07:30.417Z"
"int_1786983754920_6vsj8ei1k","6a833396cee036cbf121a865","68ca54d976a72c2aed452ef1","sess_21a865_0_1786983754777","view",1,31,,"category_browse","2026-07-22T02:07:56.425Z"
"int_1786983754850_b4cajb574","6a833396cee036cbf121a865","68ca54d976a72c2aed452ea0","sess_21a865_0_1786983754777","add_to_cart",5,0,,"product_detail","2026-07-22T02:10:00.306Z"
"int_1786983754988_ojwilxcnk","6a833396cee036cbf121a865","68ca54d976a72c2aed452fd9","sess_21a865_1_1786983754988","view",1,24,,"category_browse","2026-07-24T02:28:40.983Z"
"int_1786983755055_0ardymjty","6a833396cee036cbf121a865","68ca54d976a72c2aed452f72","sess_21a865_1_1786983754988","view",1,43,,"category_browse","2026-07-24T02:30:26.058Z"
"int_1786983755127_h8ed3yxrj","6a833396cee036cbf121a865","68ca54d976a72c2aed452f17","sess_21a865_2_1786983755127","view",1,10,,"category_browse","2026-07-28T03:21:02.679Z"
"int_1786983814965_2xbtybv3y","6a833397cee036cbf121a873","68ca54d976a72c2aed452e64","sess_21a873_0_1786983814745","view",1,179,,"search","2026-07-23T05:46:30.250Z"
"int_1786983815172_zp7b1ipgm","6a833397cee036cbf121a873","68ca54d976a72c2aed452f41","sess_21a873_0_1786983814745","view",1,45,,"category_browse","2026-07-23T05:46:36.619Z"
"int_1786983815033_v1ymcjaoe","6a833397cee036cbf121a873","68ca54d976a72c2aed452e64","sess_21a873_0_1786983814745","like",3,0,,"product_detail","2026-07-23T05:46:46.916Z"
"int_1786983814815_2kxff1xn1","6a833397cee036cbf121a873","68ca54d976a72c2aed452ef9","sess_21a873_0_1786983814745","view",1,236,,"recommendation","2026-07-23T05:48:02.015Z"
"int_1786983814892_tp5tztvnt","6a833397cee036cbf121a873","68ca54d976a72c2aed452ef9","sess_21a873_0_1786983814745","search_click",2,0,,"product_detail","2026-07-23T05:48:31.339Z"
"int_1786983814745_b8azdflrv","6a833397cee036cbf121a873","68ca54d976a72c2aed452e63","sess_21a873_0_1786983814745","view",1,18,,"category_browse","2026-07-23T05:49:01.518Z"
"int_1786983815377_notolpiv3","6a833397cee036cbf121a873","68ca54d976a72c2aed452e97","sess_21a873_1_1786983815241","view",1,40,,"category_browse","2026-07-26T05:57:03.358Z"
"int_1786983815241_9gs5xmmip","6a833397cee036cbf121a873","68ca54d976a72c2aed452e64","sess_21a873_1_1786983815241","view",1,207,,"search","2026-07-26T05:57:47.187Z"
"int_1786983815310_4tbbg6mc0","6a833397cee036cbf121a873","68ca54d976a72c2aed452e64","sess_21a873_1_1786983815241","like",3,0,,"product_detail","2026-07-26T05:58:11.962Z"
"int_1786983815537_lwts99s88","6a833397cee036cbf121a873","68ca54d976a72c2aed452f63","sess_21a873_2_1786983815450","view",1,31,,"category_browse","2026-07-30T06:16:07.349Z"
"int_1786983815451_q4lpwy29a","6a833397cee036cbf121a873","68ca54d976a72c2aed452fe8","sess_21a873_2_1786983815450","view",1,14,,"category_browse","2026-07-30T06:17:44.702Z"
"int_1786983815610_yakz14rux","6a833397cee036cbf121a873","68ca54d976a72c2aed452f62","sess_21a873_2_1786983815450","view",1,20,,"category_browse","2026-07-30T06:17:55.210Z"
"int_1786983802757_xcaksrl2d","6a833397cee036cbf121a871","68ca54d976a72c2aed452fd8","sess_21a871_0_1786983802756","view",1,28,,"category_browse","2026-07-24T18:47:21.024Z"
"int_1786983802922_wjmu5a8tx","6a833397cee036cbf121a871","68ca54d976a72c2aed452f0d","sess_21a871_0_1786983802756","view",1,11,,"category_browse","2026-07-24T18:47:55.248Z"
"int_1786983802841_ks73ncwq6","6a833397cee036cbf121a871","68ca54d976a72c2aed452e90","sess_21a871_0_1786983802756","view",1,35,,"category_browse","2026-07-24T18:49:21.724Z"
"int_1786983803744_3wnuzva19","6a833397cee036cbf121a871","68ca54d976a72c2aed452f06","sess_21a871_1_1786983803603","view",1,207,,"recommendation","2026-07-25T19:43:52.296Z"
"int_1786983803603_misngrpnl","6a833397cee036cbf121a871","68ca54d976a72c2aed452fd2","sess_21a871_1_1786983803603","view",1,179,,"search","2026-07-25T19:43:55.587Z"
"int_1786983803882_q64fdtxxj","6a833397cee036cbf121a871","68ca54d976a72c2aed452e76","sess_21a871_1_1786983803603","view",1,24,,"category_browse","2026-07-25T19:44:00.821Z"
"int_1786983803673_ia1tuxn7a","6a833397cee036cbf121a871","68ca54d976a72c2aed452fd2","sess_21a871_1_1786983803603","like",3,0,,"product_detail","2026-07-25T19:44:01.955Z"
"int_1786983803812_zs6rnx4x6","6a833397cee036cbf121a871","68ca54d976a72c2aed452f06","sess_21a871_1_1786983803603","search_click",2,0,,"product_detail","2026-07-25T19:44:06.508Z"
"int_1786983803954_bqyumjlfy","6a833397cee036cbf121a871","68ca54d976a72c2aed452fd9","sess_21a871_2_1786983803953","view",1,22,,"category_browse","2026-07-28T20:01:57.488Z"
"int_1786983804866_xqkh6j0u1","6a833397cee036cbf121a871","68ca54d976a72c2aed452e92","sess_21a871_2_1786983803953","view",1,13,,"category_browse","2026-07-28T20:01:58.867Z"
"int_1786983805111_2adleha87","6a833397cee036cbf121a871","68ca54d976a72c2aed452f42","sess_21a871_2_1786983803953","view",1,8,,"category_browse","2026-07-28T20:02:20.186Z"
"int_1786983805035_xh4on03p3","6a833397cee036cbf121a871","68ca54d976a72c2aed452e85","sess_21a871_2_1786983803953","view",1,20,,"category_browse","2026-07-28T20:02:24.165Z"
"int_1786983848097_rggiwwtvj","6a833397cee036cbf121a877","68ca54d976a72c2aed452ec5","sess_21a877_0_1786983848096","view",1,45,,"category_browse","2026-07-25T03:21:39.987Z"
"int_1786983848155_csbbbbyd5","6a833397cee036cbf121a877","68ca54d976a72c2aed452eb6","sess_21a877_0_1786983848096","view",1,41,,"category_browse","2026-07-25T03:22:58.168Z"
"int_1786983848224_rqljt485d","6a833397cee036cbf121a877","68ca54d976a72c2aed452f09","sess_21a877_1_1786983848224","view",1,8,,"category_browse","2026-07-28T03:50:27.496Z"
"int_1786983848348_f8qv8v895","6a833397cee036cbf121a877","68ca54d976a72c2aed452f40","sess_21a877_1_1786983848224","view",1,35,,"category_browse","2026-07-28T03:50:36.906Z"
"int_1786983848281_g3wgplh1v","6a833397cee036cbf121a877","68ca54d976a72c2aed452e74","sess_21a877_1_1786983848224","view",1,17,,"category_browse","2026-07-28T03:50:37.064Z"
"int_1786983848525_h0qi6cs0e","6a833397cee036cbf121a877","68ca54d976a72c2aed452ff4","sess_21a877_2_1786983848409","view",1,34,,"category_browse","2026-07-31T03:51:01.086Z"
"int_1786983848409_8pndae2yq","6a833397cee036cbf121a877","68ca54d976a72c2aed452f07","sess_21a877_2_1786983848409","view",1,25,,"category_browse","2026-07-31T03:51:04.965Z"
"int_1786983848637_1h9jeff0f","6a833397cee036cbf121a877","68ca54d976a72c2aed452e78","sess_21a877_2_1786983848409","view",1,80,,"recommendation","2026-07-31T03:51:50.846Z"
"int_1786983848696_163ki52oa","6a833397cee036cbf121a877","68ca54d976a72c2aed452e78","sess_21a877_2_1786983848409","search_click",2,0,,"product_detail","2026-07-31T03:52:06.962Z"
"int_1786983848463_42sn9ic2d","6a833397cee036cbf121a877","68ca54d976a72c2aed452eb6","sess_21a877_2_1786983848409","view",1,32,,"category_browse","2026-07-31T03:52:24.389Z"
"int_1786983848583_z2c89hr4v","6a833397cee036cbf121a877","68ca54d976a72c2aed452f17","sess_21a877_2_1786983848409","view",1,20,,"category_browse","2026-07-31T03:52:57.664Z"
"int_1786983848750_lsjc6ibse","6a833397cee036cbf121a877","68ca54d976a72c2aed452e78","sess_21a877_2_1786983848409","add_to_cart",5,0,,"product_detail","2026-07-31T03:54:18.769Z"
"int_1786983848865_vnbgi9itr","6a833397cee036cbf121a877","68ca54d976a72c2aed452f6e","sess_21a877_3_1786983848804","view",1,24,,"category_browse","2026-08-03T04:17:11.312Z"
"int_1786983848924_fmeiuh88d","6a833397cee036cbf121a877","68ca54d976a72c2aed452e77","sess_21a877_3_1786983848804","view",1,273,,"search","2026-08-03T04:17:41.282Z"
"int_1786983822398_8ygk21xzo","6a833397cee036cbf121a875","68ca54d976a72c2aed452f35","sess_21a875_0_1786983822320","view",1,143,5,"search","2026-07-25T16:45:19.856Z"
"int_1786983822320_iut94u8rq","6a833397cee036cbf121a875","68ca54d976a72c2aed452f20","sess_21a875_0_1786983822320","view",1,23,,"category_browse","2026-07-25T16:46:47.385Z"
"int_1786983822467_iuk8zmidr","6a833397cee036cbf121a875","68ca54d976a72c2aed452f35","sess_21a875_0_1786983822320","add_to_cart",5,0,5,"product_detail","2026-07-25T16:47:06.085Z"
"int_1786983822626_ifuhr83dk","6a833397cee036cbf121a875","68ca54d976a72c2aed452edd","sess_21a875_1_1786983822551","view",1,215,,"recommendation","2026-07-27T17:43:16.493Z"
"int_1786983822839_b4zvgyjzi","6a833397cee036cbf121a875","68ca54d976a72c2aed452fb0","sess_21a875_1_1786983822551","view",1,38,,"category_browse","2026-07-27T17:43:18.164Z"
"int_1786983822699_yy7kv8f8t","6a833397cee036cbf121a875","68ca54d976a72c2aed452edd","sess_21a875_1_1786983822551","like",3,0,,"product_detail","2026-07-27T17:43:26.957Z"
"int_1786983822551_al7juijg8","6a833397cee036cbf121a875","68ca54d976a72c2aed452ff2","sess_21a875_1_1786983822551","view",1,43,,"category_browse","2026-07-27T17:45:06.632Z"
"int_1786983822912_qdp7na61d","6a833397cee036cbf121a875","68ca54d976a72c2aed452e6c","sess_21a875_1_1786983822551","view",1,76,,"recommendation","2026-07-27T17:45:08.552Z"
"int_1786983822980_n6yyappy5","6a833397cee036cbf121a875","68ca54d976a72c2aed452e6c","sess_21a875_1_1786983822551","like",3,0,,"product_detail","2026-07-27T17:45:19.080Z"
"int_1786983823661_4hu4rtwn7","6a833397cee036cbf121a875","68ca54d976a72c2aed452ff7","sess_21a875_2_1786983823060","view",1,14,,"category_browse","2026-07-30T17:55:30.020Z"
"int_1786983823283_n611062qv","6a833397cee036cbf121a875","68ca54d976a72c2aed452edd","sess_21a875_2_1786983823060","view",1,209,,"recommendation","2026-07-30T17:56:19.003Z"
"int_1786983823362_4o01vwu5t","6a833397cee036cbf121a875","68ca54d976a72c2aed452edd","sess_21a875_2_1786983823060","like",3,0,,"product_detail","2026-07-30T17:56:34.911Z"
"int_1786983823060_gtk56x73x","6a833397cee036cbf121a875","68ca54d976a72c2aed452eaa","sess_21a875_2_1786983823060","view",1,188,,"search","2026-07-30T17:56:45.725Z"
"int_1786983823129_9bvrn1zvu","6a833397cee036cbf121a875","68ca54d976a72c2aed452eaa","sess_21a875_2_1786983823060","search_click",2,0,,"product_detail","2026-07-30T17:57:09.814Z"
"int_1786983823574_mz5cwus8o","6a833397cee036cbf121a875","68ca54d976a72c2aed452e9f","sess_21a875_2_1786983823060","view",1,25,,"category_browse","2026-07-30T17:57:19.114Z"
"int_1786983823203_bg0g5dged","6a833397cee036cbf121a875","68ca54d976a72c2aed452eaa","sess_21a875_2_1786983823060","add_to_cart",5,0,,"product_detail","2026-07-30T17:57:58.220Z"
"int_1786983823505_fhjt938du","6a833397cee036cbf121a875","68ca54d976a72c2aed452edd","sess_21a875_2_1786983823060","add_to_cart",5,0,,"product_detail","2026-07-30T17:58:03.756Z"
"int_1786983823732_m0zy2qc7v","6a833397cee036cbf121a875","68ca54d976a72c2aed452e6c","sess_21a875_3_1786983823731","view",1,145,,"recommendation","2026-08-02T18:26:29.717Z"
"int_1786983824106_pj5imgdmi","6a833397cee036cbf121a875","68ca54d976a72c2aed452fa2","sess_21a875_3_1786983823731","view",1,258,,"search","2026-08-02T18:26:32.627Z"
"int_1786983823801_90qrone8n","6a833397cee036cbf121a875","68ca54d976a72c2aed452e6c","sess_21a875_3_1786983823731","like",3,0,,"product_detail","2026-08-02T18:26:57.231Z"
"int_1786983824176_uby8uyb0z","6a833397cee036cbf121a875","68ca54d976a72c2aed452fa2","sess_21a875_3_1786983823731","add_to_cart",5,0,,"product_detail","2026-08-02T18:27:27.035Z"
"int_1786983823969_e4maxe4ni","6a833397cee036cbf121a875","68ca54d976a72c2aed452f35","sess_21a875_3_1786983823731","view",1,191,5,"search","2026-08-02T18:28:43.740Z"
"int_1786983823877_mhuel6v9c","6a833397cee036cbf121a875","68ca54d976a72c2aed452e6c","sess_21a875_3_1786983823731","add_to_cart",5,0,,"product_detail","2026-08-02T18:28:47.762Z"
"int_1786983824038_1n0jl4dpk","6a833397cee036cbf121a875","68ca54d976a72c2aed452f35","sess_21a875_3_1786983823731","search_click",2,0,5,"product_detail","2026-08-02T18:28:48.807Z"
"int_1786983824252_4mv4j6fax","6a833397cee036cbf121a875","68ca54d976a72c2aed452f35","sess_21a875_4_1786983824252","view",1,206,5,"recommendation","2026-08-04T18:32:25.093Z"
"int_1786983824325_e5k2e162k","6a833397cee036cbf121a875","68ca54d976a72c2aed452f35","sess_21a875_4_1786983824252","like",3,0,5,"product_detail","2026-08-04T18:32:44.991Z"
"int_1786983824478_c8skqr8k7","6a833397cee036cbf121a875","68ca54d976a72c2aed452ea9","sess_21a875_4_1786983824252","view",1,9,,"category_browse","2026-08-04T18:32:51.900Z"
"int_1786983824556_uezxulhha","6a833397cee036cbf121a875","68ca54d976a72c2aed452edd","sess_21a875_4_1786983824252","view",1,135,,"recommendation","2026-08-04T18:33:51.527Z"
"int_1786983824635_3q0h5ike6","6a833397cee036cbf121a875","68ca54d976a72c2aed452edd","sess_21a875_4_1786983824252","search_click",2,0,,"product_detail","2026-08-04T18:34:03.513Z"
"int_1786983824996_spycec0fc","6a833397cee036cbf121a875","68ca54d976a72c2aed452ff2","sess_21a875_4_1786983824252","view",1,14,,"category_browse","2026-08-04T18:34:27.710Z"
"int_1786983824925_upow6jy9i","6a833397cee036cbf121a875","68ca54d976a72c2aed452e76","sess_21a875_4_1786983824252","view",1,37,,"category_browse","2026-08-04T18:34:34.499Z"
"int_1786983824782_sc9552y1b","6a833397cee036cbf121a875","68ca54d976a72c2aed452e6c","sess_21a875_4_1786983824252","view",1,167,,"recommendation","2026-08-04T18:34:38.257Z"
"int_1786983824856_5gdq2ny9k","6a833397cee036cbf121a875","68ca54d976a72c2aed452e6c","sess_21a875_4_1786983824252","add_to_cart",5,0,,"product_detail","2026-08-04T18:35:49.719Z"
"int_1786983824709_436vjqvpq","6a833397cee036cbf121a875","68ca54d976a72c2aed452edd","sess_21a875_4_1786983824252","add_to_cart",5,0,,"product_detail","2026-08-04T18:36:08.394Z"
"int_1786983887588_0kruh936z","6a833398cee036cbf121a87f","68ca54d976a72c2aed452f3e","sess_21a87f_0_1786983887588","view",1,147,,"search","2026-07-25T23:03:42.004Z"
"int_1786983887948_r10mul2wb","6a833398cee036cbf121a87f","68ca54d976a72c2aed452f05","sess_21a87f_0_1786983887588","view",1,29,,"category_browse","2026-07-25T23:04:02.026Z"
"int_1786983887881_u392ptc85","6a833398cee036cbf121a87f","68ca54d976a72c2aed452f7f","sess_21a87f_0_1786983887588","view",1,9,,"category_browse","2026-07-25T23:04:09.120Z"
"int_1786983887732_dsni7ey9y","6a833398cee036cbf121a87f","68ca54d976a72c2aed452ef1","sess_21a87f_0_1786983887588","view",1,216,,"search","2026-07-25T23:04:33.060Z"
"int_1786983887656_2q4q9c4ew","6a833398cee036cbf121a87f","68ca54d976a72c2aed452f3e","sess_21a87f_0_1786983887588","add_to_cart",5,0,,"product_detail","2026-07-25T23:05:20.438Z"
"int_1786983887806_f9pm1o6at","6a833398cee036cbf121a87f","68ca54d976a72c2aed452ef1","sess_21a87f_0_1786983887588","add_to_cart",5,0,,"product_detail","2026-07-25T23:06:43.621Z"
"int_1786983888094_j9l4fsq8t","6a833398cee036cbf121a87f","68ca54d976a72c2aed452e7f","sess_21a87f_1_1786983888021","view",1,32,,"category_browse","2026-07-29T23:16:55.047Z"
"int_1786983888172_rppvxoaeg","6a833398cee036cbf121a87f","68ca54d976a72c2aed452f7f","sess_21a87f_1_1786983888021","view",1,13,,"category_browse","2026-07-29T23:17:21.682Z"
"int_1786983888021_exzw9hr8k","6a833398cee036cbf121a87f","68ca54d976a72c2aed452f0a","sess_21a87f_1_1786983888021","view",1,42,,"category_browse","2026-07-29T23:18:40.486Z"
"int_1786983888243_8gd9u7x7d","6a833398cee036cbf121a87f","68ca54d976a72c2aed452f47","sess_21a87f_1_1786983888021","view",1,26,,"category_browse","2026-07-29T23:19:04.400Z"
"int_1786983888524_r56dray4t","6a833398cee036cbf121a87f","68ca54d976a72c2aed452e7f","sess_21a87f_2_1786983888314","view",1,18,,"category_browse","2026-08-02T23:54:39.678Z"
"int_1786983888455_rzfyccf5e","6a833398cee036cbf121a87f","68ca54d976a72c2aed452f05","sess_21a87f_2_1786983888314","view",1,41,,"category_browse","2026-08-02T23:54:55.933Z"
"int_1786983878610_lr2cws0hs","6a833397cee036cbf121a87b","68ca54d976a72c2aed452e88","sess_21a87b_0_1786983878610","view",1,29,,"category_browse","2026-07-26T01:13:10.482Z"
"int_1786983878728_b6sgl1dxw","6a833397cee036cbf121a87b","68ca54d976a72c2aed452e6c","sess_21a87b_0_1786983878610","view",1,40,,"category_browse","2026-07-26T01:13:14.976Z"
"int_1786983878669_54fqp7v1m","6a833397cee036cbf121a87b","68ca54d976a72c2aed452f5b","sess_21a87b_0_1786983878610","view",1,9,,"category_browse","2026-07-26T01:13:40.598Z"
"int_1786983878919_klt6xvzfy","6a833397cee036cbf121a87b","68ca54d976a72c2aed452e8a","sess_21a87b_1_1786983878784","view",1,39,,"category_browse","2026-07-27T01:34:37.111Z"
"int_1786983878852_krlrqhc6l","6a833397cee036cbf121a87b","68ca54d976a72c2aed452f69","sess_21a87b_1_1786983878784","view",1,32,,"category_browse","2026-07-27T01:35:09.566Z"
"int_1786983898913_l5efxah9g","6a833398cee036cbf121a881","68ca54d976a72c2aed452e64","sess_21a881_0_1786983898845","view",1,14,,"category_browse","2026-07-26T09:10:11.897Z"
"int_1786983898845_buiiwjjmy","6a833398cee036cbf121a881","68ca54d976a72c2aed452eb5","sess_21a881_0_1786983898845","view",1,34,,"category_browse","2026-07-26T09:10:48.259Z"
"int_1786983898970_6xjkz3p1d","6a833398cee036cbf121a881","68ca54d976a72c2aed452ede","sess_21a881_1_1786983898969","view",1,9,,"category_browse","2026-07-28T09:24:53.554Z"
"int_1786983899035_0woig555q","6a833398cee036cbf121a881","68ca54d976a72c2aed452ef9","sess_21a881_1_1786983898969","view",1,15,,"category_browse","2026-07-28T09:25:12.355Z"
"int_1786983899107_nglzwm2ko","6a833398cee036cbf121a881","68ca54d976a72c2aed452fe7","sess_21a881_1_1786983898969","view",1,34,,"category_browse","2026-07-28T09:25:43.741Z"
"int_1786983899164_88r14xz3u","6a833398cee036cbf121a881","68ca54d976a72c2aed452e7a","sess_21a881_2_1786983899164","view",1,45,,"category_browse","2026-08-01T09:25:12.633Z"
"int_1786983899222_4dskg8dx4","6a833398cee036cbf121a881","68ca54d976a72c2aed452f0f","sess_21a881_2_1786983899164","view",1,39,,"category_browse","2026-08-01T09:25:35.444Z"
"int_1786983899278_8bl317yuo","6a833398cee036cbf121a881","68ca54d976a72c2aed452feb","sess_21a881_2_1786983899164","view",1,45,,"category_browse","2026-08-01T09:25:58.988Z"
"int_1786983899352_1wmmrtymh","6a833398cee036cbf121a881","68ca54d976a72c2aed452faf","sess_21a881_2_1786983899164","view",1,40,,"category_browse","2026-08-01T09:26:44.007Z"
"int_1786983899428_2iviv6l28","6a833398cee036cbf121a881","68ca54d976a72c2aed452e7a","sess_21a881_3_1786983899428","view",1,13,,"category_browse","2026-08-03T10:14:32.275Z"
"int_1786983899489_96nh26eua","6a833398cee036cbf121a881","68ca54d976a72c2aed452f16","sess_21a881_3_1786983899428","view",1,33,,"category_browse","2026-08-03T10:15:03.343Z"
"int_1786983899546_kf52gg0sl","6a833398cee036cbf121a881","68ca54d976a72c2aed452feb","sess_21a881_4_1786983899545","view",1,44,,"category_browse","2026-08-04T10:52:43.320Z"
"int_1786983899791_k135ijoyg","6a833398cee036cbf121a881","68ca54d976a72c2aed452e62","sess_21a881_4_1786983899545","view",1,150,,"search","2026-08-04T10:53:12.945Z"
"int_1786983899851_zfm5i8jud","6a833398cee036cbf121a881","68ca54d976a72c2aed452e62","sess_21a881_4_1786983899545","like",3,0,,"product_detail","2026-08-04T10:53:18.229Z"
"int_1786983899733_3go89lnqu","6a833398cee036cbf121a881","68ca54d976a72c2aed452e64","sess_21a881_4_1786983899545","view",1,28,,"category_browse","2026-08-04T10:54:35.207Z"
"int_1786983899976_9rdpiudpu","6a833398cee036cbf121a881","68ca54d976a72c2aed452edb","sess_21a881_4_1786983899545","view",1,11,,"category_browse","2026-08-04T10:55:02.107Z"
"int_1786983861504_tzsadjo4w","6a833397cee036cbf121a879","68ca54d976a72c2aed452e87","sess_21a879_0_1786983861291","view",1,31,,"category_browse","2026-07-26T14:42:52.401Z"
"int_1786983861291_4nqe5irs8","6a833397cee036cbf121a879","68ca54d976a72c2aed452eaa","sess_21a879_0_1786983861291","view",1,223,,"search","2026-07-26T14:43:15.615Z"
"int_1786983861581_befqoejgb","6a833397cee036cbf121a879","68ca54d976a72c2aed452f7f","sess_21a879_0_1786983861291","view",1,101,,"recommendation","2026-07-26T14:43:42.113Z"
"int_1786983861359_nxrpjwrp1","6a833397cee036cbf121a879","68ca54d976a72c2aed452eaa","sess_21a879_0_1786983861291","like",3,0,,"product_detail","2026-07-26T14:43:43.495Z"
"int_1786983861716_98xc5qo4y","6a833397cee036cbf121a879","68ca54d976a72c2aed452e77","sess_21a879_0_1786983861291","view",1,239,,"recommendation","2026-07-26T14:44:24.355Z"
"int_1786983861648_xk5p6274z","6a833397cee036cbf121a879","68ca54d976a72c2aed452f7f","sess_21a879_0_1786983861291","add_to_cart",5,0,,"product_detail","2026-07-26T14:45:33.340Z"
"int_1786983861790_9vd0oe8r2","6a833397cee036cbf121a879","68ca54d976a72c2aed452e77","sess_21a879_0_1786983861291","add_to_cart",5,0,,"product_detail","2026-07-26T14:45:44.609Z"
"int_1786983862003_7vp6bddtq","6a833397cee036cbf121a879","68ca54d976a72c2aed452fd9","sess_21a879_1_1786983861860","view",1,35,,"category_browse","2026-07-30T15:31:19.631Z"
"int_1786983861931_o86gt2jzk","6a833397cee036cbf121a879","68ca54d976a72c2aed452fd2","sess_21a879_1_1786983861860","view",1,31,,"category_browse","2026-07-30T15:31:23.995Z"
"int_1786983861861_6lgtdujql","6a833397cee036cbf121a879","68ca54d976a72c2aed452e79","sess_21a879_1_1786983861860","view",1,201,,"search","2026-07-30T15:31:31.124Z"
"int_1786983862242_2vefigvpi","6a833397cee036cbf121a879","68ca54d976a72c2aed452ea9","sess_21a879_2_1786983862095","view",1,38,,"category_browse","2026-08-02T15:32:32.842Z"
"int_1786983862096_r02izvkp5","6a833397cee036cbf121a879","68ca54d976a72c2aed452e92","sess_21a879_2_1786983862095","view",1,30,,"category_browse","2026-08-02T15:32:36.095Z"
"int_1786983862165_nmnmteuod","6a833397cee036cbf121a879","68ca54d976a72c2aed452e75","sess_21a879_2_1786983862095","view",1,40,,"category_browse","2026-08-02T15:33:49.110Z"
"int_1786983862315_897f9eaf6","6a833397cee036cbf121a879","68ca54d976a72c2aed452fd9","sess_21a879_2_1786983862095","view",1,40,,"category_browse","2026-08-02T15:34:25.737Z"
"int_1786983862384_cm7uxzsqr","6a833397cee036cbf121a879","68ca54d976a72c2aed452ea0","sess_21a879_3_1786983862384","view",1,10,,"category_browse","2026-08-03T15:55:28.049Z"
"int_1786983862453_ppxje7php","6a833397cee036cbf121a879","68ca54d976a72c2aed452e7b","sess_21a879_3_1786983862384","view",1,24,,"category_browse","2026-08-03T15:55:47.206Z"
"int_1786983862643_tebq0mgt3","6a833397cee036cbf121a879","68ca54d976a72c2aed452f0b","sess_21a879_3_1786983862384","view",1,16,,"category_browse","2026-08-03T15:56:41.877Z"
"int_1786983862528_9ps20fioj","6a833397cee036cbf121a879","68ca54d976a72c2aed452e92","sess_21a879_3_1786983862384","view",1,19,,"category_browse","2026-08-03T15:56:52.644Z"
"int_1786983862854_3lko6ftnm","6a833397cee036cbf121a879","68ca54d976a72c2aed452e79","sess_21a879_4_1786983862711","view",1,75,,"search","2026-08-05T16:54:08.982Z"
"int_1786983934776_bgcn3cnal","6a833398cee036cbf121a887","68ca54d976a72c2aed452f64","sess_21a887_0_1786983934776","view",1,32,,"category_browse","2026-07-26T17:51:01.940Z"
"int_1786983934847_ufqysblrb","6a833398cee036cbf121a887","68ca54d976a72c2aed452f0d","sess_21a887_0_1786983934776","view",1,19,,"category_browse","2026-07-26T17:52:50.002Z"
"int_1786983934916_tzyciatv3","6a833398cee036cbf121a887","68ca54d976a72c2aed452eb9","sess_21a887_1_1786983934915","view",1,14,,"category_browse","2026-07-28T18:38:53.117Z"
"int_1786983934988_y4rexmwep","6a833398cee036cbf121a887","68ca54d976a72c2aed452f02","sess_21a887_1_1786983934915","view",1,19,,"category_browse","2026-07-28T18:39:29.766Z"
"int_1786983935127_3qjqf7uuw","6a833398cee036cbf121a887","68ca54d976a72c2aed452ede","sess_21a887_2_1786983935055","view",1,27,,"category_browse","2026-07-29T19:03:01.761Z"
"int_1786983935055_3yety0jst","6a833398cee036cbf121a887","68ca54d976a72c2aed452e7d","sess_21a887_2_1786983935055","view",1,24,,"category_browse","2026-07-29T19:04:14.195Z"
"int_1786983935195_gjrt2rmpo","6a833398cee036cbf121a887","68ca54d976a72c2aed452f0d","sess_21a887_2_1786983935055","view",1,31,,"category_browse","2026-07-29T19:04:55.308Z"
"int_1786983935267_ahgbyebz1","6a833398cee036cbf121a887","68ca54d976a72c2aed452f23","sess_21a887_2_1786983935055","view",1,32,,"category_browse","2026-07-29T19:05:21.254Z"
"int_1786983935336_2msc1ozkq","6a833398cee036cbf121a887","68ca54d976a72c2aed452f0d","sess_21a887_3_1786983935335","view",1,26,,"category_browse","2026-08-01T19:07:55.819Z"
"int_1786983935406_j6zi74u4s","6a833398cee036cbf121a887","68ca54d976a72c2aed452ee8","sess_21a887_3_1786983935335","view",1,189,,"search","2026-08-01T19:10:02.996Z"
"int_1786983935479_pjq1j8wo4","6a833398cee036cbf121a887","68ca54d976a72c2aed452eb9","sess_21a887_4_1786983935478","view",1,8,,"category_browse","2026-08-03T19:47:55.201Z"
"int_1786983912512_6we90co5h","6a833398cee036cbf121a883","68ca54d976a72c2aed452fe7","sess_21a883_0_1786983912303","view",1,32,,"category_browse","2026-07-26T20:36:51.728Z"
"int_1786983912373_605pbnk31","6a833398cee036cbf121a883","68ca54d976a72c2aed452f57","sess_21a883_0_1786983912303","view",1,107,,"recommendation","2026-07-26T20:38:14.476Z"
"int_1786983912303_jb0t88lbd","6a833398cee036cbf121a883","68ca54d976a72c2aed452eb5","sess_21a883_0_1786983912303","view",1,25,,"category_browse","2026-07-26T20:38:15.055Z"
"int_1786983912443_nq5962f9l","6a833398cee036cbf121a883","68ca54d976a72c2aed452f57","sess_21a883_0_1786983912303","search_click",2,0,,"product_detail","2026-07-26T20:38:22.152Z"
"int_1786983912999_5dq1dj0bo","6a833398cee036cbf121a883","68ca54d976a72c2aed452e63","sess_21a883_1_1786983912580","view",1,12,,"category_browse","2026-07-30T21:32:11.243Z"
"int_1786983912854_48tbmg5wo","6a833398cee036cbf121a883","68ca54d976a72c2aed452ef0","sess_21a883_1_1786983912580","view",1,205,,"recommendation","2026-07-30T21:32:20.475Z"
"int_1786983912922_g664kwoev","6a833398cee036cbf121a883","68ca54d976a72c2aed452ef0","sess_21a883_1_1786983912580","search_click",2,0,,"product_detail","2026-07-30T21:32:49.312Z"
"int_1786983912717_o13i8i7g6","6a833398cee036cbf121a883","68ca54d976a72c2aed452fd3","sess_21a883_1_1786983912580","view",1,35,,"category_browse","2026-07-30T21:33:19.921Z"
"int_1786983912786_ppwctwlhd","6a833398cee036cbf121a883","68ca54d976a72c2aed452e90","sess_21a883_1_1786983912580","view",1,16,,"category_browse","2026-07-30T21:33:51.790Z"
"int_1786983912580_g7dmvfvst","6a833398cee036cbf121a883","68ca54d976a72c2aed452f57","sess_21a883_1_1786983912580","view",1,192,,"recommendation","2026-07-30T21:34:19.451Z"
"int_1786983912648_d178vwms5","6a833398cee036cbf121a883","68ca54d976a72c2aed452f57","sess_21a883_1_1786983912580","search_click",2,0,,"product_detail","2026-07-30T21:34:44.118Z"
"int_1786983913313_4wxtu457y","6a833398cee036cbf121a883","68ca54d976a72c2aed452fac","sess_21a883_2_1786983913075","view",1,45,,"category_browse","2026-08-02T21:48:29.310Z"
"int_1786983913381_4gai4prbe","6a833398cee036cbf121a883","68ca54d976a72c2aed452f58","sess_21a883_2_1786983913075","view",1,8,,"category_browse","2026-08-02T21:48:42.930Z"
"int_1786983913457_26fdqhbwc","6a833398cee036cbf121a883","68ca54d976a72c2aed452ef0","sess_21a883_2_1786983913075","view",1,234,,"recommendation","2026-08-02T21:49:27.822Z"
"int_1786983913525_at2o8xg87","6a833398cee036cbf121a883","68ca54d976a72c2aed452ef0","sess_21a883_2_1786983913075","search_click",2,0,,"product_detail","2026-08-02T21:49:35.244Z"
"int_1786983913075_lu3s1kqtd","6a833398cee036cbf121a883","68ca54d976a72c2aed452f41","sess_21a883_2_1786983913075","view",1,95,,"search","2026-08-02T21:49:58.592Z"
"int_1786983913171_unyt61tjn","6a833398cee036cbf121a883","68ca54d976a72c2aed452f41","sess_21a883_2_1786983913075","search_click",2,0,,"product_detail","2026-08-02T21:50:11.608Z"
"int_1786983913238_l1n2d6k5j","6a833398cee036cbf121a883","68ca54d976a72c2aed452f41","sess_21a883_2_1786983913075","add_to_cart",5,0,,"product_detail","2026-08-02T21:51:28.632Z"
"int_1786983913879_t70rihhmn","6a833398cee036cbf121a883","68ca54d976a72c2aed452eb9","sess_21a883_3_1786983913609","view",1,34,,"category_browse","2026-08-06T21:59:45.274Z"
"int_1786983913811_ssos9ibra","6a833398cee036cbf121a883","68ca54d976a72c2aed452e7a","sess_21a883_3_1786983913609","view",1,36,,"category_browse","2026-08-06T22:00:46.894Z"
"int_1786983883984_fin2lu5qu","6a833397cee036cbf121a87d","68ca54d976a72c2aed452edc","sess_21a87d_0_1786983883984","view",1,177,,"recommendation","2026-07-27T11:29:53.349Z"
"int_1786983884053_m9589yyhn","6a833397cee036cbf121a87d","68ca54d976a72c2aed452ede","sess_21a87d_0_1786983883984","view",1,41,,"category_browse","2026-07-27T11:30:02.490Z"
"int_1786983884285_2cf6f1b70","6a833397cee036cbf121a87d","68ca54d976a72c2aed452f44","sess_21a87d_1_1786983884124","view",1,9,,"category_browse","2026-07-29T11:41:52.884Z"
"int_1786983884213_bddpqm2oe","6a833397cee036cbf121a87d","68ca54d976a72c2aed452e7d","sess_21a87d_1_1786983884124","view",1,37,,"category_browse","2026-07-29T11:42:27.656Z"
"int_1786983927348_ndqmon81d","6a833398cee036cbf121a885","68ca54d976a72c2aed452ee8","sess_21a885_0_1786983927278","view",1,79,,"search","2026-07-29T07:01:37.936Z"
"int_1786983927424_jd8ehreff","6a833398cee036cbf121a885","68ca54d976a72c2aed452ee8","sess_21a885_0_1786983927278","like",3,0,,"product_detail","2026-07-29T07:01:46.156Z"
"int_1786983927279_5x5lsas35","6a833398cee036cbf121a885","68ca54d976a72c2aed452f44","sess_21a885_0_1786983927278","view",1,42,,"category_browse","2026-07-29T07:02:43.588Z"
"int_1786983927573_bv80mimn6","6a833398cee036cbf121a885","68ca54d976a72c2aed452eac","sess_21a885_1_1786983927494","view",1,156,,"recommendation","2026-08-02T07:45:22.860Z"
"int_1786983927645_bpta6danx","6a833398cee036cbf121a885","68ca54d976a72c2aed452eac","sess_21a885_1_1786983927494","search_click",2,0,,"product_detail","2026-08-02T07:45:48.600Z"
"int_1786983927495_yl8confqo","6a833398cee036cbf121a885","68ca54d976a72c2aed452f32","sess_21a885_1_1786983927494","view",1,26,,"category_browse","2026-08-02T07:45:52.364Z"
"int_1786983927800_8doe4m4wv","6a833398cee036cbf121a885","68ca54d976a72c2aed452e9f","sess_21a885_2_1786983927717","view",1,35,,"category_browse","2026-08-06T07:51:50.241Z"
"int_1786983927718_re0pmvvuj","6a833398cee036cbf121a885","68ca54d976a72c2aed452f02","sess_21a885_2_1786983927717","view",1,40,,"category_browse","2026-08-06T07:52:56.063Z"
"int_1786983927953_276eiqtvs","6a833398cee036cbf121a885","68ca54d976a72c2aed452eb6","sess_21a885_3_1786983927875","view",1,45,,"category_browse","2026-08-10T08:37:26.652Z"