interaction_id,user_id,product_id,session_id,interaction_type,implicit_weight,duration_seconds,timestamp
"int_1790176426922_63mzh658i","6a27ed55b6d7638a2acaa654","68c5583b9869e837e80cea84","sess_explore_1790176426922_gfv30t","view",1,62,"2026-08-09T17:20:18.497Z"
"int_1790176426420_pqvlxhtem","6a833392cee036cbf121a82b","68c5583b9869e837e80ce9cb","sess_1790176426419_4acv8oe","view",1,110,"2026-08-09T18:26:19.279Z"
"int_1790176426420_5w07qrb5n","6a833392cee036cbf121a82b","68c5583b9869e837e80ce9b2","sess_1790176426419_4acv8oe","view",1,76,"2026-08-09T18:26:19.279Z"
"int_1790176426420_0u9riov79","6a833392cee036cbf121a82b","68c5583b9869e837e80ce9d7","sess_1790176426419_4acv8oe","view",1,48,"2026-08-09T18:26:19.279Z"
"int_1790176426420_0w15szkmu","6a833392cee036cbf121a82b","68c5583b9869e837e80ce9cb","sess_1790176426419_4acv8oe","like",3,0,"2026-08-09T18:26:34.279Z"
"int_1790176426420_pk9e3mrdm","6a833392cee036cbf121a82b","68c5583b9869e837e80ce9d7","sess_1790176426419_4acv8oe","like",3,0,"2026-08-09T18:26:34.279Z"
"int_1790176426925_5djhricv0","6a833395cee036cbf121a85d","68c5583b9869e837e80ceae9","sess_explore_1790176426925_gk4754","search_click",2,43,"2026-08-09T19:00:48.382Z"
"int_1790176426925_be2tgtg7w","6a833395cee036cbf121a85d","68c5583b9869e837e80ceae9","sess_explore_1790176426925_gk4754","like",3,0,"2026-08-09T19:00:58.382Z"
"int_1790176426921_xvo5z5f4r","6a833393cee036cbf121a841","68c5583b9869e837e80cea44","sess_explore_1790176426921_651bsc","view",1,32,"2026-08-09T19:26:08.276Z"
"int_1790176426921_l6o4d2wmx","6a833393cee036cbf121a841","68c5583b9869e837e80cea44","sess_explore_1790176426921_651bsc","like",3,0,"2026-08-09T19:26:18.276Z"
"int_1790176426920_80uhlf6ii","6a833394cee036cbf121a84d","68c5583b9869e837e80cea11","sess_explore_1790176426920_px3hoo","search_click",2,39,"2026-08-09T19:55:26.895Z"
"int_1790176426759_gdike17va","6a833396cee036cbf121a86d","68c5583b9869e837e80ce97c","sess_1790176426755_8sihzma","view",1,66,"2026-08-09T21:00:14.988Z"
"int_1790176426759_hqosk2gjt","6a833396cee036cbf121a86d","68c5583b9869e837e80cea7f","sess_1790176426755_8sihzma","view",1,46,"2026-08-09T21:00:14.988Z"
"int_1790176426759_b5y8wtslu","6a833396cee036cbf121a86d","68c5583b9869e837e80ce9b5","sess_1790176426755_8sihzma","view",1,28,"2026-08-09T21:00:14.988Z"
"int_1790176426759_mzupa9mjy","6a833396cee036cbf121a86d","68c5583b9869e837e80cea3e","sess_1790176426755_8sihzma","view",1,27,"2026-08-09T21:00:14.988Z"
"int_1790176426759_98z0lua3g","6a833396cee036cbf121a86d","68c5583b9869e837e80cea7f","sess_1790176426755_8sihzma","like",3,0,"2026-08-09T21:00:29.988Z"
"int_1790176426759_crvaz4cy5","6a833396cee036cbf121a86d","68c5583b9869e837e80ce9b5","sess_1790176426755_8sihzma","add_to_cart",5,0,"2026-08-09T21:00:49.988Z"
"int_1790176426925_boqqcx1p3","6a833395cee036cbf121a855","68c5583b9869e837e80ceaff","sess_explore_1790176426925_9h9bzj","view",1,74,"2026-08-09T21:53:14.887Z"
"int_1790176426786_r1olq8n8b","6a833397cee036cbf121a871","68c5583b9869e837e80ce9e0","sess_1790176426783_hi4v869","view",1,21,"2026-08-09T22:10:30.505Z"
"int_1790176426786_3ru30pg0c","6a833397cee036cbf121a871","68c5583b9869e837e80ce9ab","sess_1790176426783_hi4v869","view",1,85,"2026-08-09T22:10:30.505Z"
"int_1790176426786_9lfleo519","6a833397cee036cbf121a871","68c5583b9869e837e80ce9df","sess_1790176426783_hi4v869","view",1,67,"2026-08-09T22:10:30.505Z"
"int_1790176426786_0yqbjoh71","6a833397cee036cbf121a871","68c5583b9869e837e80ce9e2","sess_1790176426783_hi4v869","view",1,73,"2026-08-09T22:10:30.505Z"
"int_1790176426786_utywpmvaf","6a833397cee036cbf121a871","68c5583b9869e837e80ce9e0","sess_1790176426783_hi4v869","like",3,0,"2026-08-09T22:10:45.505Z"
"int_1790176426786_gcrcomm53","6a833397cee036cbf121a871","68c5583b9869e837e80ce9e2","sess_1790176426783_hi4v869","like",3,0,"2026-08-09T22:10:45.505Z"
"int_1790176426786_4jkrh2gmo","6a833397cee036cbf121a871","68c5583b9869e837e80ce9e0","sess_1790176426783_hi4v869","add_to_cart",5,0,"2026-08-09T22:11:05.505Z"
"int_1790176426919_33qilj2ki","6a833397cee036cbf121a871","68c5583b9869e837e80ce9b3","sess_explore_1790176426919_8d3p4b","view",1,30,"2026-08-10T02:12:29.710Z"
"int_1790176426919_ot69i416g","6a833397cee036cbf121a871","68c5583b9869e837e80ce9b3","sess_explore_1790176426919_8d3p4b","like",3,0,"2026-08-10T02:12:39.710Z"
"int_1790176426478_z0qnmbrgh","6a833393cee036cbf121a837","68c5583b9869e837e80ce9b9","sess_1790176426477_piyht03","view",1,56,"2026-08-10T02:25:45.037Z"
"int_1790176426478_ucl4l1yn1","6a833393cee036cbf121a837","68c5583b9869e837e80cea78","sess_1790176426477_piyht03","view",1,43,"2026-08-10T02:25:45.037Z"
"int_1790176426478_6t2zul36h","6a833393cee036cbf121a837","68c5583b9869e837e80ce98f","sess_1790176426477_piyht03","view",1,174,"2026-08-10T02:25:45.037Z"
"int_1790176426478_8uceauy0g","6a833393cee036cbf121a837","68c5583b9869e837e80cea78","sess_1790176426477_piyht03","like",3,0,"2026-08-10T02:26:00.037Z"
"int_1790176426478_rhs5k93aj","6a833393cee036cbf121a837","68c5583b9869e837e80cea78","sess_1790176426477_piyht03","add_to_cart",5,0,"2026-08-10T02:26:20.037Z"
"int_1790176426921_urboy8akr","6a833392cee036cbf121a82d","68c5583b9869e837e80cea76","sess_explore_1790176426921_knlz2z","view",1,34,"2026-08-10T03:26:16.303Z"
"int_1790176426921_tnhabv26r","6a833392cee036cbf121a82d","68c5583b9869e837e80cea76","sess_explore_1790176426921_knlz2z","like",3,0,"2026-08-10T03:26:26.303Z"
"int_1790176426925_q3ccrxmi2","68e5331e5186f04dcdf2e9f6","68c5583b9869e837e80ceaf5","sess_explore_1790176426925_3to695","search_click",2,38,"2026-08-10T03:41:27.808Z"
"int_1790176426922_q1vhbeeek","6a833395cee036cbf121a855","68c5583b9869e837e80ceab4","sess_explore_1790176426922_vqjv6q","view",1,29,"2026-08-10T04:58:17.947Z"
"int_1790176426920_5y8ind00o","6a833396cee036cbf121a861","68c5583b9869e837e80cea2a","sess_explore_1790176426920_zoxkhq","view",1,44,"2026-08-10T06:34:56.261Z"
"int_1790176426922_bwbrfwg3k","6a833392cee036cbf121a82d","68c5583b9869e837e80cea8c","sess_explore_1790176426922_2ffu1g","view",1,35,"2026-08-10T07:22:08.703Z"
"int_1790176426924_ou9jx3jnu","6a833392cee036cbf121a827","68c5583b9869e837e80ceae4","sess_explore_1790176426924_qrzasr","view",1,61,"2026-08-10T08:28:00.026Z"
"int_1790176426920_9ygk7wo2j","6a83085d4d4fb77855083406","68c5583b9869e837e80ce9fd","sess_explore_1790176426920_x5q33d","view",1,65,"2026-08-10T08:30:44.336Z"
"int_1790176426862_kr7eqs2tc","6a833397cee036cbf121a87d","68c5583b9869e837e80ce97d","sess_1790176426860_tivn9r0","view",1,32,"2026-08-10T10:19:22.763Z"
"int_1790176426862_20lcdevkw","6a833397cee036cbf121a87d","68c5583b9869e837e80ceaf8","sess_1790176426860_tivn9r0","view",1,129,"2026-08-10T10:19:22.763Z"
"int_1790176426862_yjvoz9x6q","6a833397cee036cbf121a87d","68c5583b9869e837e80ce998","sess_1790176426860_tivn9r0","view",1,105,"2026-08-10T10:19:22.763Z"
"int_1790176426862_52nrp8zsc","6a833397cee036cbf121a87d","68c5583b9869e837e80ce97d","sess_1790176426860_tivn9r0","like",3,0,"2026-08-10T10:19:37.763Z"
"int_1790176426862_mkep5hgsl","6a833397cee036cbf121a87d","68c5583b9869e837e80ceaf8","sess_1790176426860_tivn9r0","add_to_cart",5,0,"2026-08-10T10:19:57.763Z"
"int_1790176426862_bj8oxnwtb","6a833397cee036cbf121a87d","68c5583b9869e837e80ceaf8","sess_1790176426860_tivn9r0","purchase",10,0,"2026-08-10T10:20:22.763Z"
"int_1790176426506_g5m74r2b8","6a833393cee036cbf121a83d","68c5583b9869e837e80cea8f","sess_1790176426504_oas6xvf","view",1,68,"2026-08-10T10:23:09.433Z"
"int_1790176426506_59m0y17di","6a833393cee036cbf121a83d","68c5583b9869e837e80cea7e","sess_1790176426504_oas6xvf","view",1,45,"2026-08-10T10:23:09.433Z"
"int_1790176426506_boziwxqae","6a833393cee036cbf121a83d","68c5583b9869e837e80ce9a5","sess_1790176426504_oas6xvf","view",1,120,"2026-08-10T10:23:09.433Z"
"int_1790176426506_enhn7rhns","6a833393cee036cbf121a83d","68c5583b9869e837e80cea7c","sess_1790176426504_oas6xvf","view",1,99,"2026-08-10T10:23:09.433Z"
"int_1790176426506_zmn9j0z3j","6a833393cee036cbf121a83d","68c5583b9869e837e80ceafe","sess_1790176426504_oas6xvf","view",1,170,"2026-08-10T10:23:09.433Z"
"int_1790176426506_6287vbzzz","6a833393cee036cbf121a83d","68c5583b9869e837e80cea8f","sess_1790176426504_oas6xvf","like",3,0,"2026-08-10T10:23:24.433Z"
"int_1790176426506_1b4ij8xxd","6a833393cee036cbf121a83d","68c5583b9869e837e80ce9a5","sess_1790176426504_oas6xvf","like",3,0,"2026-08-10T10:23:24.433Z"
"int_1790176426506_gs6d4rypz","6a833393cee036cbf121a83d","68c5583b9869e837e80cea7e","sess_1790176426504_oas6xvf","add_to_cart",5,0,"2026-08-10T10:23:44.433Z"
"int_1790176426506_6mofxrgml","6a833393cee036cbf121a83d","68c5583b9869e837e80cea7c","sess_1790176426504_oas6xvf","add_to_cart",5,0,"2026-08-10T10:23:44.433Z"
"int_1790176426921_kn68a1xnb","6a833396cee036cbf121a86b","68c5583b9869e837e80cea44","sess_explore_1790176426921_mxc68m","view",1,63,"2026-08-10T10:35:11.141Z"
"int_1790176426921_2j8qadlm0","6a833396cee036cbf121a86b","68c5583b9869e837e80cea44","sess_explore_1790176426921_mxc68m","like",3,0,"2026-08-10T10:35:21.141Z"
"int_1790176426919_c1dw4gglo","6a833397cee036cbf121a875","68c5583b9869e837e80ce9c8","sess_explore_1790176426919_bowbqo","search_click",2,65,"2026-08-10T12:01:19.006Z"
"int_1790176426919_ugnx4rfg4","6a833396cee036cbf121a86b","68c5583b9869e837e80ce9c5","sess_explore_1790176426919_irg7z0","view",1,36,"2026-08-10T14:14:26.727Z"
"int_1790176426922_qx1dx8jry","6a833398cee036cbf121a887","68c5583b9869e837e80cea82","sess_explore_1790176426922_nebzjb","search_click",2,70,"2026-08-10T15:56:16.803Z"
"int_1790176426924_wtkegxhpq","6a833395cee036cbf121a85d","68c5583b9869e837e80cead9","sess_explore_1790176426924_tcuzav","view",1,39,"2026-08-10T16:52:38.818Z"
"int_1790176426924_bcdotolxe","6a833395cee036cbf121a85d","68c5583b9869e837e80cead9","sess_explore_1790176426924_tcuzav","like",3,0,"2026-08-10T16:52:48.818Z"
"int_1790176426922_v4nnm88iw","6a833395cee036cbf121a855","68c5583b9869e837e80cea95","sess_explore_1790176426922_3qmupu","search_click",2,90,"2026-08-10T18:38:37.356Z"
"int_1790176426729_nzosuvn6j","6a833396cee036cbf121a869","68c5583b9869e837e80ce992","sess_1790176426727_e17n26s","view",1,130,"2026-08-10T19:33:36.366Z"
"int_1790176426729_9h8l5pixc","6a833396cee036cbf121a869","68c5583b9869e837e80ce9f9","sess_1790176426727_e17n26s","view",1,60,"2026-08-10T19:33:36.366Z"
"int_1790176426729_av6t14j27","6a833396cee036cbf121a869","68c5583b9869e837e80ce9fb","sess_1790176426727_e17n26s","view",1,166,"2026-08-10T19:33:36.366Z"
"int_1790176426729_hztzeelpv","6a833396cee036cbf121a869","68c5583b9869e837e80ce9f9","sess_1790176426727_e17n26s","like",3,0,"2026-08-10T19:33:51.366Z"
"int_1790176426729_nn5xn0fwn","6a833396cee036cbf121a869","68c5583b9869e837e80ce9fb","sess_1790176426727_e17n26s","add_to_cart",5,0,"2026-08-10T19:34:11.366Z"
"int_1790176426729_50112kmph","6a833396cee036cbf121a869","68c5583b9869e837e80ce9fb","sess_1790176426727_e17n26s","purchase",10,0,"2026-08-10T19:34:36.366Z"
"int_1790176426676_5b8m31vd1","6a833395cee036cbf121a85d","68c5583b9869e837e80ce985","sess_1790176426674_drcdj60","view",1,175,"2026-08-10T20:01:15.039Z"
"int_1790176426676_q8vla0trc","6a833395cee036cbf121a85d","68c5583b9869e837e80ce9ee","sess_1790176426674_drcdj60","view",1,172,"2026-08-10T20:01:15.039Z"
"int_1790176426676_g8llnvfp1","6a833395cee036cbf121a85d","68c5583b9869e837e80cea4d","sess_1790176426674_drcdj60","view",1,114,"2026-08-10T20:01:15.039Z"
"int_1790176426676_r6bqpfipe","6a833395cee036cbf121a85d","68c5583b9869e837e80ceaac","sess_1790176426674_drcdj60","view",1,20,"2026-08-10T20:01:15.039Z"
"int_1790176426676_12oaawmxm","6a833395cee036cbf121a85d","68c5583b9869e837e80cea3e","sess_1790176426674_drcdj60","view",1,76,"2026-08-10T20:01:15.039Z"
"int_1790176426676_31hdvelqz","6a833395cee036cbf121a85d","68c5583b9869e837e80cea7c","sess_1790176426674_drcdj60","view",1,149,"2026-08-10T20:01:15.039Z"
"int_1790176426676_f9q2xk5z0","6a833395cee036cbf121a85d","68c5583b9869e837e80ce9ee","sess_1790176426674_drcdj60","like",3,0,"2026-08-10T20:01:30.039Z"
"int_1790176426676_u01h1h8zx","6a833395cee036cbf121a85d","68c5583b9869e837e80cea4d","sess_1790176426674_drcdj60","like",3,0,"2026-08-10T20:01:30.039Z"
"int_1790176426676_8srgfe8ct","6a833395cee036cbf121a85d","68c5583b9869e837e80cea3e","sess_1790176426674_drcdj60","like",3,0,"2026-08-10T20:01:30.039Z"
"int_1790176426676_jfyin8m4h","6a833395cee036cbf121a85d","68c5583b9869e837e80cea4d","sess_1790176426674_drcdj60","add_to_cart",5,0,"2026-08-10T20:01:50.039Z"
"int_1790176426676_z1oxnnkvd","6a833395cee036cbf121a85d","68c5583b9869e837e80cea4d","sess_1790176426674_drcdj60","purchase",10,0,"2026-08-10T20:02:15.039Z"
"int_1790176426920_jq86dtdzx","6a833396cee036cbf121a863","68c5583b9869e837e80cea1a","sess_explore_1790176426920_0lzv32","view",1,71,"2026-08-10T20:46:31.754Z"
"int_1790176426920_q1ho8uyub","68e5331e5186f04dcdf2e9f6","68c5583b9869e837e80cea16","sess_explore_1790176426920_8cmb2d","view",1,78,"2026-08-10T21:01:53.251Z"
"int_1790176426922_bufu5tpoa","6a833397cee036cbf121a871","68c5583b9869e837e80ceaab","sess_explore_1790176426922_yg2eop","view",1,46,"2026-08-10T22:12:52.540Z"
"int_1790176426920_heb4n6oxh","6a833397cee036cbf121a873","68c5583b9869e837e80cea37","sess_explore_1790176426920_96mh00","view",1,38,"2026-08-10T22:51:14.179Z"
"int_1790176426920_sxan185nu","6a833397cee036cbf121a873","68c5583b9869e837e80cea37","sess_explore_1790176426920_96mh00","like",3,0,"2026-08-10T22:51:24.179Z"
"int_1790176426921_rfqh6qrw4","6a833396cee036cbf121a867","68c5583b9869e837e80cea6d","sess_explore_1790176426921_xhwoz4","view",1,66,"2026-08-11T01:09:08.081Z"
"int_1790176426921_lwdud533s","6a833393cee036cbf121a83b","68c5583b9869e837e80cea4e","sess_explore_1790176426921_xdjmgs","view",1,56,"2026-08-11T01:55:15.829Z"
"int_1790176426921_wluaz0571","6a833393cee036cbf121a83b","68c5583b9869e837e80cea4e","sess_explore_1790176426921_xdjmgs","like",3,0,"2026-08-11T01:55:25.829Z"
"int_1790176426925_of04kh68i","6a833398cee036cbf121a881","68c5583b9869e837e80ceaef","sess_explore_1790176426925_31jowv","search_click",2,83,"2026-08-11T03:15:20.393Z"
"int_1790176426920_woejq18vq","6a833396cee036cbf121a863","68c5583b9869e837e80cea20","sess_explore_1790176426920_8oycz7","view",1,56,"2026-08-11T03:55:24.102Z"
"int_1790176426919_5d1x5m2lo","6a833398cee036cbf121a87f","68c5583b9869e837e80ce9c9","sess_explore_1790176426919_9vr150","view",1,86,"2026-08-11T04:20:19.411Z"
"int_1790176426919_77g98ujoq","6a833398cee036cbf121a87f","68c5583b9869e837e80ce9c9","sess_explore_1790176426919_9vr150","like",3,0,"2026-08-11T04:20:29.411Z"
"int_1790176426924_jppxfv47r","6a833395cee036cbf121a859","68c5583b9869e837e80cead1","sess_explore_1790176426924_ezu12v","view",1,78,"2026-08-11T04:33:22.372Z"
"int_1790176426740_nm3o9d4tq","6a833396cee036cbf121a86b","68c5583b9869e837e80ce9b6","sess_1790176426737_fr262no","view",1,94,"2026-08-11T06:08:42.791Z"
"int_1790176426740_g320i32y8","6a833396cee036cbf121a86b","68c5583b9869e837e80cea15","sess_1790176426737_fr262no","view",1,106,"2026-08-11T06:08:42.791Z"
"int_1790176426740_vczw9vg8a","6a833396cee036cbf121a86b","68c5583b9869e837e80ce977","sess_1790176426737_fr262no","view",1,156,"2026-08-11T06:08:42.791Z"
"int_1790176426740_82uv535iw","6a833396cee036cbf121a86b","68c5583b9869e837e80cea60","sess_1790176426737_fr262no","view",1,72,"2026-08-11T06:08:42.791Z"
"int_1790176426740_x7b9bgul0","6a833396cee036cbf121a86b","68c5583b9869e837e80ce9b6","sess_1790176426737_fr262no","like",3,0,"2026-08-11T06:08:57.791Z"
"int_1790176426740_f7f8ghudt","6a833396cee036cbf121a86b","68c5583b9869e837e80cea15","sess_1790176426737_fr262no","like",3,0,"2026-08-11T06:08:57.791Z"
"int_1790176426740_iua8wukl4","6a833396cee036cbf121a86b","68c5583b9869e837e80ce977","sess_1790176426737_fr262no","add_to_cart",5,0,"2026-08-11T06:09:17.791Z"
"int_1790176426740_l8kv36tpn","6a833396cee036cbf121a86b","68c5583b9869e837e80ce977","sess_1790176426737_fr262no","purchase",10,0,"2026-08-11T06:09:42.791Z"
"int_1790176426433_gdkj05lo2","6a833392cee036cbf121a82d","68c5583b9869e837e80cea80","sess_1790176426430_46ps0o3","view",1,119,"2026-08-11T06:24:27.160Z"
"int_1790176426433_4li1cjd7h","6a833392cee036cbf121a82d","68c5583b9869e837e80ce9ee","sess_1790176426430_46ps0o3","view",1,77,"2026-08-11T06:24:27.160Z"
"int_1790176426433_e9sg81fhc","6a833392cee036cbf121a82d","68c5583b9869e837e80ce9a4","sess_1790176426430_46ps0o3","view",1,103,"2026-08-11T06:24:27.160Z"
"int_1790176426433_wv04rzey9","6a833392cee036cbf121a82d","68c5583b9869e837e80ce9a7","sess_1790176426430_46ps0o3","view",1,135,"2026-08-11T06:24:27.160Z"
"int_1790176426433_nzapxq9uq","6a833392cee036cbf121a82d","68c5583b9869e837e80ce97d","sess_1790176426430_46ps0o3","view",1,55,"2026-08-11T06:24:27.160Z"
"int_1790176426433_3riuzfj82","6a833392cee036cbf121a82d","68c5583b9869e837e80cea80","sess_1790176426430_46ps0o3","like",3,0,"2026-08-11T06:24:42.160Z"
"int_1790176426433_151rl2pww","6a833392cee036cbf121a82d","68c5583b9869e837e80ce9a7","sess_1790176426430_46ps0o3","like",3,0,"2026-08-11T06:24:42.160Z"
"int_1790176426924_nir56fda9","6a833392cee036cbf121a827","68c5583b9869e837e80cead2","sess_explore_1790176426924_b46xga","view",1,70,"2026-08-11T06:33:02.656Z"
"int_1790176426919_hu0woxo61","6a833392cee036cbf121a827","68c5583b9869e837e80ce9c8","sess_explore_1790176426919_leb4bl","view",1,63,"2026-08-11T07:59:55.836Z"
"int_1790176426921_zgapwy24u","6a833392cee036cbf121a82f","68c5583b9869e837e80cea4b","sess_explore_1790176426921_0p97d0","view",1,42,"2026-08-11T09:24:06.519Z"
"int_1790176426601_ejz1oqmtq","6a833394cee036cbf121a84d","68c5583b9869e837e80ce97d","sess_1790176426597_3ey7qtm","view",1,26,"2026-08-11T11:29:58.739Z"
"int_1790176426601_15jbq9lx1","6a833394cee036cbf121a84d","68c5583b9869e837e80ce9a6","sess_1790176426597_3ey7qtm","view",1,28,"2026-08-11T11:29:58.739Z"
"int_1790176426601_jsw6b86oj","6a833394cee036cbf121a84d","68c5583b9869e837e80ceaac","sess_1790176426597_3ey7qtm","view",1,167,"2026-08-11T11:29:58.739Z"
"int_1790176426601_yekh7my3t","6a833394cee036cbf121a84d","68c5583b9869e837e80cea96","sess_1790176426597_3ey7qtm","view",1,73,"2026-08-11T11:29:58.739Z"
"int_1790176426601_01jq8wxsv","6a833394cee036cbf121a84d","68c5583b9869e837e80cea96","sess_1790176426597_3ey7qtm","like",3,0,"2026-08-11T11:30:13.739Z"
"int_1790176426601_3a1emopcz","6a833394cee036cbf121a84d","68c5583b9869e837e80ce97d","sess_1790176426597_3ey7qtm","add_to_cart",5,0,"2026-08-11T11:30:33.739Z"
"int_1790176426601_4xhjt8vr1","6a833394cee036cbf121a84d","68c5583b9869e837e80ce9a6","sess_1790176426597_3ey7qtm","add_to_cart",5,0,"2026-08-11T11:30:33.739Z"
"int_1790176426601_77wkxdka0","6a833394cee036cbf121a84d","68c5583b9869e837e80cea96","sess_1790176426597_3ey7qtm","add_to_cart",5,0,"2026-08-11T11:30:33.739Z"
"int_1790176426920_dq8x2yu8h","6a833396cee036cbf121a861","68c5583b9869e837e80ce9ff","sess_explore_1790176426920_anqowo","search_click",2,35,"2026-08-11T14:58:05.877Z"
"int_1790176426468_x1y329idv","6a833392cee036cbf121a833","68c5583b9869e837e80cea8a","sess_1790176426467_tmwjysb","view",1,68,"2026-08-11T18:28:31.196Z"
"int_1790176426468_8cbnfj7sg","6a833392cee036cbf121a833","68c5583b9869e837e80cea02","sess_1790176426467_tmwjysb","view",1,88,"2026-08-11T18:28:31.196Z"
"int_1790176426468_8sost844v","6a833392cee036cbf121a833","68c5583b9869e837e80cea9a","sess_1790176426467_tmwjysb","view",1,46,"2026-08-11T18:28:31.196Z"
"int_1790176426925_rs6tar531","6a833398cee036cbf121a87f","68c5583b9869e837e80ceaee","sess_explore_1790176426925_iesqpk","search_click",2,36,"2026-08-11T18:46:14.987Z"
"int_1790176426922_w3chzitvj","6a833397cee036cbf121a871","68c5583b9869e837e80cea8e","sess_explore_1790176426922_yzrdh5","view",1,62,"2026-08-11T20:33:36.086Z"
"int_1790176426922_87ko66gei","6a833397cee036cbf121a871","68c5583b9869e837e80cea8e","sess_explore_1790176426922_yzrdh5","like",3,0,"2026-08-11T20:33:46.086Z"
"int_1790176426920_2d2lij4q2","6a833396cee036cbf121a867","68c5583b9869e837e80cea08","sess_explore_1790176426920_4n7vco","view",1,82,"2026-08-11T20:48:29.518Z"
"int_1790176426925_cjoqupplw","6a83085d4d4fb77855083406","68c5583b9869e837e80ceae9","sess_explore_1790176426925_mmlqh5","view",1,90,"2026-08-11T21:54:38.580Z"
"int_1790176426924_dzc4qaweo","6a833392cee036cbf121a82b","68c5583b9869e837e80ceade","sess_explore_1790176426924_7zvb0c","view",1,36,"2026-08-11T23:50:23.935Z"
"int_1790176426924_06ndbk0x4","6a833392cee036cbf121a82b","68c5583b9869e837e80ceade","sess_explore_1790176426924_7zvb0c","like",3,0,"2026-08-11T23:50:33.935Z"
"int_1790176426922_q46gv7vm7","6a833393cee036cbf121a843","68c5583b9869e837e80ceaa1","sess_explore_1790176426922_83klv5","search_click",2,75,"2026-08-12T00:12:02.887Z"
"int_1790176426662_7zjmty1cx","6a833395cee036cbf121a859","68c5583b9869e837e80ce9e8","sess_1790176426661_94iavuh","view",1,35,"2026-08-12T00:38:15.547Z"
"int_1790176426662_8t8hv1yix","6a833395cee036cbf121a859","68c5583b9869e837e80ce98f","sess_1790176426661_94iavuh","view",1,179,"2026-08-12T00:38:15.547Z"
"int_1790176426662_onehhbitg","6a833395cee036cbf121a859","68c5583b9869e837e80ce9eb","sess_1790176426661_94iavuh","view",1,172,"2026-08-12T00:38:15.547Z"
"int_1790176426662_yh98ca7yc","6a833395cee036cbf121a859","68c5583b9869e837e80ce9dd","sess_1790176426661_94iavuh","view",1,76,"2026-08-12T00:38:15.547Z"
"int_1790176426662_rzpgeata3","6a833395cee036cbf121a859","68c5583b9869e837e80ce9f2","sess_1790176426661_94iavuh","view",1,81,"2026-08-12T00:38:15.547Z"
"int_1790176426662_p4llyb406","6a833395cee036cbf121a859","68c5583b9869e837e80ce9dd","sess_1790176426661_94iavuh","like",3,0,"2026-08-12T00:38:30.547Z"
"int_1790176426662_mpkqpm8co","6a833395cee036cbf121a859","68c5583b9869e837e80ce9dd","sess_1790176426661_94iavuh","add_to_cart",5,0,"2026-08-12T00:38:50.547Z"
"int_1790176426662_v7fetko1b","6a833395cee036cbf121a859","68c5583b9869e837e80ce9f2","sess_1790176426661_94iavuh","add_to_cart",5,0,"2026-08-12T00:38:50.547Z"
"int_1790176426440_mfhd3vx4n","6a833392cee036cbf121a82d","68c5583b9869e837e80ce980","sess_1790176426437_w75sx7b","view",1,118,"2026-08-12T01:24:25.528Z"
"int_1790176426440_m7z7rzrkx","6a833392cee036cbf121a82d","68c5583b9869e837e80ce9ee","sess_1790176426437_w75sx7b","view",1,173,"2026-08-12T01:24:25.528Z"
"int_1790176426440_iattbgysk","6a833392cee036cbf121a82d","68c5583b9869e837e80cea8f","sess_1790176426437_w75sx7b","view",1,77,"2026-08-12T01:24:25.528Z"
"int_1790176426440_fc07vk31u","6a833392cee036cbf121a82d","68c5583b9869e837e80cea96","sess_1790176426437_w75sx7b","view",1,150,"2026-08-12T01:24:25.528Z"
"int_1790176426440_b7ncr2hgv","6a833392cee036cbf121a82d","68c5583b9869e837e80ce980","sess_1790176426437_w75sx7b","add_to_cart",5,0,"2026-08-12T01:25:00.528Z"
"int_1790176426440_c2n32wveo","6a833392cee036cbf121a82d","68c5583b9869e837e80cea8f","sess_1790176426437_w75sx7b","add_to_cart",5,0,"2026-08-12T01:25:00.528Z"
"int_1790176426923_qi6lnnpdb","6a833395cee036cbf121a859","68c5583b9869e837e80ceac3","sess_explore_1790176426923_foev09","search_click",2,69,"2026-08-12T02:33:56.467Z"
"int_1790176426703_kmh4hsuty","6a833396cee036cbf121a861","68c5583b9869e837e80ce995","sess_1790176426701_kln0971","view",1,87,"2026-08-12T02:41:58.841Z"
"int_1790176426703_9l7pjycwx","6a833396cee036cbf121a861","68c5583b9869e837e80ce999","sess_1790176426701_kln0971","view",1,42,"2026-08-12T02:41:58.841Z"
"int_1790176426703_d0f6zc7uk","6a833396cee036cbf121a861","68c5583b9869e837e80ce97d","sess_1790176426701_kln0971","view",1,149,"2026-08-12T02:41:58.841Z"
"int_1790176426703_duwuwqes9","6a833396cee036cbf121a861","68c5583b9869e837e80ce999","sess_1790176426701_kln0971","like",3,0,"2026-08-12T02:42:13.841Z"
"int_1790176426703_vzh9qounl","6a833396cee036cbf121a861","68c5583b9869e837e80ce97d","sess_1790176426701_kln0971","like",3,0,"2026-08-12T02:42:13.841Z"
"int_1790176426703_v9f9r9gj2","6a833396cee036cbf121a861","68c5583b9869e837e80ce995","sess_1790176426701_kln0971","add_to_cart",5,0,"2026-08-12T02:42:33.841Z"
"int_1790176426703_yd60g99mt","6a833396cee036cbf121a861","68c5583b9869e837e80ce97d","sess_1790176426701_kln0971","add_to_cart",5,0,"2026-08-12T02:42:33.841Z"
"int_1790176426923_oez2bvf77","6a833397cee036cbf121a879","68c5583b9869e837e80ceac4","sess_explore_1790176426923_k7qr8e","view",1,41,"2026-08-12T03:14:27.181Z"
"int_1790176426921_6esm0az8n","6a833395cee036cbf121a857","68c5583b9869e837e80cea4a","sess_explore_1790176426921_crt939","search_click",2,74,"2026-08-12T03:26:32.084Z"
"int_1790176426921_r9wau2baq","6a7fc9164585d7fd0f495064","68c5583b9869e837e80cea48","sess_explore_1790176426921_2o186m","search_click",2,82,"2026-08-12T04:03:05.876Z"
"int_1790176426921_7nroa7s6c","6a27ed55b6d7638a2acaa654","68c5583b9869e837e80cea61","sess_explore_1790176426921_cynizs","view",1,27,"2026-08-12T04:09:05.860Z"
"int_1790176426921_06y9zd32t","6a27ed55b6d7638a2acaa654","68c5583b9869e837e80cea61","sess_explore_1790176426921_cynizs","like",3,0,"2026-08-12T04:09:15.860Z"
"int_1790176426921_egk69oxcz","6a833398cee036cbf121a885","68c5583b9869e837e80cea4b","sess_explore_1790176426921_dij93l","view",1,44,"2026-08-12T04:28:32.349Z"
"int_1790176426921_6yihnlt5a","6a833398cee036cbf121a885","68c5583b9869e837e80cea4b","sess_explore_1790176426921_dij93l","like",3,0,"2026-08-12T04:28:42.349Z"
"int_1790176426924_biljhvtus","6a833393cee036cbf121a83d","68c5583b9869e837e80ceae3","sess_explore_1790176426924_01zx6v","search_click",2,46,"2026-08-12T04:58:37.841Z"
"int_1790176426925_7lada292y","6a833392cee036cbf121a82b","68c5583b9869e837e80ceaeb","sess_explore_1790176426925_1d7dk4","search_click",2,82,"2026-08-12T06:01:56.204Z"
"int_1790176426925_6j0vha9l7","6a833392cee036cbf121a82b","68c5583b9869e837e80ceaeb","sess_explore_1790176426925_1d7dk4","like",3,0,"2026-08-12T06:02:06.204Z"
"int_1790176426919_k56hz1zni","68e5331e5186f04dcdf2e9f6","68c5583b9869e837e80ce9c6","sess_explore_1790176426919_s57ie7","view",1,74,"2026-08-12T06:08:30.366Z"
"int_1790176426919_mm1o7lrra","6a833393cee036cbf121a839","68c5583b9869e837e80ce9d0","sess_explore_1790176426919_mpeesp","view",1,38,"2026-08-12T06:50:23.560Z"
"int_1790176426921_mucgz7sno","6a833396cee036cbf121a86b","68c5583b9869e837e80cea71","sess_explore_1790176426921_7010hw","search_click",2,50,"2026-08-12T07:13:22.443Z"
"int_1790176426921_i2zlcmw33","6a833396cee036cbf121a86b","68c5583b9869e837e80cea71","sess_explore_1790176426921_7010hw","like",3,0,"2026-08-12T07:13:32.443Z"
"int_1790176426919_he5rdakvj","6a833391cee036cbf121a825","68c5583b9869e837e80ce9bb","sess_explore_1790176426919_qj5gwq","view",1,81,"2026-08-12T08:21:51.800Z"
"int_1790176426924_vff4uvtf2","6a833394cee036cbf121a849","68c5583b9869e837e80cead0","sess_explore_1790176426924_n3lh87","search_click",2,83,"2026-08-12T08:37:47.244Z"
"int_1790176426920_thiw2hanh","6a833395cee036cbf121a853","68c5583b9869e837e80cea1f","sess_explore_1790176426920_usoogw","search_click",2,65,"2026-08-12T08:43:06.696Z"
"int_1790176426920_a9g5ebb81","6a833395cee036cbf121a853","68c5583b9869e837e80cea1f","sess_explore_1790176426920_usoogw","like",3,0,"2026-08-12T08:43:16.696Z"
"int_1790176426920_kkdxyt7dg","6a833396cee036cbf121a869","68c5583b9869e837e80ce9fa","sess_explore_1790176426920_1qrf31","search_click",2,75,"2026-08-12T08:50:43.429Z"
"int_1790176426920_en9e0p3yp","6a833396cee036cbf121a869","68c5583b9869e837e80ce9fa","sess_explore_1790176426920_1qrf31","like",3,0,"2026-08-12T08:50:53.429Z"
"int_1790176426922_bykm9tmbi","6a833398cee036cbf121a887","68c5583b9869e837e80cea97","sess_explore_1790176426922_c2ehb1","view",1,49,"2026-08-12T09:09:11.401Z"
"int_1790176426922_1txaut0y7","6a833398cee036cbf121a887","68c5583b9869e837e80cea97","sess_explore_1790176426922_c2ehb1","like",3,0,"2026-08-12T09:09:21.401Z"
"int_1790176426920_k3h1kiqi4","6a833398cee036cbf121a885","68c5583b9869e837e80cea22","sess_explore_1790176426920_7hclo3","view",1,41,"2026-08-12T09:13:31.658Z"
"int_1790176426919_yozxts0bc","6914018db8d9d9ea54857a42","68c5583b9869e837e80ce9c5","sess_explore_1790176426919_d9topq","search_click",2,68,"2026-08-12T09:43:27.329Z"
"int_1790176426919_p0ez5fmyx","6a833393cee036cbf121a83b","68c5583b9869e837e80ce9da","sess_explore_1790176426919_90zj8r","search_click",2,47,"2026-08-12T10:42:43.088Z"
"int_1790176426922_jorcr03h6","68e5331e5186f04dcdf2e9f6","68c5583b9869e837e80ceab4","sess_explore_1790176426922_om5p2a","view",1,59,"2026-08-12T11:07:36.893Z"
"int_1790176426925_lvab0xe2g","6a833394cee036cbf121a84b","68c5583b9869e837e80ceb03","sess_explore_1790176426925_idiv4v","search_click",2,47,"2026-08-12T12:33:48.849Z"
"int_1790176426919_sksypwjnp","6a833395cee036cbf121a85b","68c5583b9869e837e80ce9a1","sess_explore_1790176426919_u9l5cq","search_click",2,52,"2026-08-12T17:08:39.600Z"
"int_1790176426920_3em3utk7s","6a833391cee036cbf121a825","68c5583b9869e837e80cea0c","sess_explore_1790176426920_hpr0pm","search_click",2,66,"2026-08-12T17:38:51.107Z"
"int_1790176426672_heypwqtnc","6a833395cee036cbf121a85b","68c5583b9869e837e80ce99e","sess_1790176426670_qp5a0iw","view",1,97,"2026-08-12T17:56:50.199Z"
"int_1790176426672_n3iqaxysl","6a833395cee036cbf121a85b","68c5583b9869e837e80ce9c0","sess_1790176426670_qp5a0iw","view",1,45,"2026-08-12T17:56:50.199Z"
"int_1790176426465_nbcu8fpor","6a833392cee036cbf121a831","68c5583b9869e837e80ce9a9","sess_1790176426464_pmdpi72","view",1,163,"2026-08-12T18:42:17.580Z"
"int_1790176426465_5xw5swo00","6a833392cee036cbf121a831","68c5583b9869e837e80ce997","sess_1790176426464_pmdpi72","view",1,170,"2026-08-12T18:42:17.580Z"
"int_1790176426465_ehdo6x7r0","6a833392cee036cbf121a831","68c5583b9869e837e80cea03","sess_1790176426464_pmdpi72","view",1,62,"2026-08-12T18:42:17.580Z"
"int_1790176426465_tltn3kyh8","6a833392cee036cbf121a831","68c5583b9869e837e80ce9ec","sess_1790176426464_pmdpi72","view",1,63,"2026-08-12T18:42:17.580Z"
"int_1790176426465_fvin94fw4","6a833392cee036cbf121a831","68c5583b9869e837e80cea17","sess_1790176426464_pmdpi72","view",1,112,"2026-08-12T18:42:17.580Z"
"int_1790176426465_pqytf508s","6a833392cee036cbf121a831","68c5583b9869e837e80ce9a9","sess_1790176426464_pmdpi72","like",3,0,"2026-08-12T18:42:32.580Z"
"int_1790176426465_4efyapes1","6a833392cee036cbf121a831","68c5583b9869e837e80cea03","sess_1790176426464_pmdpi72","like",3,0,"2026-08-12T18:42:32.580Z"
"int_1790176426919_5vy8a74zy","6a833394cee036cbf121a851","68c5583b9869e837e80ce9c4","sess_explore_1790176426919_dk6arn","search_click",2,89,"2026-08-12T20:05:28.321Z"
"int_1790176426919_hrowz7v6o","6a833394cee036cbf121a851","68c5583b9869e837e80ce9c4","sess_explore_1790176426919_dk6arn","like",3,0,"2026-08-12T20:05:38.321Z"
"int_1790176426921_n3iox187t","6a833392cee036cbf121a82b","68c5583b9869e837e80cea6f","sess_explore_1790176426921_yolqa4","search_click",2,37,"2026-08-12T21:39:04.514Z"
"int_1790176426921_3ie4dvlsc","6a833392cee036cbf121a82b","68c5583b9869e837e80cea6f","sess_explore_1790176426921_yolqa4","like",3,0,"2026-08-12T21:39:14.514Z"
"int_1790176426922_d1zp0shha","6a833396cee036cbf121a867","68c5583b9869e837e80ceab0","sess_explore_1790176426922_bet5a2","search_click",2,63,"2026-08-12T21:52:34.970Z"
"int_1790176426919_kr6aiwias","6a833393cee036cbf121a841","68c5583b9869e837e80ce9cf","sess_explore_1790176426919_90cyd6","search_click",2,83,"2026-08-13T01:14:28.051Z"
"int_1790176426925_jy96d3a1j","6a833392cee036cbf121a82b","68c5583b9869e837e80ceb02","sess_explore_1790176426925_rzfgdx","search_click",2,41,"2026-08-13T02:23:47.134Z"
"int_1790176426921_457izjkuh","6a833396cee036cbf121a861","68c5583b9869e837e80cea50","sess_explore_1790176426921_6i06de","search_click",2,49,"2026-08-13T03:33:06.588Z"
"int_1790176426921_oe40kgs7u","6a833394cee036cbf121a851","68c5583b9869e837e80cea68","sess_explore_1790176426921_6rse2x","view",1,64,"2026-08-13T05:14:39.331Z"
"int_1790176426462_qopkjmvre","6a833392cee036cbf121a831","68c5583b9869e837e80ce97d","sess_1790176426461_852toom","view",1,173,"2026-08-13T06:03:54.106Z"
"int_1790176426462_y4drl0jvr","6a833392cee036cbf121a831","68c5583b9869e837e80ceab8","sess_1790176426461_852toom","view",1,52,"2026-08-13T06:03:54.106Z"
"int_1790176426462_juf35ebv2","6a833392cee036cbf121a831","68c5583b9869e837e80cea17","sess_1790176426461_852toom","view",1,117,"2026-08-13T06:03:54.106Z"
"int_1790176426462_g31fln0bu","6a833392cee036cbf121a831","68c5583b9869e837e80ce99d","sess_1790176426461_852toom","view",1,121,"2026-08-13T06:03:54.106Z"
"int_1790176426462_7ljbsoz3m","6a833392cee036cbf121a831","68c5583b9869e837e80ce9d5","sess_1790176426461_852toom","view",1,114,"2026-08-13T06:03:54.106Z"
"int_1790176426462_89oyw067x","6a833392cee036cbf121a831","68c5583b9869e837e80ce97d","sess_1790176426461_852toom","like",3,0,"2026-08-13T06:04:09.106Z"
"int_1790176426462_ovr4zfky5","6a833392cee036cbf121a831","68c5583b9869e837e80cea17","sess_1790176426461_852toom","like",3,0,"2026-08-13T06:04:09.106Z"
"int_1790176426462_a2jshra1r","6a833392cee036cbf121a831","68c5583b9869e837e80ceab8","sess_1790176426461_852toom","add_to_cart",5,0,"2026-08-13T06:04:29.106Z"
"int_1790176426462_t9a7pdxmh","6a833392cee036cbf121a831","68c5583b9869e837e80cea17","sess_1790176426461_852toom","add_to_cart",5,0,"2026-08-13T06:04:29.106Z"
"int_1790176426462_fgdxzjjct","6a833392cee036cbf121a831","68c5583b9869e837e80ceab8","sess_1790176426461_852toom","purchase",10,0,"2026-08-13T06:04:54.106Z"
"int_1790176426919_x1659cukg","6a833396cee036cbf121a86b","68c5583b9869e837e80ce9bd","sess_explore_1790176426919_jysspv","view",1,38,"2026-08-13T07:18:37.505Z"
"int_1790176426670_uues14c3k","6a833395cee036cbf121a85b","68c5583b9869e837e80cea0a","sess_1790176426669_ekiefbf","view",1,135,"2026-08-13T07:28:11.446Z"
"int_1790176426670_jnycov2tt","6a833395cee036cbf121a85b","68c5583b9869e837e80ce9af","sess_1790176426669_ekiefbf","view",1,123,"2026-08-13T07:28:11.446Z"
"int_1790176426670_a2fmg9l0r","6a833395cee036cbf121a85b","68c5583b9869e837e80cea41","sess_1790176426669_ekiefbf","view",1,61,"2026-08-13T07:28:11.446Z"
"int_1790176426670_gont4czcy","6a833395cee036cbf121a85b","68c5583b9869e837e80cea29","sess_1790176426669_ekiefbf","view",1,126,"2026-08-13T07:28:11.446Z"
"int_1790176426670_e5hkroe15","6a833395cee036cbf121a85b","68c5583b9869e837e80cea6e","sess_1790176426669_ekiefbf","view",1,150,"2026-08-13T07:28:11.446Z"
"int_1790176426670_oalxpc23r","6a833395cee036cbf121a85b","68c5583b9869e837e80cea0a","sess_1790176426669_ekiefbf","like",3,0,"2026-08-13T07:28:26.446Z"
"int_1790176426925_ehvcbnl3g","6a833394cee036cbf121a847","68c5583b9869e837e80ceafb","sess_explore_1790176426925_jnz49e","view",1,61,"2026-08-13T07:37:03.723Z"
"int_1790176426920_c8s2ea6q3","6a833393cee036cbf121a839","68c5583b9869e837e80ce9e4","sess_explore_1790176426920_ie38rm","view",1,73,"2026-08-13T08:09:49.253Z"
"int_1790176426919_skvmnfcry","6a833396cee036cbf121a86d","68c5583b9869e837e80ce9da","sess_explore_1790176426919_qpks8x","view",1,67,"2026-08-13T09:53:06.268Z"
"int_1790176426492_i37asyjsk","6a833393cee036cbf121a83b","68c5583b9869e837e80ce9dc","sess_1790176426491_j94gffa","view",1,135,"2026-08-13T10:36:59.978Z"
"int_1790176426492_bs5fgqty2","6a833393cee036cbf121a83b","68c5583b9869e837e80ce9e7","sess_1790176426491_j94gffa","view",1,169,"2026-08-13T10:36:59.978Z"
"int_1790176426492_8enfftkkd","6a833393cee036cbf121a83b","68c5583b9869e837e80cea3c","sess_1790176426491_j94gffa","view",1,112,"2026-08-13T10:36:59.978Z"
"int_1790176426492_cwz9s2fqn","6a833393cee036cbf121a83b","68c5583b9869e837e80cea2c","sess_1790176426491_j94gffa","view",1,64,"2026-08-13T10:36:59.978Z"
"int_1790176426492_22sfvhu0y","6a833393cee036cbf121a83b","68c5583b9869e837e80ce9dc","sess_1790176426491_j94gffa","like",3,0,"2026-08-13T10:37:14.978Z"
"int_1790176426492_pcxll8fej","6a833393cee036cbf121a83b","68c5583b9869e837e80ce9e7","sess_1790176426491_j94gffa","like",3,0,"2026-08-13T10:37:14.978Z"
"int_1790176426492_t795mvqft","6a833393cee036cbf121a83b","68c5583b9869e837e80cea3c","sess_1790176426491_j94gffa","like",3,0,"2026-08-13T10:37:14.978Z"
"int_1790176426493_eytcuj50i","6a833393cee036cbf121a83b","68c5583b9869e837e80cea2c","sess_1790176426491_j94gffa","like",3,0,"2026-08-13T10:37:14.978Z"
"int_1790176426492_wa5micrr4","6a833393cee036cbf121a83b","68c5583b9869e837e80ce9dc","sess_1790176426491_j94gffa","add_to_cart",5,0,"2026-08-13T10:37:34.978Z"
"int_1790176426493_ahde0vy1a","6a833393cee036cbf121a83b","68c5583b9869e837e80cea2c","sess_1790176426491_j94gffa","add_to_cart",5,0,"2026-08-13T10:37:34.978Z"
"int_1790176426493_5blbcg3mg","6a833393cee036cbf121a83b","68c5583b9869e837e80ce9dc","sess_1790176426491_j94gffa","purchase",10,0,"2026-08-13T10:37:59.978Z"
"int_1790176426922_7btqmpwho","6a833397cee036cbf121a87d","68c5583b9869e837e80ceaab","sess_explore_1790176426922_6c6w4m","view",1,86,"2026-08-13T10:41:19.623Z"
"int_1790176426921_cyebxywue","6a833394cee036cbf121a851","68c5583b9869e837e80cea53","sess_explore_1790176426921_m6e21d","search_click",2,46,"2026-08-13T10:54:09.647Z"
"int_1790176426922_4pnoa4tpi","6a833397cee036cbf121a87d","68c5583b9869e837e80ceab9","sess_explore_1790176426922_mlnsfa","view",1,38,"2026-08-13T13:20:03.534Z"
"int_1790176426923_ui4ichh4j","6a833396cee036cbf121a863","68c5583b9869e837e80ceac9","sess_explore_1790176426923_b9l71l","search_click",2,28,"2026-08-13T14:16:27.864Z"
"int_1790176426919_fjqysns85","6914018db8d9d9ea54857a42","68c5583b9869e837e80ce9be","sess_explore_1790176426919_m719ur","search_click",2,65,"2026-08-13T14:57:47.134Z"
"int_1790176426919_6h7znbu5j","6914018db8d9d9ea54857a42","68c5583b9869e837e80ce9be","sess_explore_1790176426919_m719ur","like",3,0,"2026-08-13T14:57:57.134Z"
"int_1790176426921_bqqx1e8ub","6a833394cee036cbf121a845","68c5583b9869e837e80cea48","sess_explore_1790176426921_i5buz9","view",1,70,"2026-08-13T15:28:08.299Z"
"int_1790176426325_32cb17u1a","6914018db8d9d9ea54857a42","68c5583b9869e837e80ce9c1","sess_1790176426322_3ll1yjj","view",1,79,"2026-08-13T15:50:16.904Z"
"int_1790176426325_g9u8a1ihd","6914018db8d9d9ea54857a42","68c5583b9869e837e80ce9ed","sess_1790176426322_3ll1yjj","view",1,71,"2026-08-13T15:50:16.904Z"
"int_1790176426325_1nwj8el13","6914018db8d9d9ea54857a42","68c5583b9869e837e80ce9e8","sess_1790176426322_3ll1yjj","view",1,91,"2026-08-13T15:50:16.904Z"
"int_1790176426325_8q42q7cia","6914018db8d9d9ea54857a42","68c5583b9869e837e80cea07","sess_1790176426322_3ll1yjj","view",1,115,"2026-08-13T15:50:16.904Z"
"int_1790176426325_42q0vfylm","6914018db8d9d9ea54857a42","68c5583b9869e837e80ce9c1","sess_1790176426322_3ll1yjj","like",3,0,"2026-08-13T15:50:31.904Z"
"int_1790176426325_cixnftmb4","6914018db8d9d9ea54857a42","68c5583b9869e837e80ce9e8","sess_1790176426322_3ll1yjj","like",3,0,"2026-08-13T15:50:31.904Z"
"int_1790176426325_xsnl7mstp","6914018db8d9d9ea54857a42","68c5583b9869e837e80cea07","sess_1790176426322_3ll1yjj","like",3,0,"2026-08-13T15:50:31.904Z"
"int_1790176426925_dw5fi4ejx","6a833394cee036cbf121a84d","68c5583b9869e837e80ceaeb","sess_explore_1790176426925_5c0dxc","search_click",2,37,"2026-08-13T15:50:49.685Z"
"int_1790176426325_4kbd4pol8","6914018db8d9d9ea54857a42","68c5583b9869e837e80ce9ed","sess_1790176426322_3ll1yjj","add_to_cart",5,0,"2026-08-13T15:50:51.904Z"
"int_1790176426325_bmgbzu5cu","6914018db8d9d9ea54857a42","68c5583b9869e837e80ce9ed","sess_1790176426322_3ll1yjj","purchase",10,0,"2026-08-13T15:51:16.904Z"
"int_1790176426922_pprxayngj","6a833396cee036cbf121a867","68c5583b9869e837e80ceabb","sess_explore_1790176426922_pyie7s","search_click",2,74,"2026-08-13T20:30:18.741Z"
"int_1790176426922_iwm760uux","6a833396cee036cbf121a867","68c5583b9869e837e80ceabb","sess_explore_1790176426922_pyie7s","like",3,0,"2026-08-13T20:30:28.741Z"
"int_1790176426918_zn2nboflf","6a833394cee036cbf121a847","68c5583b9869e837e80ce978","sess_explore_1790176426918_flspm9","view",1,87,"2026-08-13T21:17:42.056Z"
"int_1790176426458_4x9ezpdb6","6a833392cee036cbf121a831","68c5583b9869e837e80ceab8","sess_1790176426456_ujr0hav","view",1,46,"2026-08-13T22:05:38.444Z"
"int_1790176426458_3ycgh1awg","6a833392cee036cbf121a831","68c5583b9869e837e80ce995","sess_1790176426456_ujr0hav","view",1,158,"2026-08-13T22:05:38.444Z"
"int_1790176426458_7cpeozb6j","6a833392cee036cbf121a831","68c5583b9869e837e80ce9b5","sess_1790176426456_ujr0hav","view",1,111,"2026-08-13T22:05:38.444Z"
"int_1790176426458_6hkyn841s","6a833392cee036cbf121a831","68c5583b9869e837e80ce995","sess_1790176426456_ujr0hav","like",3,0,"2026-08-13T22:05:53.444Z"
"int_1790176426920_5h38a2ep8","6a833394cee036cbf121a849","68c5583b9869e837e80cea33","sess_explore_1790176426920_6nzo20","view",1,54,"2026-08-13T22:25:02.605Z"
"int_1790176426923_mr6lg3vjz","6a833395cee036cbf121a853","68c5583b9869e837e80ceac5","sess_explore_1790176426923_0wj1gv","view",1,72,"2026-08-13T23:45:43.470Z"
"int_1790176426920_ffckiw3sa","6a833397cee036cbf121a87b","68c5583b9869e837e80cea34","sess_explore_1790176426920_e72ndc","view",1,44,"2026-08-14T01:03:13.328Z"
"int_1790176426919_gf50vn82h","68e37500fb43e827078c759c","68c5583b9869e837e80ce984","sess_explore_1790176426919_ynqun9","view",1,82,"2026-08-14T01:21:51.841Z"
"int_1790176426921_i0od3k3vh","6a833392cee036cbf121a833","68c5583b9869e837e80cea3d","sess_explore_1790176426921_0wbh9m","search_click",2,55,"2026-08-14T01:49:03.012Z"
"int_1790176426922_6zefnw6qn","6a833391cee036cbf121a825","68c5583b9869e837e80cea92","sess_explore_1790176426922_zrtdfj","search_click",2,29,"2026-08-14T04:05:19.167Z"
"int_1790176426922_n9uqr4fj3","6a833398cee036cbf121a885","68c5583b9869e837e80cea92","sess_explore_1790176426922_5xoyx3","view",1,79,"2026-08-14T05:26:28.525Z"
"int_1790176426918_hc2tyuplr","68e5331e5186f04dcdf2e9f6","68c5583b9869e837e80ce978","sess_explore_1790176426918_v081ko","search_click",2,80,"2026-08-14T06:10:58.578Z"
"int_1790176426923_w5odgxgqa","6a833395cee036cbf121a853","68c5583b9869e837e80ceaca","sess_explore_1790176426923_189rfl","view",1,29,"2026-08-14T06:29:28.418Z"
"int_1790176426920_l40sowlys","6a83085d4d4fb77855083406","68c5583b9869e837e80cea31","sess_explore_1790176426920_9re7hx","view",1,89,"2026-08-14T06:44:10.520Z"
"int_1790176426920_c3id2m475","6a833394cee036cbf121a84b","68c5583b9869e837e80cea35","sess_explore_1790176426920_iny0s9","view",1,31,"2026-08-14T06:53:53.831Z"
"int_1790176426920_zkycz4fvp","6a833394cee036cbf121a84b","68c5583b9869e837e80cea35","sess_explore_1790176426920_iny0s9","like",3,0,"2026-08-14T06:54:03.831Z"
"int_1790176426921_bl14uaezl","6a833394cee036cbf121a849","68c5583b9869e837e80cea4b","sess_explore_1790176426921_zmji1m","view",1,28,"2026-08-14T06:54:39.992Z"
"int_1790176426921_xsci9u4hm","6a27ed55b6d7638a2acaa654","68c5583b9869e837e80cea43","sess_explore_1790176426921_u26t7u","view",1,74,"2026-08-14T07:17:05.049Z"
"int_1790176426905_pikpxht9s","6a833398cee036cbf121a885","68c5583b9869e837e80ce995","sess_1790176426903_i6ytlw2","view",1,151,"2026-08-14T08:32:08.960Z"
"int_1790176426905_z0wn2zchc","6a833398cee036cbf121a885","68c5583b9869e837e80cea06","sess_1790176426903_i6ytlw2","view",1,140,"2026-08-14T08:32:08.960Z"
"int_1790176426905_dvp5wzl7q","6a833398cee036cbf121a885","68c5583b9869e837e80ceada","sess_1790176426903_i6ytlw2","view",1,24,"2026-08-14T08:32:08.960Z"
"int_1790176426905_mqwbmlu3d","6a833398cee036cbf121a885","68c5583b9869e837e80ce995","sess_1790176426903_i6ytlw2","add_to_cart",5,0,"2026-08-14T08:32:43.960Z"
"int_1790176426905_2d3txxxds","6a833398cee036cbf121a885","68c5583b9869e837e80cea06","sess_1790176426903_i6ytlw2","add_to_cart",5,0,"2026-08-14T08:32:43.960Z"
"int_1790176426924_vyvarv7ja","6a833394cee036cbf121a84d","68c5583b9869e837e80ceade","sess_explore_1790176426924_ekj3q4","search_click",2,72,"2026-08-14T09:46:04.112Z"
"int_1790176426925_n308h9smo","6914018db8d9d9ea54857a42","68c5583b9869e837e80ceafb","sess_explore_1790176426925_tmswqg","view",1,63,"2026-08-14T10:33:09.362Z"
"int_1790176426393_t4kt7x4zv","6a83085d4d4fb77855083406","68c5583b9869e837e80ceab1","sess_1790176426391_jvmiqtt","view",1,22,"2026-08-14T10:51:08.487Z"
"int_1790176426393_8wxhnh1ci","6a83085d4d4fb77855083406","68c5583b9869e837e80cea14","sess_1790176426391_jvmiqtt","view",1,124,"2026-08-14T10:51:08.487Z"
"int_1790176426393_ahqeu18wm","6a83085d4d4fb77855083406","68c5583b9869e837e80ceae3","sess_1790176426391_jvmiqtt","view",1,75,"2026-08-14T10:51:08.487Z"
"int_1790176426393_ymo5aqfcp","6a83085d4d4fb77855083406","68c5583b9869e837e80cea45","sess_1790176426391_jvmiqtt","view",1,122,"2026-08-14T10:51:08.487Z"
"int_1790176426393_cfnknrkoy","6a83085d4d4fb77855083406","68c5583b9869e837e80cea45","sess_1790176426391_jvmiqtt","like",3,0,"2026-08-14T10:51:23.487Z"
"int_1790176426393_5qrzsaj1p","6a83085d4d4fb77855083406","68c5583b9869e837e80ceab1","sess_1790176426391_jvmiqtt","add_to_cart",5,0,"2026-08-14T10:51:43.487Z"
"int_1790176426426_ji4d7jyq6","6a833392cee036cbf121a82b","68c5583b9869e837e80cea05","sess_1790176426423_7az280t","view",1,179,"2026-08-14T12:47:49.639Z"
"int_1790176426426_9e2jn8ubl","6a833392cee036cbf121a82b","68c5583b9869e837e80ce9bc","sess_1790176426423_7az280t","view",1,146,"2026-08-14T12:47:49.639Z"
"int_1790176426426_un3k2kuxy","6a833392cee036cbf121a82b","68c5583b9869e837e80cea69","sess_1790176426423_7az280t","view",1,58,"2026-08-14T12:47:49.639Z"
"int_1790176426426_tmv59wrkh","6a833392cee036cbf121a82b","68c5583b9869e837e80ce977","sess_1790176426423_7az280t","view",1,43,"2026-08-14T12:47:49.639Z"
"int_1790176426426_vwen1sxjc","6a833392cee036cbf121a82b","68c5583b9869e837e80ce9bc","sess_1790176426423_7az280t","like",3,0,"2026-08-14T12:48:04.639Z"
"int_1790176426922_2snfjdw62","6a833393cee036cbf121a83f","68c5583b9869e837e80cea83","sess_explore_1790176426922_zjdgue","view",1,76,"2026-08-14T14:12:48.405Z"
"int_1790176426922_cryuopbph","6a833393cee036cbf121a83f","68c5583b9869e837e80cea83","sess_explore_1790176426922_zjdgue","like",3,0,"2026-08-14T14:12:58.405Z"
"int_1790176426922_52wjj0rii","6a833397cee036cbf121a875","68c5583b9869e837e80cea9e","sess_explore_1790176426922_h2td8c","view",1,64,"2026-08-14T16:31:20.022Z"
"int_1790176426922_wgv81gqii","6a833397cee036cbf121a875","68c5583b9869e837e80cea9e","sess_explore_1790176426922_h2td8c","like",3,0,"2026-08-14T16:31:30.022Z"
"int_1790176426857_y40zlksbf","6a833397cee036cbf121a87d","68c5583b9869e837e80ceaf9","sess_1790176426855_zc07npe","view",1,85,"2026-08-14T16:36:34.230Z"
"int_1790176426857_q3xg94p05","6a833397cee036cbf121a87d","68c5583b9869e837e80cea7f","sess_1790176426855_zc07npe","view",1,119,"2026-08-14T16:36:34.230Z"
"int_1790176426857_u4r4rjhkj","6a833397cee036cbf121a87d","68c5583b9869e837e80ce980","sess_1790176426855_zc07npe","view",1,140,"2026-08-14T16:36:34.230Z"
"int_1790176426857_gaa2suqc9","6a833397cee036cbf121a87d","68c5583b9869e837e80ce986","sess_1790176426855_zc07npe","view",1,110,"2026-08-14T16:36:34.230Z"
"int_1790176426857_7m57a55j4","6a833397cee036cbf121a87d","68c5583b9869e837e80ce9e9","sess_1790176426855_zc07npe","view",1,39,"2026-08-14T16:36:34.230Z"
"int_1790176426857_ldcwmpf3e","6a833397cee036cbf121a87d","68c5583b9869e837e80ceaf9","sess_1790176426855_zc07npe","like",3,0,"2026-08-14T16:36:49.230Z"
"int_1790176426857_nk9oufm43","6a833397cee036cbf121a87d","68c5583b9869e837e80ce9e9","sess_1790176426855_zc07npe","like",3,0,"2026-08-14T16:36:49.230Z"
"int_1790176426857_4930w7h7g","6a833397cee036cbf121a87d","68c5583b9869e837e80ce9e9","sess_1790176426855_zc07npe","add_to_cart",5,0,"2026-08-14T16:37:09.230Z"
"int_1790176426924_3klp92b72","6a833396cee036cbf121a863","68c5583b9869e837e80ceae3","sess_explore_1790176426924_4dhmqo","search_click",2,52,"2026-08-14T17:53:55.993Z"
"int_1790176426924_986eyql3x","6a833396cee036cbf121a863","68c5583b9869e837e80ceae3","sess_explore_1790176426924_4dhmqo","like",3,0,"2026-08-14T17:54:05.993Z"
"int_1790176426371_2vhh8ec0h","68e5331e5186f04dcdf2e9f6","68c5583b9869e837e80ceafc","sess_1790176426369_gkivse5","view",1,130,"2026-08-14T19:22:16.388Z"
"int_1790176426371_6e7csmhlw","68e5331e5186f04dcdf2e9f6","68c5583b9869e837e80cea8f","sess_1790176426369_gkivse5","view",1,125,"2026-08-14T19:22:16.388Z"
"int_1790176426371_90r2l3kr7","68e5331e5186f04dcdf2e9f6","68c5583b9869e837e80cea80","sess_1790176426369_gkivse5","view",1,134,"2026-08-14T19:22:16.388Z"
"int_1790176426371_wmqj36i5i","68e5331e5186f04dcdf2e9f6","68c5583b9869e837e80cea4d","sess_1790176426369_gkivse5","view",1,148,"2026-08-14T19:22:16.388Z"
"int_1790176426371_vubii2255","68e5331e5186f04dcdf2e9f6","68c5583b9869e837e80ceaf8","sess_1790176426369_gkivse5","view",1,24,"2026-08-14T19:22:16.388Z"
"int_1790176426371_633w4k9bs","68e5331e5186f04dcdf2e9f6","68c5583b9869e837e80cea7c","sess_1790176426369_gkivse5","view",1,157,"2026-08-14T19:22:16.388Z"
"int_1790176426371_b06pdmz3d","68e5331e5186f04dcdf2e9f6","68c5583b9869e837e80cea8f","sess_1790176426369_gkivse5","like",3,0,"2026-08-14T19:22:31.388Z"
"int_1790176426371_z4xhzr9l2","68e5331e5186f04dcdf2e9f6","68c5583b9869e837e80cea4d","sess_1790176426369_gkivse5","like",3,0,"2026-08-14T19:22:31.388Z"
"int_1790176426371_4vnvzh19c","68e5331e5186f04dcdf2e9f6","68c5583b9869e837e80cea7c","sess_1790176426369_gkivse5","like",3,0,"2026-08-14T19:22:31.388Z"
"int_1790176426371_l3qiz9dyn","68e5331e5186f04dcdf2e9f6","68c5583b9869e837e80cea80","sess_1790176426369_gkivse5","add_to_cart",5,0,"2026-08-14T19:22:51.388Z"
"int_1790176426371_nuuex4ruc","68e5331e5186f04dcdf2e9f6","68c5583b9869e837e80cea7c","sess_1790176426369_gkivse5","add_to_cart",5,0,"2026-08-14T19:22:51.388Z"
"int_1790176426924_0kt5331sg","6a833396cee036cbf121a865","68c5583b9869e837e80ceadf","sess_explore_1790176426924_kplthz","view",1,34,"2026-08-14T19:54:40.067Z"
"int_1790176426921_27kbkecq9","6a833397cee036cbf121a879","68c5583b9869e837e80cea61","sess_explore_1790176426921_99q3pr","search_click",2,80,"2026-08-14T20:03:47.855Z"
"int_1790176426921_p6a1kygr8","6a833394cee036cbf121a845","68c5583b9869e837e80cea54","sess_explore_1790176426921_i1nb7c","search_click",2,86,"2026-08-14T21:13:39.048Z"
"int_1790176426883_0k4ed0mcf","6a833398cee036cbf121a881","68c5583b9869e837e80ce988","sess_1790176426880_tmzjr62","view",1,117,"2026-08-14T22:28:01.266Z"
"int_1790176426883_nsg7tnxtr","6a833398cee036cbf121a881","68c5583b9869e837e80cea1d","sess_1790176426880_tmzjr62","view",1,63,"2026-08-14T22:28:01.266Z"
"int_1790176426883_u3ai385jd","6a833398cee036cbf121a881","68c5583b9869e837e80ce99d","sess_1790176426880_tmzjr62","view",1,134,"2026-08-14T22:28:01.266Z"
"int_1790176426883_rtykgybpm","6a833398cee036cbf121a881","68c5583b9869e837e80ce989","sess_1790176426880_tmzjr62","view",1,142,"2026-08-14T22:28:01.266Z"
"int_1790176426883_29uq2f703","6a833398cee036cbf121a881","68c5583b9869e837e80ce988","sess_1790176426880_tmzjr62","like",3,0,"2026-08-14T22:28:16.266Z"
"int_1790176426883_av30bo3mz","6a833398cee036cbf121a881","68c5583b9869e837e80ce988","sess_1790176426880_tmzjr62","add_to_cart",5,0,"2026-08-14T22:28:36.266Z"
"int_1790176426883_fd7n8gfc3","6a833398cee036cbf121a881","68c5583b9869e837e80cea1d","sess_1790176426880_tmzjr62","add_to_cart",5,0,"2026-08-14T22:28:36.266Z"
"int_1790176426922_648kp9yvc","6a833391cee036cbf121a825","68c5583b9869e837e80cea84","sess_explore_1790176426922_rkfsmp","search_click",2,49,"2026-08-15T01:02:16.003Z"
"int_1790176426919_dfpy9nb6b","6a833397cee036cbf121a877","68c5583b9869e837e80ce9bb","sess_explore_1790176426919_3803iz","view",1,75,"2026-08-15T01:21:26.356Z"
"int_1790176426538_jodridshp","6a833393cee036cbf121a841","68c5583b9869e837e80ce9d5","sess_1790176426535_l65z7dn","view",1,107,"2026-08-15T01:21:41.458Z"
"int_1790176426538_e3rt8jbb1","6a833393cee036cbf121a841","68c5583b9869e837e80cea23","sess_1790176426535_l65z7dn","view",1,52,"2026-08-15T01:21:41.458Z"
"int_1790176426538_mppj0it5v","6a833393cee036cbf121a841","68c5583b9869e837e80ce989","sess_1790176426535_l65z7dn","view",1,138,"2026-08-15T01:21:41.458Z"
"int_1790176426538_8h5zf5mja","6a833393cee036cbf121a841","68c5583b9869e837e80ce99a","sess_1790176426535_l65z7dn","view",1,115,"2026-08-15T01:21:41.458Z"
"int_1790176426538_cvgwdyvbg","6a833393cee036cbf121a841","68c5583b9869e837e80ce9d5","sess_1790176426535_l65z7dn","like",3,0,"2026-08-15T01:21:56.458Z"
"int_1790176426538_aa9ast1w3","6a833393cee036cbf121a841","68c5583b9869e837e80ce989","sess_1790176426535_l65z7dn","like",3,0,"2026-08-15T01:21:56.458Z"
"int_1790176426519_ktb6ctr0r","6a833393cee036cbf121a83f","68c5583b9869e837e80cea82","sess_1790176426517_jrra1ej","view",1,120,"2026-08-15T01:34:09.888Z"
"int_1790176426519_gu5h4xjew","6a833393cee036cbf121a83f","68c5583b9869e837e80cea02","sess_1790176426517_jrra1ej","view",1,44,"2026-08-15T01:34:09.888Z"
"int_1790176426519_lqg80dp0g","6a833393cee036cbf121a83f","68c5583b9869e837e80ce9ec","sess_1790176426517_jrra1ej","view",1,100,"2026-08-15T01:34:09.888Z"
"int_1790176426519_wjbdfj3vj","6a833393cee036cbf121a83f","68c5583b9869e837e80ce9f7","sess_1790176426517_jrra1ej","view",1,27,"2026-08-15T01:34:09.888Z"
"int_1790176426519_5ooz782or","6a833393cee036cbf121a83f","68c5583b9869e837e80cea82","sess_1790176426517_jrra1ej","like",3,0,"2026-08-15T01:34:24.888Z"
"int_1790176426519_ocg5e9u3u","6a833393cee036cbf121a83f","68c5583b9869e837e80ce9f7","sess_1790176426517_jrra1ej","like",3,0,"2026-08-15T01:34:24.888Z"
"int_1790176426519_hiyxurw5k","6a833393cee036cbf121a83f","68c5583b9869e837e80cea02","sess_1790176426517_jrra1ej","add_to_cart",5,0,"2026-08-15T01:34:44.888Z"
"int_1790176426519_0std9nwpy","6a833393cee036cbf121a83f","68c5583b9869e837e80cea02","sess_1790176426517_jrra1ej","purchase",10,0,"2026-08-15T01:35:09.888Z"
"int_1790176426921_z9ldiiyyn","6a833395cee036cbf121a859","68c5583b9869e837e80cea77","sess_explore_1790176426921_us8x0w","view",1,26,"2026-08-15T04:06:13.458Z"
"int_1790176426921_djxz4o06z","6a833395cee036cbf121a859","68c5583b9869e837e80cea77","sess_explore_1790176426921_us8x0w","like",3,0,"2026-08-15T04:06:23.458Z"
"int_1790176426742_9run5ybok","6a833396cee036cbf121a86b","68c5583b9869e837e80ce9dc","sess_1790176426740_5homqdg","view",1,130,"2026-08-15T04:37:52.535Z"
"int_1790176426742_dpos11yyq","6a833396cee036cbf121a86b","68c5583b9869e837e80ce9b2","sess_1790176426740_5homqdg","view",1,150,"2026-08-15T04:37:52.535Z"
"int_1790176426742_jdjmq8k6g","6a833396cee036cbf121a86b","68c5583b9869e837e80ce9d8","sess_1790176426740_5homqdg","view",1,152,"2026-08-15T04:37:52.535Z"
"int_1790176426742_p1dq68xvj","6a833396cee036cbf121a86b","68c5583b9869e837e80cea62","sess_1790176426740_5homqdg","view",1,100,"2026-08-15T04:37:52.535Z"
"int_1790176426742_xk6ibkufh","6a833396cee036cbf121a86b","68c5583b9869e837e80cea42","sess_1790176426740_5homqdg","view",1,77,"2026-08-15T04:37:52.535Z"
"int_1790176426742_q92k6q4pv","6a833396cee036cbf121a86b","68c5583b9869e837e80cea2d","sess_1790176426740_5homqdg","view",1,27,"2026-08-15T04:37:52.535Z"
"int_1790176426742_jy0wgfw3x","6a833396cee036cbf121a86b","68c5583b9869e837e80cea62","sess_1790176426740_5homqdg","like",3,0,"2026-08-15T04:38:07.535Z"
"int_1790176426742_7adhe037r","6a833396cee036cbf121a86b","68c5583b9869e837e80ce9d8","sess_1790176426740_5homqdg","add_to_cart",5,0,"2026-08-15T04:38:27.535Z"
"int_1790176426742_20qqpflud","6a833396cee036cbf121a86b","68c5583b9869e837e80cea42","sess_1790176426740_5homqdg","add_to_cart",5,0,"2026-08-15T04:38:27.535Z"
"int_1790176426922_bqgfpfw6o","6a833395cee036cbf121a85d","68c5583b9869e837e80ceab6","sess_explore_1790176426922_6qly60","view",1,90,"2026-08-15T05:08:08.249Z"
"int_1790176426920_7qga3deqr","6a833395cee036cbf121a853","68c5583b9869e837e80cea32","sess_explore_1790176426920_s5ho4t","view",1,51,"2026-08-15T06:48:09.004Z"
"int_1790176426920_t34lpp5cr","6a83085d4d4fb77855083406","68c5583b9869e837e80cea26","sess_explore_1790176426920_1egvt5","view",1,61,"2026-08-15T07:09:51.965Z"
"int_1790176426921_1fygy28hb","68e37500fb43e827078c759c","68c5583b9869e837e80cea39","sess_explore_1790176426921_ouqnzg","search_click",2,71,"2026-08-15T07:53:34.717Z"
"int_1790176426919_0mw9tcgi2","6a833394cee036cbf121a845","68c5583b9869e837e80ce990","sess_explore_1790176426919_pcydot","search_click",2,27,"2026-08-15T08:15:41.723Z"
"int_1790176426919_lm4trluy0","6a833394cee036cbf121a845","68c5583b9869e837e80ce990","sess_explore_1790176426919_pcydot","like",3,0,"2026-08-15T08:15:51.723Z"
"int_1790176426921_6b7y3c6xb","6a833393cee036cbf121a835","68c5583b9869e837e80cea49","sess_explore_1790176426921_3wk5rd","view",1,84,"2026-08-15T08:17:53.940Z"
"int_1790176426921_k8t6ee8qj","6a833393cee036cbf121a835","68c5583b9869e837e80cea49","sess_explore_1790176426921_3wk5rd","like",3,0,"2026-08-15T08:18:03.940Z"
"int_1790176426921_kqu921j9j","6a833397cee036cbf121a871","68c5583b9869e837e80cea39","sess_explore_1790176426921_qnw3da","view",1,63,"2026-08-15T09:47:52.508Z"
"int_1790176426921_e5c90oxwc","6a833396cee036cbf121a867","68c5583b9869e837e80cea7b","sess_explore_1790176426921_lz6531","view",1,78,"2026-08-15T11:25:51.919Z"
"int_1790176426921_moay3nhfq","6a833396cee036cbf121a867","68c5583b9869e837e80cea7b","sess_explore_1790176426921_lz6531","like",3,0,"2026-08-15T11:26:01.919Z"
"int_1790176426807_09kud1f0h","6a833397cee036cbf121a875","68c5583b9869e837e80ceb00","sess_1790176426805_3e8r9lg","view",1,162,"2026-08-15T14:03:53.904Z"
"int_1790176426807_glfbkk8it","6a833397cee036cbf121a875","68c5583b9869e837e80ce99c","sess_1790176426805_3e8r9lg","view",1,85,"2026-08-15T14:03:53.904Z"
"int_1790176426807_razjh0o39","6a833397cee036cbf121a875","68c5583b9869e837e80ce988","sess_1790176426805_3e8r9lg","view",1,97,"2026-08-15T14:03:53.904Z"
"int_1790176426807_guwzwtjop","6a833397cee036cbf121a875","68c5583b9869e837e80cea1c","sess_1790176426805_3e8r9lg","view",1,116,"2026-08-15T14:03:53.904Z"
"int_1790176426807_13ni07p8s","6a833397cee036cbf121a875","68c5583b9869e837e80ceb00","sess_1790176426805_3e8r9lg","like",3,0,"2026-08-15T14:04:08.904Z"
"int_1790176426807_vqcbaplag","6a833397cee036cbf121a875","68c5583b9869e837e80ce99c","sess_1790176426805_3e8r9lg","like",3,0,"2026-08-15T14:04:08.904Z"
"int_1790176426807_cxuinc6un","6a833397cee036cbf121a875","68c5583b9869e837e80ce988","sess_1790176426805_3e8r9lg","like",3,0,"2026-08-15T14:04:08.904Z"
"int_1790176426807_8j6f9v4ie","6a833397cee036cbf121a875","68c5583b9869e837e80ce988","sess_1790176426805_3e8r9lg","add_to_cart",5,0,"2026-08-15T14:04:28.904Z"
"int_1790176426807_kyok5w0u2","6a833397cee036cbf121a875","68c5583b9869e837e80cea1c","sess_1790176426805_3e8r9lg","add_to_cart",5,0,"2026-08-15T14:04:28.904Z"
"int_1790176426921_4dqyxm1zb","6a833396cee036cbf121a86d","68c5583b9869e837e80cea5a","sess_explore_1790176426921_2ctqdt","view",1,73,"2026-08-15T14:12:54.339Z"
"int_1790176426921_6d1h4ly3e","6a833396cee036cbf121a86d","68c5583b9869e837e80cea5a","sess_explore_1790176426921_2ctqdt","like",3,0,"2026-08-15T14:13:04.339Z"
"int_1790176426919_ft5jgkgls","6a833394cee036cbf121a849","68c5583b9869e837e80ce9c5","sess_explore_1790176426919_0uzajx","view",1,75,"2026-08-15T14:20:41.049Z"
"int_1790176426919_sihj2zcwa","6a833394cee036cbf121a849","68c5583b9869e837e80ce9c5","sess_explore_1790176426919_0uzajx","like",3,0,"2026-08-15T14:20:51.049Z"
"int_1790176426669_lnzszro04","6a833395cee036cbf121a85b","68c5583b9869e837e80cea42","sess_1790176426668_wmrg0t5","view",1,97,"2026-08-15T14:23:32.313Z"
"int_1790176426669_kg7wt3usy","6a833395cee036cbf121a85b","68c5583b9869e837e80cea63","sess_1790176426668_wmrg0t5","view",1,70,"2026-08-15T14:23:32.313Z"
"int_1790176426669_wzmqlx08b","6a833395cee036cbf121a85b","68c5583b9869e837e80ce9e7","sess_1790176426668_wmrg0t5","view",1,143,"2026-08-15T14:23:32.313Z"
"int_1790176426669_om9ynzxzz","6a833395cee036cbf121a85b","68c5583b9869e837e80ce9b0","sess_1790176426668_wmrg0t5","view",1,34,"2026-08-15T14:23:32.313Z"
"int_1790176426669_ba13hhyhc","6a833395cee036cbf121a85b","68c5583b9869e837e80cea30","sess_1790176426668_wmrg0t5","view",1,81,"2026-08-15T14:23:32.313Z"
"int_1790176426669_kt5722jkm","6a833395cee036cbf121a85b","68c5583b9869e837e80cea29","sess_1790176426668_wmrg0t5","view",1,50,"2026-08-15T14:23:32.313Z"
"int_1790176426669_43mnqe0xp","6a833395cee036cbf121a85b","68c5583b9869e837e80cea42","sess_1790176426668_wmrg0t5","like",3,0,"2026-08-15T14:23:47.313Z"
"int_1790176426669_jplxioaxo","6a833395cee036cbf121a85b","68c5583b9869e837e80cea63","sess_1790176426668_wmrg0t5","like",3,0,"2026-08-15T14:23:47.313Z"
"int_1790176426669_ucfqxl30q","6a833395cee036cbf121a85b","68c5583b9869e837e80ce9b0","sess_1790176426668_wmrg0t5","add_to_cart",5,0,"2026-08-15T14:24:07.313Z"
"int_1790176426669_p7s7rpvma","6a833395cee036cbf121a85b","68c5583b9869e837e80cea30","sess_1790176426668_wmrg0t5","add_to_cart",5,0,"2026-08-15T14:24:07.313Z"
"int_1790176426725_96lxx94zf","6a833396cee036cbf121a867","68c5583b9869e837e80ceaf6","sess_1790176426723_hsxbehf","view",1,162,"2026-08-15T15:33:41.137Z"
"int_1790176426725_knf32bz2n","6a833396cee036cbf121a867","68c5583b9869e837e80cea65","sess_1790176426723_hsxbehf","view",1,96,"2026-08-15T15:33:41.137Z"
"int_1790176426725_66tdnpl0t","6a833396cee036cbf121a867","68c5583b9869e837e80ce9f4","sess_1790176426723_hsxbehf","view",1,80,"2026-08-15T15:33:41.137Z"
"int_1790176426725_8n7mi8yaj","6a833396cee036cbf121a867","68c5583b9869e837e80ceaf1","sess_1790176426723_hsxbehf","view",1,28,"2026-08-15T15:33:41.137Z"
"int_1790176426725_992vkou5n","6a833396cee036cbf121a867","68c5583b9869e837e80ceaf1","sess_1790176426723_hsxbehf","add_to_cart",5,0,"2026-08-15T15:34:16.137Z"
"int_1790176426656_q6y0b7rgf","6a833395cee036cbf121a855","68c5583b9869e837e80cea99","sess_1790176426655_h520x0v","view",1,87,"2026-08-15T15:57:00.221Z"
"int_1790176426656_0qwdmzdjy","6a833395cee036cbf121a855","68c5583b9869e837e80ce99c","sess_1790176426655_h520x0v","view",1,80,"2026-08-15T15:57:00.221Z"
"int_1790176426656_0ohsw6c59","6a833395cee036cbf121a855","68c5583b9869e837e80ce9a5","sess_1790176426655_h520x0v","view",1,30,"2026-08-15T15:57:00.221Z"
"int_1790176426656_8ymc8ns86","6a833395cee036cbf121a855","68c5583b9869e837e80cea1d","sess_1790176426655_h520x0v","view",1,36,"2026-08-15T15:57:00.221Z"
"int_1790176426656_o680mpeh0","6a833395cee036cbf121a855","68c5583b9869e837e80cea99","sess_1790176426655_h520x0v","like",3,0,"2026-08-15T15:57:15.221Z"
"int_1790176426656_ce99sijx2","6a833395cee036cbf121a855","68c5583b9869e837e80ce9a5","sess_1790176426655_h520x0v","like",3,0,"2026-08-15T15:57:15.221Z"
"int_1790176426656_1zx8xxpxt","6a833395cee036cbf121a855","68c5583b9869e837e80cea1d","sess_1790176426655_h520x0v","like",3,0,"2026-08-15T15:57:15.221Z"
"int_1790176426360_k31taq2ka","68e5331e5186f04dcdf2e9f6","68c5583b9869e837e80ceaba","sess_1790176426357_c0zhoib","view",1,32,"2026-08-15T16:59:25.422Z"
"int_1790176426360_25qzgviiu","68e5331e5186f04dcdf2e9f6","68c5583b9869e837e80ce9a5","sess_1790176426357_c0zhoib","view",1,86,"2026-08-15T16:59:25.422Z"
"int_1790176426360_1yrnz9j1q","68e5331e5186f04dcdf2e9f6","68c5583b9869e837e80ce9ee","sess_1790176426357_c0zhoib","view",1,47,"2026-08-15T16:59:25.422Z"
"int_1790176426360_v7zi9tycx","68e5331e5186f04dcdf2e9f6","68c5583b9869e837e80cea8f","sess_1790176426357_c0zhoib","view",1,154,"2026-08-15T16:59:25.422Z"
"int_1790176426360_vtew17jgh","68e5331e5186f04dcdf2e9f6","68c5583b9869e837e80ce980","sess_1790176426357_c0zhoib","view",1,128,"2026-08-15T16:59:25.422Z"
"int_1790176426360_0kk6mau0h","68e5331e5186f04dcdf2e9f6","68c5583b9869e837e80cea4d","sess_1790176426357_c0zhoib","view",1,65,"2026-08-15T16:59:25.422Z"
"int_1790176426360_1iznxoo74","68e5331e5186f04dcdf2e9f6","68c5583b9869e837e80ceaba","sess_1790176426357_c0zhoib","like",3,0,"2026-08-15T16:59:40.422Z"
"int_1790176426360_xdr7lwevg","68e5331e5186f04dcdf2e9f6","68c5583b9869e837e80ce9ee","sess_1790176426357_c0zhoib","like",3,0,"2026-08-15T16:59:40.422Z"
"int_1790176426360_h5qb7csh4","68e5331e5186f04dcdf2e9f6","68c5583b9869e837e80cea4d","sess_1790176426357_c0zhoib","like",3,0,"2026-08-15T16:59:40.422Z"
"int_1790176426360_hzjqf8r3s","68e5331e5186f04dcdf2e9f6","68c5583b9869e837e80ceaba","sess_1790176426357_c0zhoib","add_to_cart",5,0,"2026-08-15T17:00:00.422Z"
"int_1790176426923_15n7hgych","6a833398cee036cbf121a887","68c5583b9869e837e80ceac0","sess_explore_1790176426923_7eko8q","search_click",2,58,"2026-08-15T19:40:29.298Z"
"int_1790176426921_bckx1tcki","6a833392cee036cbf121a82b","68c5583b9869e837e80cea57","sess_explore_1790176426921_fp2s9j","search_click",2,90,"2026-08-15T21:06:12.206Z"
"int_1790176426919_cpt9srsoy","6a833395cee036cbf121a857","68c5583b9869e837e80ce9d4","sess_explore_1790176426919_3xtbtz","search_click",2,67,"2026-08-15T21:12:45.008Z"
"int_1790176426783_v9599mkau","6a833397cee036cbf121a871","68c5583b9869e837e80ce9d5","sess_1790176426781_iixhdne","view",1,33,"2026-08-15T22:10:22.060Z"
"int_1790176426783_whym0p3qv","6a833397cee036cbf121a871","68c5583b9869e837e80cea14","sess_1790176426781_iixhdne","view",1,147,"2026-08-15T22:10:22.060Z"
"int_1790176426783_tevwe1g47","6a833397cee036cbf121a871","68c5583b9869e837e80ce9fe","sess_1790176426781_iixhdne","view",1,104,"2026-08-15T22:10:22.060Z"
"int_1790176426783_gvpd54wzl","6a833397cee036cbf121a871","68c5583b9869e837e80ce99d","sess_1790176426781_iixhdne","view",1,25,"2026-08-15T22:10:22.060Z"
"int_1790176426783_p27gflhjw","6a833397cee036cbf121a871","68c5583b9869e837e80cea13","sess_1790176426781_iixhdne","view",1,67,"2026-08-15T22:10:22.060Z"
"int_1790176426783_13lc8a0ms","6a833397cee036cbf121a871","68c5583b9869e837e80cea14","sess_1790176426781_iixhdne","like",3,0,"2026-08-15T22:10:37.060Z"
"int_1790176426783_dahx1jezl","6a833397cee036cbf121a871","68c5583b9869e837e80ce99d","sess_1790176426781_iixhdne","like",3,0,"2026-08-15T22:10:37.060Z"
"int_1790176426783_q32mdfd5v","6a833397cee036cbf121a871","68c5583b9869e837e80cea14","sess_1790176426781_iixhdne","add_to_cart",5,0,"2026-08-15T22:10:57.060Z"
"int_1790176426783_pwkt83zq4","6a833397cee036cbf121a871","68c5583b9869e837e80ce99d","sess_1790176426781_iixhdne","add_to_cart",5,0,"2026-08-15T22:10:57.060Z"
"int_1790176426484_ophxnxrgs","6a833393cee036cbf121a839","68c5583b9869e837e80ce9e5","sess_1790176426483_uceqprz","view",1,129,"2026-08-15T22:42:51.788Z"
"int_1790176426484_obclc16ls","6a833393cee036cbf121a839","68c5583b9869e837e80ce9f5","sess_1790176426483_uceqprz","view",1,177,"2026-08-15T22:42:51.788Z"
"int_1790176426484_glzcw825r","6a833393cee036cbf121a839","68c5583b9869e837e80ce98d","sess_1790176426483_uceqprz","view",1,143,"2026-08-15T22:42:51.788Z"
"int_1790176426484_pi4uuyoau","6a833393cee036cbf121a839","68c5583b9869e837e80ce9b7","sess_1790176426483_uceqprz","view",1,47,"2026-08-15T22:42:51.788Z"
"int_1790176426484_m486n6mqv","6a833393cee036cbf121a839","68c5583b9869e837e80ce98d","sess_1790176426483_uceqprz","like",3,0,"2026-08-15T22:43:06.788Z"
"int_1790176426925_26n9g5w3z","6a833391cee036cbf121a825","68c5583b9869e837e80ceafd","sess_explore_1790176426925_hyjpbx","search_click",2,68,"2026-08-16T00:18:06.175Z"
"int_1790176426925_h7tuqlb8a","6a833391cee036cbf121a825","68c5583b9869e837e80ceafd","sess_explore_1790176426925_hyjpbx","like",3,0,"2026-08-16T00:18:16.175Z"
"int_1790176426668_s8yx2eabh","6a833395cee036cbf121a85b","68c5583b9869e837e80ce9b6","sess_1790176426666_ekjw3p6","view",1,56,"2026-08-16T00:45:52.700Z"
"int_1790176426668_wfkdhbkai","6a833395cee036cbf121a85b","68c5583b9869e837e80cea41","sess_1790176426666_ekjw3p6","view",1,72,"2026-08-16T00:45:52.700Z"
"int_1790176426668_pzlpbgs15","6a833395cee036cbf121a85b","68c5583b9869e837e80ce9d8","sess_1790176426666_ekjw3p6","view",1,150,"2026-08-16T00:45:52.700Z"
"int_1790176426668_2pel2y2kt","6a833395cee036cbf121a85b","68c5583b9869e837e80ce9d8","sess_1790176426666_ekjw3p6","like",3,0,"2026-08-16T00:46:07.700Z"
"int_1790176426668_mjomycwpe","6a833395cee036cbf121a85b","68c5583b9869e837e80ce9b6","sess_1790176426666_ekjw3p6","add_to_cart",5,0,"2026-08-16T00:46:27.700Z"
"int_1790176426668_5z2r7ohsg","6a833395cee036cbf121a85b","68c5583b9869e837e80ce9b6","sess_1790176426666_ekjw3p6","purchase",10,0,"2026-08-16T00:46:52.700Z"
"int_1790176426922_gi0nrfbbr","6a833396cee036cbf121a861","68c5583b9869e837e80cea81","sess_explore_1790176426922_59uo1j","search_click",2,38,"2026-08-16T02:56:57.471Z"
"int_1790176426376_7xqc6eggr","6a27ed55b6d7638a2acaa654","68c5583b9869e837e80ce9e0","sess_1790176426374_knhui29","view",1,58,"2026-08-16T03:44:02.764Z"
"int_1790176426376_7nzxu3eyk","6a27ed55b6d7638a2acaa654","68c5583b9869e837e80cea1c","sess_1790176426374_knhui29","view",1,91,"2026-08-16T03:44:02.764Z"
"int_1790176426376_7yhn27hyk","6a27ed55b6d7638a2acaa654","68c5583b9869e837e80cea0d","sess_1790176426374_knhui29","view",1,175,"2026-08-16T03:44:02.764Z"
"int_1790176426925_q9gpeg1fm","6a833392cee036cbf121a831","68c5583b9869e837e80ceb01","sess_explore_1790176426925_ol9b5a","view",1,44,"2026-08-16T04:14:58.651Z"
"int_1790176426921_0uqbd2wkt","6a833392cee036cbf121a827","68c5583b9869e837e80cea71","sess_explore_1790176426921_74bc3s","search_click",2,76,"2026-08-16T05:27:26.867Z"
"int_1790176426922_hjr02lbtx","6a27ed55b6d7638a2acaa654","68c5583b9869e837e80ceaa3","sess_explore_1790176426922_rmmy2s","view",1,61,"2026-08-16T06:10:29.759Z"
"int_1790176426922_ovtq2oz0o","6a27ed55b6d7638a2acaa654","68c5583b9869e837e80ceaa3","sess_explore_1790176426922_rmmy2s","like",3,0,"2026-08-16T06:10:39.759Z"
"int_1790176426920_ot790q845","6914018db8d9d9ea54857a42","68c5583b9869e837e80cea16","sess_explore_1790176426920_xf976t","search_click",2,63,"2026-08-16T07:47:33.103Z"
"int_1790176426919_anusoo8n6","6a833394cee036cbf121a851","68c5583b9869e837e80ce9c2","sess_explore_1790176426919_j674bf","search_click",2,31,"2026-08-16T07:58:47.059Z"
"int_1790176426919_2zud9aw0b","6a833394cee036cbf121a851","68c5583b9869e837e80ce9c2","sess_explore_1790176426919_j674bf","like",3,0,"2026-08-16T07:58:57.059Z"
"int_1790176426925_e5vfwnzls","6a833398cee036cbf121a887","68c5583b9869e837e80ceaf5","sess_explore_1790176426925_pfjkrd","view",1,67,"2026-08-16T09:43:23.953Z"
"int_1790176426925_hmd6ubje5","6a833398cee036cbf121a887","68c5583b9869e837e80ceaf5","sess_explore_1790176426925_pfjkrd","like",3,0,"2026-08-16T09:43:33.953Z"
"int_1790176426790_xsc8cw62z","6a833397cee036cbf121a871","68c5583b9869e837e80ce9bf","sess_1790176426788_oerpua4","view",1,104,"2026-08-16T10:23:30.580Z"
"int_1790176426790_2dfozdhc5","6a833397cee036cbf121a871","68c5583b9869e837e80ce9a9","sess_1790176426788_oerpua4","view",1,104,"2026-08-16T10:23:30.580Z"
"int_1790176426790_gp73f82f0","6a833397cee036cbf121a871","68c5583b9869e837e80cea12","sess_1790176426788_oerpua4","view",1,172,"2026-08-16T10:23:30.580Z"
"int_1790176426790_4ufwhu4y2","6a833397cee036cbf121a871","68c5583b9869e837e80ce9e0","sess_1790176426788_oerpua4","view",1,41,"2026-08-16T10:23:30.580Z"
"int_1790176426790_nrluwoub8","6a833397cee036cbf121a871","68c5583b9869e837e80ce9a9","sess_1790176426788_oerpua4","add_to_cart",5,0,"2026-08-16T10:24:05.580Z"
"int_1790176426790_j5h89ivgp","6a833397cee036cbf121a871","68c5583b9869e837e80cea12","sess_1790176426788_oerpua4","add_to_cart",5,0,"2026-08-16T10:24:05.580Z"
"int_1790176426790_lhldsxndd","6a833397cee036cbf121a871","68c5583b9869e837e80ce9a9","sess_1790176426788_oerpua4","purchase",10,0,"2026-08-16T10:24:30.580Z"
"int_1790176426925_ikna55zrs","6a833395cee036cbf121a85f","68c5583b9869e837e80ceae8","sess_explore_1790176426925_u16mv0","view",1,55,"2026-08-16T10:51:32.090Z"
"int_1790176426922_fveultgpk","6a833393cee036cbf121a843","68c5583b9869e837e80cea8d","sess_explore_1790176426922_0q0ywe","view",1,31,"2026-08-16T11:31:15.019Z"
"int_1790176426922_48aj29gyl","6a833393cee036cbf121a843","68c5583b9869e837e80cea8d","sess_explore_1790176426922_0q0ywe","like",3,0,"2026-08-16T11:31:25.019Z"
"int_1790176426919_u80zjji0v","6a833396cee036cbf121a86d","68c5583b9869e837e80ce9a1","sess_explore_1790176426919_6gksq2","search_click",2,65,"2026-08-16T14:49:41.903Z"
"int_1790176426489_fmd3nrml5","6a833393cee036cbf121a83b","68c5583b9869e837e80ce9b0","sess_1790176426487_cmnjpho","view",1,130,"2026-08-16T15:05:59.695Z"
"int_1790176426489_avmc804yn","6a833393cee036cbf121a83b","68c5583b9869e837e80cea15","sess_1790176426487_cmnjpho","view",1,22,"2026-08-16T15:05:59.695Z"
"int_1790176426489_tm5lnxceq","6a833393cee036cbf121a83b","68c5583b9869e837e80cea30","sess_1790176426487_cmnjpho","view",1,88,"2026-08-16T15:05:59.695Z"
"int_1790176426489_vbtss8l44","6a833393cee036cbf121a83b","68c5583b9869e837e80ce9f0","sess_1790176426487_cmnjpho","view",1,30,"2026-08-16T15:05:59.695Z"
"int_1790176426489_804pwet0e","6a833393cee036cbf121a83b","68c5583b9869e837e80cea63","sess_1790176426487_cmnjpho","view",1,52,"2026-08-16T15:05:59.695Z"
"int_1790176426489_1kxhlrhbb","6a833393cee036cbf121a83b","68c5583b9869e837e80cea30","sess_1790176426487_cmnjpho","like",3,0,"2026-08-16T15:06:14.695Z"
"int_1790176426489_nsuk8r2x5","6a833393cee036cbf121a83b","68c5583b9869e837e80cea63","sess_1790176426487_cmnjpho","like",3,0,"2026-08-16T15:06:14.695Z"
"int_1790176426489_o21t031yw","6a833393cee036cbf121a83b","68c5583b9869e837e80ce9b0","sess_1790176426487_cmnjpho","add_to_cart",5,0,"2026-08-16T15:06:34.695Z"
"int_1790176426489_o3idx5q5l","6a833393cee036cbf121a83b","68c5583b9869e837e80ce9f0","sess_1790176426487_cmnjpho","add_to_cart",5,0,"2026-08-16T15:06:34.695Z"
"int_1790176426925_uxqpzerlt","6a833394cee036cbf121a849","68c5583b9869e837e80ceb03","sess_explore_1790176426925_6ew56z","search_click",2,43,"2026-08-16T16:14:38.178Z"
"int_1790176426925_pzkhprems","6a833394cee036cbf121a849","68c5583b9869e837e80ceb03","sess_explore_1790176426925_6ew56z","like",3,0,"2026-08-16T16:14:48.178Z"
"int_1790176426405_a3bh5mc92","6a833392cee036cbf121a827","68c5583b9869e837e80ceaf4","sess_1790176426404_rjtemy1","view",1,22,"2026-08-16T20:19:07.410Z"
"int_1790176426405_2modc913y","6a833392cee036cbf121a827","68c5583b9869e837e80cea04","sess_1790176426404_rjtemy1","view",1,73,"2026-08-16T20:19:07.410Z"
"int_1790176426405_f8v3lbfb6","6a833392cee036cbf121a827","68c5583b9869e837e80cea21","sess_1790176426404_rjtemy1","view",1,106,"2026-08-16T20:19:07.410Z"
"int_1790176426405_jvdyux0ik","6a833392cee036cbf121a827","68c5583b9869e837e80ce9b9","sess_1790176426404_rjtemy1","view",1,129,"2026-08-16T20:19:07.410Z"
"int_1790176426405_p6ancm67e","6a833392cee036cbf121a827","68c5583b9869e837e80cea04","sess_1790176426404_rjtemy1","like",3,0,"2026-08-16T20:19:22.410Z"
"int_1790176426405_1ghso8bua","6a833392cee036cbf121a827","68c5583b9869e837e80ce9b9","sess_1790176426404_rjtemy1","like",3,0,"2026-08-16T20:19:22.410Z"
"int_1790176426405_z7lxbtw3f","6a833392cee036cbf121a827","68c5583b9869e837e80ceaf4","sess_1790176426404_rjtemy1","add_to_cart",5,0,"2026-08-16T20:19:42.410Z"
"int_1790176426405_9ajraace9","6a833392cee036cbf121a827","68c5583b9869e837e80ce9b9","sess_1790176426404_rjtemy1","add_to_cart",5,0,"2026-08-16T20:19:42.410Z"
"int_1790176426405_v6c2o6r75","6a833392cee036cbf121a827","68c5583b9869e837e80ceaf4","sess_1790176426404_rjtemy1","purchase",10,0,"2026-08-16T20:20:07.410Z"
"int_1790176426922_q970dplgt","6914018db8d9d9ea54857a42","68c5583b9869e837e80ceaa7","sess_explore_1790176426922_h4myd4","search_click",2,62,"2026-08-16T22:00:08.243Z"
"int_1790176426922_4lnqw8m7i","6914018db8d9d9ea54857a42","68c5583b9869e837e80ceaa7","sess_explore_1790176426922_h4myd4","like",3,0,"2026-08-16T22:00:18.243Z"
"int_1790176426900_do4zyeor8","6a833398cee036cbf121a883","68c5583b9869e837e80cea00","sess_1790176426897_v7kegmr","view",1,122,"2026-08-16T23:16:56.144Z"
"int_1790176426900_3ja0ykt1k","6a833398cee036cbf121a883","68c5583b9869e837e80ce995","sess_1790176426897_v7kegmr","view",1,153,"2026-08-16T23:16:56.144Z"
"int_1790176426900_kb5m3op41","6a833398cee036cbf121a883","68c5583b9869e837e80ce9a9","sess_1790176426897_v7kegmr","view",1,176,"2026-08-16T23:16:56.144Z"
"int_1790176426900_30tse9z0h","6a833398cee036cbf121a883","68c5583b9869e837e80ce995","sess_1790176426897_v7kegmr","add_to_cart",5,0,"2026-08-16T23:17:31.144Z"
"int_1790176426919_izlck3ydm","6a833398cee036cbf121a887","68c5583b9869e837e80ce9da","sess_explore_1790176426919_5vqzbg","search_click",2,53,"2026-08-16T23:50:20.498Z"
"int_1790176426924_6lfscoy0s","6a833396cee036cbf121a861","68c5583b9869e837e80cead2","sess_explore_1790176426924_3gjere","search_click",2,87,"2026-08-17T02:37:23.671Z"
"int_1790176426920_q7tnh8o83","6a833393cee036cbf121a837","68c5583b9869e837e80cea31","sess_explore_1790176426920_kqi4du","view",1,43,"2026-08-17T02:45:32.870Z"
"int_1790176426920_841kj88fg","6a833393cee036cbf121a837","68c5583b9869e837e80cea31","sess_explore_1790176426920_kqi4du","like",3,0,"2026-08-17T02:45:42.870Z"
"int_1790176426921_uj641a9vn","6a833392cee036cbf121a82f","68c5583b9869e837e80cea4e","sess_explore_1790176426921_yxqsuz","view",1,64,"2026-08-17T04:13:31.597Z"
"int_1790176426921_15bucmfnd","6a833392cee036cbf121a82f","68c5583b9869e837e80cea4e","sess_explore_1790176426921_yxqsuz","like",3,0,"2026-08-17T04:13:41.597Z"
"int_1790176426923_u2bxbpnrt","6914018db8d9d9ea54857a42","68c5583b9869e837e80ceacf","sess_explore_1790176426923_kzo2bv","search_click",2,29,"2026-08-17T05:50:55.183Z"
"int_1790176426521_q8kex8ama","6a833393cee036cbf121a83f","68c5583b9869e837e80cea1d","sess_1790176426519_9krao4z","view",1,29,"2026-08-17T06:13:54.070Z"
"int_1790176426521_ylqsuabs2","6a833393cee036cbf121a83f","68c5583b9869e837e80cea5c","sess_1790176426519_9krao4z","view",1,120,"2026-08-17T06:13:54.070Z"
"int_1790176426521_w5c8viilj","6a833393cee036cbf121a83f","68c5583b9869e837e80ce9fe","sess_1790176426519_9krao4z","view",1,62,"2026-08-17T06:13:54.070Z"
"int_1790176426521_zfgfn4r22","6a833393cee036cbf121a83f","68c5583b9869e837e80cea3a","sess_1790176426519_9krao4z","view",1,32,"2026-08-17T06:13:54.070Z"
"int_1790176426521_qzy976xyi","6a833393cee036cbf121a83f","68c5583b9869e837e80ce9fe","sess_1790176426519_9krao4z","like",3,0,"2026-08-17T06:14:09.070Z"
"int_1790176426521_ucp14xv0x","6a833393cee036cbf121a83f","68c5583b9869e837e80cea1d","sess_1790176426519_9krao4z","add_to_cart",5,0,"2026-08-17T06:14:29.070Z"
"int_1790176426880_cg0bx6iee","6a833398cee036cbf121a881","68c5583b9869e837e80ce9e1","sess_1790176426877_tnwjcgs","view",1,82,"2026-08-17T06:17:07.301Z"
"int_1790176426880_x9hmzs0lh","6a833398cee036cbf121a881","68c5583b9869e837e80cea38","sess_1790176426877_tnwjcgs","view",1,38,"2026-08-17T06:17:07.301Z"
"int_1790176426880_gt35u3seq","6a833398cee036cbf121a881","68c5583b9869e837e80cea15","sess_1790176426877_tnwjcgs","view",1,62,"2026-08-17T06:17:07.301Z"
"int_1790176426880_q7csmdt7b","6a833398cee036cbf121a881","68c5583b9869e837e80ce989","sess_1790176426877_tnwjcgs","view",1,120,"2026-08-17T06:17:07.301Z"
"int_1790176426880_4qo5ychrq","6a833398cee036cbf121a881","68c5583b9869e837e80ce9d6","sess_1790176426877_tnwjcgs","view",1,172,"2026-08-17T06:17:07.301Z"
"int_1790176426880_n4gyynz8o","6a833398cee036cbf121a881","68c5583b9869e837e80cea15","sess_1790176426877_tnwjcgs","like",3,0,"2026-08-17T06:17:22.301Z"
"int_1790176426880_09hwh7pa0","6a833398cee036cbf121a881","68c5583b9869e837e80ce9e1","sess_1790176426877_tnwjcgs","add_to_cart",5,0,"2026-08-17T06:17:42.301Z"
"int_1790176426880_zh3concdg","6a833398cee036cbf121a881","68c5583b9869e837e80cea38","sess_1790176426877_tnwjcgs","add_to_cart",5,0,"2026-08-17T06:17:42.301Z"
"int_1790176426880_f81i91qn9","6a833398cee036cbf121a881","68c5583b9869e837e80cea15","sess_1790176426877_tnwjcgs","add_to_cart",5,0,"2026-08-17T06:17:42.301Z"
"int_1790176426880_ii3zb0qen","6a833398cee036cbf121a881","68c5583b9869e837e80ce9d6","sess_1790176426877_tnwjcgs","add_to_cart",5,0,"2026-08-17T06:17:42.301Z"
"int_1790176426880_xbpw9impb","6a833398cee036cbf121a881","68c5583b9869e837e80ce9e1","sess_1790176426877_tnwjcgs","purchase",10,0,"2026-08-17T06:18:07.301Z"
"int_1790176426408_n0tg8o3od","6a833392cee036cbf121a829","68c5583b9869e837e80ce9d9","sess_1790176426407_1ctmhzn","view",1,116,"2026-08-17T07:39:24.857Z"
"int_1790176426408_zranvxwt3","6a833392cee036cbf121a829","68c5583b9869e837e80ce9e6","sess_1790176426407_1ctmhzn","view",1,81,"2026-08-17T07:39:24.857Z"
"int_1790176426408_nwrjzfe8s","6a833392cee036cbf121a829","68c5583b9869e837e80ce9e5","sess_1790176426407_1ctmhzn","view",1,106,"2026-08-17T07:39:24.857Z"
"int_1790176426408_cah0u8dox","6a833392cee036cbf121a829","68c5583b9869e837e80ce9d9","sess_1790176426407_1ctmhzn","like",3,0,"2026-08-17T07:39:39.857Z"
"int_1790176426408_rd1s3d0yp","6a833392cee036cbf121a829","68c5583b9869e837e80ce9e6","sess_1790176426407_1ctmhzn","like",3,0,"2026-08-17T07:39:39.857Z"
"int_1790176426919_vi2q8imh5","6a833396cee036cbf121a867","68c5583b9869e837e80ce982","sess_explore_1790176426919_uruemd","view",1,51,"2026-08-17T09:41:24.039Z"
"int_1790176426919_33bzdswfk","6a833396cee036cbf121a867","68c5583b9869e837e80ce982","sess_explore_1790176426919_uruemd","like",3,0,"2026-08-17T09:41:34.039Z"
"int_1790176426923_3d9frfljh","6a83085d4d4fb77855083406","68c5583b9869e837e80ceac7","sess_explore_1790176426923_hlzp6k","view",1,83,"2026-08-17T10:00:36.348Z"
"int_1790176426923_p58auw9vy","6a83085d4d4fb77855083406","68c5583b9869e837e80ceac7","sess_explore_1790176426923_hlzp6k","like",3,0,"2026-08-17T10:00:46.348Z"
"int_1790176426922_ehekdvoj9","6a833395cee036cbf121a85b","68c5583b9869e837e80cea8e","sess_explore_1790176426922_inu6ol","view",1,48,"2026-08-17T10:29:46.363Z"
"int_1790176426923_umwcwy8iw","6914018db8d9d9ea54857a42","68c5583b9869e837e80ceac6","sess_explore_1790176426923_i4jgkg","view",1,89,"2026-08-17T10:36:43.910Z"
"int_1790176426920_2a9lt07x2","6a83085d4d4fb77855083406","68c5583b9869e837e80cea2f","sess_explore_1790176426920_1rvc07","view",1,48,"2026-08-17T10:55:10.029Z"
"int_1790176426922_q3bno8izz","6a833393cee036cbf121a835","68c5583b9869e837e80cea89","sess_explore_1790176426922_2vabve","view",1,33,"2026-08-17T11:58:16.767Z"
"int_1790176426922_sqz487m6n","6a833393cee036cbf121a835","68c5583b9869e837e80cea89","sess_explore_1790176426922_2vabve","like",3,0,"2026-08-17T11:58:26.767Z"
"int_1790176426920_hgi16gyxq","6a833394cee036cbf121a845","68c5583b9869e837e80cea27","sess_explore_1790176426920_9dqpal","search_click",2,58,"2026-08-17T12:07:26.400Z"
"int_1790176426919_hn7eod1mb","6a833398cee036cbf121a883","68c5583b9869e837e80ce9ca","sess_explore_1790176426919_cxp2tr","view",1,58,"2026-08-17T12:53:41.697Z"
"int_1790176426827_cxo2kpq7h","6a833397cee036cbf121a879","68c5583b9869e837e80ce9e5","sess_1790176426824_is8i4us","view",1,106,"2026-08-17T13:15:52.602Z"
"int_1790176426827_wi9omi4in","6a833397cee036cbf121a879","68c5583b9869e837e80ce9ba","sess_1790176426824_is8i4us","view",1,104,"2026-08-17T13:15:52.602Z"
"int_1790176426827_tw9gibily","6a833397cee036cbf121a879","68c5583b9869e837e80ce9f5","sess_1790176426824_is8i4us","view",1,33,"2026-08-17T13:15:52.602Z"
"int_1790176426827_rn4c91jhb","6a833397cee036cbf121a879","68c5583b9869e837e80ce9eb","sess_1790176426824_is8i4us","view",1,88,"2026-08-17T13:15:52.602Z"
"int_1790176426827_ipjyeou6l","6a833397cee036cbf121a879","68c5583b9869e837e80ce9ba","sess_1790176426824_is8i4us","like",3,0,"2026-08-17T13:16:07.602Z"
"int_1790176426827_9kj0dx0gr","6a833397cee036cbf121a879","68c5583b9869e837e80ce9ba","sess_1790176426824_is8i4us","add_to_cart",5,0,"2026-08-17T13:16:27.602Z"
"int_1790176426827_xlaqgrt4u","6a833397cee036cbf121a879","68c5583b9869e837e80ce9f5","sess_1790176426824_is8i4us","add_to_cart",5,0,"2026-08-17T13:16:27.602Z"
"int_1790176426827_4hz260cxs","6a833397cee036cbf121a879","68c5583b9869e837e80ce9ba","sess_1790176426824_is8i4us","purchase",10,0,"2026-08-17T13:16:52.602Z"
"int_1790176426919_vr5ii2fzv","6a27ed55b6d7638a2acaa654","68c5583b9869e837e80ce99b","sess_explore_1790176426919_2dq5y6","view",1,75,"2026-08-17T15:10:58.549Z"
"int_1790176426919_7upw5axcf","6a833397cee036cbf121a87d","68c5583b9869e837e80ce981","sess_explore_1790176426919_5uu75z","view",1,40,"2026-08-17T16:49:03.180Z"
"int_1790176426619_jfteq5na9","6a833394cee036cbf121a84f","68c5583b9869e837e80cea51","sess_1790176426617_29iyb31","view",1,50,"2026-08-17T17:12:20.792Z"
"int_1790176426619_rxqtfroh9","6a833394cee036cbf121a84f","68c5583b9869e837e80cea24","sess_1790176426617_29iyb31","view",1,57,"2026-08-17T17:12:20.792Z"
"int_1790176426619_u4qyystqc","6a833394cee036cbf121a84f","68c5583b9869e837e80cea56","sess_1790176426617_29iyb31","view",1,93,"2026-08-17T17:12:20.792Z"
"int_1790176426619_jbzi9fjxa","6a833394cee036cbf121a84f","68c5583b9869e837e80ce9e2","sess_1790176426617_29iyb31","view",1,125,"2026-08-17T17:12:20.792Z"
"int_1790176426619_gk0ipsjt9","6a833394cee036cbf121a84f","68c5583b9869e837e80cea51","sess_1790176426617_29iyb31","add_to_cart",5,0,"2026-08-17T17:12:55.792Z"
"int_1790176426470_pp7oegt9w","6a833392cee036cbf121a833","68c5583b9869e837e80cea23","sess_1790176426469_e8elcps","view",1,64,"2026-08-17T17:33:34.687Z"
"int_1790176426470_j98p8ddmd","6a833392cee036cbf121a833","68c5583b9869e837e80ce99d","sess_1790176426469_e8elcps","view",1,155,"2026-08-17T17:33:34.687Z"
"int_1790176426470_oiw4yjnd3","6a833392cee036cbf121a833","68c5583b9869e837e80cea9a","sess_1790176426469_e8elcps","view",1,82,"2026-08-17T17:33:34.687Z"
"int_1790176426470_924dx57f0","6a833392cee036cbf121a833","68c5583b9869e837e80ce97d","sess_1790176426469_e8elcps","view",1,56,"2026-08-17T17:33:34.687Z"
"int_1790176426470_ox036lszl","6a833392cee036cbf121a833","68c5583b9869e837e80cea23","sess_1790176426469_e8elcps","like",3,0,"2026-08-17T17:33:49.687Z"
"int_1790176426654_vld8ifa1t","6a833395cee036cbf121a855","68c5583b9869e837e80cea1c","sess_1790176426653_gqw2cwp","view",1,160,"2026-08-17T18:03:36.010Z"
"int_1790176426654_x2xz28g7z","6a833395cee036cbf121a855","68c5583b9869e837e80ce9e2","sess_1790176426653_gqw2cwp","view",1,70,"2026-08-17T18:03:36.010Z"
"int_1790176426654_ssml1od2l","6a833395cee036cbf121a855","68c5583b9869e837e80ce999","sess_1790176426653_gqw2cwp","view",1,76,"2026-08-17T18:03:36.010Z"
"int_1790176426654_xnctr23e9","6a833395cee036cbf121a855","68c5583b9869e837e80ce999","sess_1790176426653_gqw2cwp","like",3,0,"2026-08-17T18:03:51.010Z"
"int_1790176426654_frd49v819","6a833395cee036cbf121a855","68c5583b9869e837e80ce9e2","sess_1790176426653_gqw2cwp","add_to_cart",5,0,"2026-08-17T18:04:11.010Z"
"int_1790176426921_5lxnge52p","6a833394cee036cbf121a847","68c5583b9869e837e80cea64","sess_explore_1790176426921_auflii","search_click",2,49,"2026-08-17T18:43:43.845Z"
"int_1790176426921_za4zjhn74","6a833394cee036cbf121a847","68c5583b9869e837e80cea64","sess_explore_1790176426921_auflii","like",3,0,"2026-08-17T18:43:53.845Z"
"int_1790176426834_udj5eyeaj","6a833397cee036cbf121a879","68c5583b9869e837e80ce9b7","sess_1790176426832_mn93kjp","view",1,173,"2026-08-17T20:41:54.465Z"
"int_1790176426834_9u7j9htz8","6a833397cee036cbf121a879","68c5583b9869e837e80ce9f9","sess_1790176426832_mn93kjp","view",1,109,"2026-08-17T20:41:54.465Z"
"int_1790176426834_ojzrjrvzo","6a833397cee036cbf121a879","68c5583b9869e837e80ce9f8","sess_1790176426832_mn93kjp","view",1,42,"2026-08-17T20:41:54.465Z"
"int_1790176426834_on67ko9z2","6a833397cee036cbf121a879","68c5583b9869e837e80ce9b9","sess_1790176426832_mn93kjp","view",1,95,"2026-08-17T20:41:54.465Z"
"int_1790176426834_kx1bew6ou","6a833397cee036cbf121a879","68c5583b9869e837e80cea0b","sess_1790176426832_mn93kjp","view",1,35,"2026-08-17T20:41:54.465Z"
"int_1790176426834_jcctjl01o","6a833397cee036cbf121a879","68c5583b9869e837e80cea0b","sess_1790176426832_mn93kjp","like",3,0,"2026-08-17T20:42:09.465Z"
"int_1790176426834_28t4t54mk","6a833397cee036cbf121a879","68c5583b9869e837e80ce9f8","sess_1790176426832_mn93kjp","add_to_cart",5,0,"2026-08-17T20:42:29.465Z"
"int_1790176426834_wsk9bc0vh","6a833397cee036cbf121a879","68c5583b9869e837e80ce9b9","sess_1790176426832_mn93kjp","add_to_cart",5,0,"2026-08-17T20:42:29.465Z"
"int_1790176426834_7r4n5jlx1","6a833397cee036cbf121a879","68c5583b9869e837e80cea0b","sess_1790176426832_mn93kjp","add_to_cart",5,0,"2026-08-17T20:42:29.465Z"
"int_1790176426834_d8bsis6ax","6a833397cee036cbf121a879","68c5583b9869e837e80ce9f8","sess_1790176426832_mn93kjp","purchase",10,0,"2026-08-17T20:42:54.465Z"
"int_1790176426919_6wuieempl","6a833394cee036cbf121a84f","68c5583b9869e837e80ce982","sess_explore_1790176426919_c0vbji","search_click",2,80,"2026-08-17T21:47:40.399Z"
"int_1790176426919_0xewfan00","6a833394cee036cbf121a84f","68c5583b9869e837e80ce982","sess_explore_1790176426919_c0vbji","like",3,0,"2026-08-17T21:47:50.399Z"
"int_1790176426925_5cxj5rr2u","6a833392cee036cbf121a833","68c5583b9869e837e80ceaed","sess_explore_1790176426925_qbaa07","search_click",2,47,"2026-08-17T21:48:23.036Z"
"int_1790176426843_7xokltsx5","6a833397cee036cbf121a87b","68c5583b9869e837e80ce9cb","sess_1790176426840_qm6hqwd","view",1,90,"2026-08-17T22:42:26.141Z"
"int_1790176426843_9sk8nn5h3","6a833397cee036cbf121a87b","68c5583b9869e837e80cea0a","sess_1790176426840_qm6hqwd","view",1,107,"2026-08-17T22:42:26.141Z"
"int_1790176426843_3d8rdiu8k","6a833397cee036cbf121a87b","68c5583b9869e837e80cea69","sess_1790176426840_qm6hqwd","view",1,54,"2026-08-17T22:42:26.141Z"
"int_1790176426843_joyc7xfy3","6a833397cee036cbf121a87b","68c5583b9869e837e80ce9bc","sess_1790176426840_qm6hqwd","view",1,70,"2026-08-17T22:42:26.141Z"
"int_1790176426843_vs1x7z71f","6a833397cee036cbf121a87b","68c5583b9869e837e80cea0a","sess_1790176426840_qm6hqwd","add_to_cart",5,0,"2026-08-17T22:43:01.141Z"
"int_1790176426920_dtxy5ad3x","6a833396cee036cbf121a861","68c5583b9869e837e80cea27","sess_explore_1790176426920_7vwa49","search_click",2,50,"2026-08-18T00:37:32.480Z"
"int_1790176426924_sip3tacwz","6a27ed55b6d7638a2acaa654","68c5583b9869e837e80ceae0","sess_explore_1790176426924_aa7g8g","view",1,59,"2026-08-18T00:44:04.193Z"
"int_1790176426925_eqhqyrt77","6a833393cee036cbf121a83d","68c5583b9869e837e80ceaf6","sess_explore_1790176426925_nzqux8","view",1,52,"2026-08-18T07:41:25.912Z"
"int_1790176426921_jt2chpznl","6a833392cee036cbf121a82d","68c5583b9869e837e80cea6b","sess_explore_1790176426921_ithbm1","view",1,29,"2026-08-18T14:17:33.557Z"
"int_1790176426921_qdj3v2owq","6a833392cee036cbf121a82d","68c5583b9869e837e80cea6b","sess_explore_1790176426921_ithbm1","like",3,0,"2026-08-18T14:17:43.557Z"
"int_1790176426840_bscgw225n","6a833397cee036cbf121a87b","68c5583b9869e837e80cea0a","sess_1790176426837_8vmrxxf","view",1,71,"2026-08-18T14:33:32.732Z"
"int_1790176426840_nwjtmylr6","6a833397cee036cbf121a87b","68c5583b9869e837e80ce976","sess_1790176426837_8vmrxxf","view",1,109,"2026-08-18T14:33:32.732Z"
"int_1790176426840_ti3tthtus","6a833397cee036cbf121a87b","68c5583b9869e837e80cea63","sess_1790176426837_8vmrxxf","view",1,28,"2026-08-18T14:33:32.732Z"
"int_1790176426840_tp6x5o8xd","6a833397cee036cbf121a87b","68c5583b9869e837e80cea28","sess_1790176426837_8vmrxxf","view",1,24,"2026-08-18T14:33:32.732Z"
"int_1790176426840_ppxfwdyuk","6a833397cee036cbf121a87b","68c5583b9869e837e80ce977","sess_1790176426837_8vmrxxf","view",1,29,"2026-08-18T14:33:32.732Z"
"int_1790176426840_8r3hqagts","6a833397cee036cbf121a87b","68c5583b9869e837e80ce977","sess_1790176426837_8vmrxxf","like",3,0,"2026-08-18T14:33:47.732Z"
"int_1790176426840_c880lnx5w","6a833397cee036cbf121a87b","68c5583b9869e837e80ce976","sess_1790176426837_8vmrxxf","add_to_cart",5,0,"2026-08-18T14:34:07.732Z"
"int_1790176426840_a5rkryp2s","6a833397cee036cbf121a87b","68c5583b9869e837e80cea28","sess_1790176426837_8vmrxxf","add_to_cart",5,0,"2026-08-18T14:34:07.732Z"
"int_1790176426840_pgpoi9x66","6a833397cee036cbf121a87b","68c5583b9869e837e80ce977","sess_1790176426837_8vmrxxf","add_to_cart",5,0,"2026-08-18T14:34:07.732Z"
"int_1790176426921_xdmk4aj3b","6a833393cee036cbf121a83b","68c5583b9869e837e80cea44","sess_explore_1790176426921_mrxlai","search_click",2,84,"2026-08-18T15:14:00.105Z"
"int_1790176426921_limfr1zo6","6a833393cee036cbf121a83b","68c5583b9869e837e80cea44","sess_explore_1790176426921_mrxlai","like",3,0,"2026-08-18T15:14:10.105Z"
"int_1790176426922_tnjyz30sy","6a7fc9164585d7fd0f495064","68c5583b9869e837e80cea8b","sess_explore_1790176426922_49htm2","view",1,44,"2026-08-18T17:37:12.464Z"
"int_1790176426920_i7hju3k0a","6a833393cee036cbf121a837","68c5583b9869e837e80ce9fd","sess_explore_1790176426920_6hf2v4","view",1,64,"2026-08-18T18:13:42.604Z"
"int_1790176426925_5mw5ptr69","6a833393cee036cbf121a83b","68c5583b9869e837e80ceaf3","sess_explore_1790176426925_smpon1","search_click",2,54,"2026-08-18T18:50:34.717Z"
"int_1790176426925_rqw6mkgq4","6a833393cee036cbf121a83b","68c5583b9869e837e80ceaf3","sess_explore_1790176426925_smpon1","like",3,0,"2026-08-18T18:50:44.717Z"
"int_1790176426919_2qrxpx2q7","6a833394cee036cbf121a84d","68c5583b9869e837e80ce9d4","sess_explore_1790176426919_pvsgey","search_click",2,63,"2026-08-18T19:15:34.048Z"
"int_1790176426919_nr9q7wav2","6a833394cee036cbf121a84d","68c5583b9869e837e80ce9d4","sess_explore_1790176426919_pvsgey","like",3,0,"2026-08-18T19:15:44.048Z"
"int_1790176426922_52y3d5mnr","6a833392cee036cbf121a833","68c5583b9869e837e80cea98","sess_explore_1790176426922_mdrs4v","search_click",2,75,"2026-08-18T21:04:52.461Z"
"int_1790176426922_finmbcewx","6a833392cee036cbf121a833","68c5583b9869e837e80cea98","sess_explore_1790176426922_mdrs4v","like",3,0,"2026-08-18T21:05:02.461Z"
"int_1790176426919_xpfcsdsqb","6a833393cee036cbf121a839","68c5583b9869e837e80ce991","sess_explore_1790176426919_o6iumu","search_click",2,36,"2026-08-18T21:46:44.619Z"
"int_1790176426924_wvlz2z69p","6a833393cee036cbf121a83b","68c5583b9869e837e80ceae1","sess_explore_1790176426924_c4gpfc","view",1,82,"2026-08-18T22:00:20.631Z"
"int_1790176426919_lo1xq9up5","6a833393cee036cbf121a835","68c5583b9869e837e80ce9b7","sess_explore_1790176426919_eupi0t","view",1,83,"2026-08-18T22:18:42.466Z"
"int_1790176426919_j1gvtxear","6a833393cee036cbf121a835","68c5583b9869e837e80ce9b7","sess_explore_1790176426919_eupi0t","like",3,0,"2026-08-18T22:18:52.466Z"
"int_1790176426924_s9zsvcdnv","6a833394cee036cbf121a84f","68c5583b9869e837e80ceadd","sess_explore_1790176426924_9516yp","view",1,80,"2026-08-18T22:32:49.532Z"
"int_1790176426866_sn785aghx","6a833397cee036cbf121a87d","68c5583b9869e837e80ce994","sess_1790176426864_xx291lk","view",1,94,"2026-08-18T22:41:08.206Z"
"int_1790176426866_r5q856lei","6a833397cee036cbf121a87d","68c5583b9869e837e80ceafe","sess_1790176426864_xx291lk","view",1,126,"2026-08-18T22:41:08.206Z"
"int_1790176426866_5ovcd7pd4","6a833397cee036cbf121a87d","68c5583b9869e837e80cea96","sess_1790176426864_xx291lk","view",1,22,"2026-08-18T22:41:08.206Z"
"int_1790176426866_qbfmhdbjy","6a833397cee036cbf121a87d","68c5583b9869e837e80ce97d","sess_1790176426864_xx291lk","view",1,55,"2026-08-18T22:41:08.206Z"
"int_1790176426866_t2cjlauae","6a833397cee036cbf121a87d","68c5583b9869e837e80ceafc","sess_1790176426864_xx291lk","view",1,116,"2026-08-18T22:41:08.206Z"
"int_1790176426866_c5s1g9ed5","6a833397cee036cbf121a87d","68c5583b9869e837e80ce994","sess_1790176426864_xx291lk","like",3,0,"2026-08-18T22:41:23.206Z"
"int_1790176426866_1xbc3c0ea","6a833397cee036cbf121a87d","68c5583b9869e837e80ceafe","sess_1790176426864_xx291lk","like",3,0,"2026-08-18T22:41:23.206Z"
"int_1790176426866_13vc1o1bm","6a833397cee036cbf121a87d","68c5583b9869e837e80ceafc","sess_1790176426864_xx291lk","like",3,0,"2026-08-18T22:41:23.206Z"
"int_1790176426922_pxb9fnkyg","6a833398cee036cbf121a885","68c5583b9869e837e80cea83","sess_explore_1790176426922_h8ukgc","search_click",2,30,"2026-08-18T23:29:27.623Z"
"int_1790176426923_ix2lf4obg","6a833395cee036cbf121a855","68c5583b9869e837e80ceabd","sess_explore_1790176426923_ad6sai","view",1,45,"2026-08-19T02:19:47.007Z"
"int_1790176426922_ui8it56ii","6a833392cee036cbf121a82d","68c5583b9869e837e80cea8d","sess_explore_1790176426922_c8iav2","view",1,35,"2026-08-19T02:55:34.764Z"
"int_1790176426922_h3624xm4h","6a833396cee036cbf121a865","68c5583b9869e837e80ceaa8","sess_explore_1790176426922_ojcinn","view",1,66,"2026-08-19T03:45:55.552Z"
"int_1790176426472_0djdwz7r8","6a833393cee036cbf121a835","68c5583b9869e837e80ce976","sess_1790176426471_zv66ad0","view",1,54,"2026-08-19T04:19:36.156Z"
"int_1790176426472_b9d0w85od","6a833393cee036cbf121a835","68c5583b9869e837e80ce9a7","sess_1790176426471_zv66ad0","view",1,37,"2026-08-19T04:19:36.156Z"
"int_1790176426472_t9lbt87fb","6a833393cee036cbf121a835","68c5583b9869e837e80ce99c","sess_1790176426471_zv66ad0","view",1,153,"2026-08-19T04:19:36.156Z"
"int_1790176426472_joaqisa89","6a833393cee036cbf121a835","68c5583b9869e837e80ce979","sess_1790176426471_zv66ad0","view",1,134,"2026-08-19T04:19:36.156Z"
"int_1790176426922_duj8h7jke","6a83085d4d4fb77855083406","68c5583b9869e837e80ceab0","sess_explore_1790176426922_n8g8rs","search_click",2,42,"2026-08-19T04:23:21.368Z"
"int_1790176426922_p2xjs1xdj","6a83085d4d4fb77855083406","68c5583b9869e837e80ceab0","sess_explore_1790176426922_n8g8rs","like",3,0,"2026-08-19T04:23:31.368Z"
"int_1790176426924_pl4xr9je9","6a833395cee036cbf121a85b","68c5583b9869e837e80cead9","sess_explore_1790176426924_yme2jw","view",1,29,"2026-08-19T04:33:40.421Z"
"int_1790176426924_6lu4cnbpm","6a833395cee036cbf121a85b","68c5583b9869e837e80cead9","sess_explore_1790176426924_yme2jw","like",3,0,"2026-08-19T04:33:50.421Z"
"int_1790176426921_p3knk842a","6a833397cee036cbf121a87b","68c5583b9869e837e80cea4f","sess_explore_1790176426921_25owqh","search_click",2,60,"2026-08-19T04:58:41.844Z"
"int_1790176426921_3qgjo0u2b","6a833397cee036cbf121a87b","68c5583b9869e837e80cea4f","sess_explore_1790176426921_25owqh","like",3,0,"2026-08-19T04:58:51.844Z"
"int_1790176426919_ifqzl1xja","6a833397cee036cbf121a87d","68c5583b9869e837e80ce9c3","sess_explore_1790176426919_umq4ah","view",1,53,"2026-08-19T05:28:01.345Z"
"int_1790176426919_796ifil8c","6a833397cee036cbf121a87d","68c5583b9869e837e80ce9c3","sess_explore_1790176426919_umq4ah","like",3,0,"2026-08-19T05:28:11.345Z"
"int_1790176426920_w3hnrv0sz","6a833398cee036cbf121a87f","68c5583b9869e837e80cea34","sess_explore_1790176426920_v4lbt2","view",1,81,"2026-08-19T05:44:35.171Z"
"int_1790176426923_nns42eiu0","6914018db8d9d9ea54857a42","68c5583b9869e837e80ceac6","sess_explore_1790176426923_ozttt2","view",1,70,"2026-08-19T06:26:02.392Z"
"int_1790176426920_69ihv08aq","6a833394cee036cbf121a849","68c5583b9869e837e80ce9fa","sess_explore_1790176426920_0v5979","search_click",2,77,"2026-08-19T06:38:37.403Z"
"int_1790176426920_wkqh8lq9q","6a833394cee036cbf121a849","68c5583b9869e837e80ce9fa","sess_explore_1790176426920_0v5979","like",3,0,"2026-08-19T06:38:47.403Z"
"int_1790176426921_dgo04dwei","6a833393cee036cbf121a837","68c5583b9869e837e80cea43","sess_explore_1790176426921_q7bund","view",1,72,"2026-08-19T08:47:40.869Z"
"int_1790176426795_4i6ft20tl","6a833397cee036cbf121a873","68c5583b9869e837e80cea3a","sess_1790176426793_izetfgc","view",1,131,"2026-08-19T09:46:48.408Z"
"int_1790176426795_l5gmnxot4","6a833397cee036cbf121a873","68c5583b9869e837e80ce99c","sess_1790176426793_izetfgc","view",1,81,"2026-08-19T09:46:48.408Z"
"int_1790176426795_jbrd2z6a7","6a833397cee036cbf121a873","68c5583b9869e837e80cea23","sess_1790176426793_izetfgc","view",1,134,"2026-08-19T09:46:48.408Z"
"int_1790176426795_zbcoykaau","6a833397cee036cbf121a873","68c5583b9869e837e80ce9a9","sess_1790176426793_izetfgc","view",1,109,"2026-08-19T09:46:48.408Z"
"int_1790176426795_6vogf3u9y","6a833397cee036cbf121a873","68c5583b9869e837e80ce99c","sess_1790176426793_izetfgc","like",3,0,"2026-08-19T09:47:03.408Z"
"int_1790176426795_t00lrlkhg","6a833397cee036cbf121a873","68c5583b9869e837e80cea23","sess_1790176426793_izetfgc","like",3,0,"2026-08-19T09:47:03.408Z"
"int_1790176426795_esluas3l6","6a833397cee036cbf121a873","68c5583b9869e837e80ce9a9","sess_1790176426793_izetfgc","like",3,0,"2026-08-19T09:47:03.408Z"
"int_1790176426531_78s8ea3cp","6a833393cee036cbf121a841","68c5583b9869e837e80ce9e4","sess_1790176426527_u6wpbc2","view",1,48,"2026-08-19T10:10:03.160Z"
"int_1790176426531_hwu93nm76","6a833393cee036cbf121a841","68c5583b9869e837e80cea02","sess_1790176426527_u6wpbc2","view",1,74,"2026-08-19T10:10:03.160Z"
"int_1790176426531_tm10ikvlb","6a833393cee036cbf121a841","68c5583b9869e837e80cea12","sess_1790176426527_u6wpbc2","view",1,99,"2026-08-19T10:10:03.160Z"
"int_1790176426531_lb4vy0ipg","6a833393cee036cbf121a841","68c5583b9869e837e80ce9fe","sess_1790176426527_u6wpbc2","view",1,96,"2026-08-19T10:10:03.160Z"
"int_1790176426531_ufqomsw1q","6a833393cee036cbf121a841","68c5583b9869e837e80ce988","sess_1790176426527_u6wpbc2","view",1,100,"2026-08-19T10:10:03.160Z"
"int_1790176426531_curg9yjo2","6a833393cee036cbf121a841","68c5583b9869e837e80cea02","sess_1790176426527_u6wpbc2","like",3,0,"2026-08-19T10:10:18.160Z"
"int_1790176426531_qrmqzwvxh","6a833393cee036cbf121a841","68c5583b9869e837e80cea12","sess_1790176426527_u6wpbc2","like",3,0,"2026-08-19T10:10:18.160Z"
"int_1790176426531_xizixr1bp","6a833393cee036cbf121a841","68c5583b9869e837e80cea12","sess_1790176426527_u6wpbc2","add_to_cart",5,0,"2026-08-19T10:10:38.160Z"
"int_1790176426920_fywacupcd","6a833398cee036cbf121a881","68c5583b9869e837e80cea2f","sess_explore_1790176426920_cgiyc2","search_click",2,56,"2026-08-19T12:28:58.607Z"
"int_1790176426617_189hd8e9r","6a833394cee036cbf121a84f","68c5583b9869e837e80cea23","sess_1790176426614_9x69lce","view",1,59,"2026-08-19T14:13:45.919Z"
"int_1790176426617_3zuiw801x","6a833394cee036cbf121a84f","68c5583b9869e837e80cea00","sess_1790176426614_9x69lce","view",1,122,"2026-08-19T14:13:45.919Z"
"int_1790176426617_ptyuojqrh","6a833394cee036cbf121a84f","68c5583b9869e837e80cea10","sess_1790176426614_9x69lce","view",1,148,"2026-08-19T14:13:45.919Z"
"int_1790176426617_qeghbbhqq","6a833394cee036cbf121a84f","68c5583b9869e837e80ce9df","sess_1790176426614_9x69lce","view",1,35,"2026-08-19T14:13:45.919Z"
"int_1790176426617_vf4gazmek","6a833394cee036cbf121a84f","68c5583b9869e837e80ce9fe","sess_1790176426614_9x69lce","view",1,162,"2026-08-19T14:13:45.919Z"
"int_1790176426617_epthbnzkt","6a833394cee036cbf121a84f","68c5583b9869e837e80cea23","sess_1790176426614_9x69lce","like",3,0,"2026-08-19T14:14:00.919Z"
"int_1790176426617_bri2i6du7","6a833394cee036cbf121a84f","68c5583b9869e837e80cea00","sess_1790176426614_9x69lce","like",3,0,"2026-08-19T14:14:00.919Z"
"int_1790176426617_sz52357j5","6a833394cee036cbf121a84f","68c5583b9869e837e80cea10","sess_1790176426614_9x69lce","like",3,0,"2026-08-19T14:14:00.919Z"
"int_1790176426617_nt0kbf8l6","6a833394cee036cbf121a84f","68c5583b9869e837e80cea23","sess_1790176426614_9x69lce","add_to_cart",5,0,"2026-08-19T14:14:20.919Z"
"int_1790176426922_1uhc1hnnu","6a833396cee036cbf121a861","68c5583b9869e837e80ceabd","sess_explore_1790176426922_047gvh","search_click",2,65,"2026-08-19T14:29:51.454Z"
"int_1790176426922_n17ndlarj","6a833398cee036cbf121a883","68c5583b9869e837e80cea8d","sess_explore_1790176426922_gw7mzc","view",1,85,"2026-08-19T16:04:58.668Z"
"int_1790176426922_yp4b57s98","6a833398cee036cbf121a883","68c5583b9869e837e80cea8d","sess_explore_1790176426922_gw7mzc","like",3,0,"2026-08-19T16:05:08.668Z"
"int_1790176426925_5qis9b8w5","6a7fc9164585d7fd0f495064","68c5583b9869e837e80ceafb","sess_explore_1790176426925_dtq26y","view",1,35,"2026-08-19T16:50:17.062Z"
"int_1790176426920_7tnyw9uma","6a833392cee036cbf121a831","68c5583b9869e837e80cea09","sess_explore_1790176426920_uccg2t","search_click",2,62,"2026-08-19T19:06:53.420Z"
"int_1790176426924_h58mhrn7y","6a833395cee036cbf121a857","68c5583b9869e837e80ceae1","sess_explore_1790176426924_fkg2z4","search_click",2,56,"2026-08-19T19:31:36.131Z"
"int_1790176426924_9b0hzm0an","6a833395cee036cbf121a857","68c5583b9869e837e80ceae1","sess_explore_1790176426924_fkg2z4","like",3,0,"2026-08-19T19:31:46.131Z"
"int_1790176426573_pz1t3vkm7","6a833394cee036cbf121a849","68c5583b9869e837e80ce9f4","sess_1790176426569_7cbog28","view",1,113,"2026-08-19T20:41:05.871Z"
"int_1790176426573_2nsg16bqi","6a833394cee036cbf121a849","68c5583b9869e837e80ce98f","sess_1790176426569_7cbog28","view",1,56,"2026-08-19T20:41:05.871Z"
"int_1790176426573_oynnh737k","6a833394cee036cbf121a849","68c5583b9869e837e80ce9f3","sess_1790176426569_7cbog28","view",1,136,"2026-08-19T20:41:05.871Z"
"int_1790176426573_qt4up2q0d","6a833394cee036cbf121a849","68c5583b9869e837e80ce98f","sess_1790176426569_7cbog28","like",3,0,"2026-08-19T20:41:20.871Z"
"int_1790176426573_efhzr3gyn","6a833394cee036cbf121a849","68c5583b9869e837e80ce98f","sess_1790176426569_7cbog28","add_to_cart",5,0,"2026-08-19T20:41:40.871Z"
"int_1790176426573_29mia8y8o","6a833394cee036cbf121a849","68c5583b9869e837e80ce98f","sess_1790176426569_7cbog28","purchase",10,0,"2026-08-19T20:42:05.871Z"
"int_1790176426877_879sjon9n","6a833398cee036cbf121a881","68c5583b9869e837e80ce9ab","sess_1790176426876_2rvn3vm","view",1,128,"2026-08-19T22:11:02.921Z"
"int_1790176426877_jhgran69a","6a833398cee036cbf121a881","68c5583b9869e837e80ce988","sess_1790176426876_2rvn3vm","view",1,135,"2026-08-19T22:11:02.921Z"
"int_1790176426877_f9apidj92","6a833398cee036cbf121a881","68c5583b9869e837e80ce997","sess_1790176426876_2rvn3vm","view",1,64,"2026-08-19T22:11:02.921Z"
"int_1790176426877_g7w77dkdk","6a833398cee036cbf121a881","68c5583b9869e837e80ce9b5","sess_1790176426876_2rvn3vm","view",1,89,"2026-08-19T22:11:02.921Z"
"int_1790176426877_hue8sptet","6a833398cee036cbf121a881","68c5583b9869e837e80ce989","sess_1790176426876_2rvn3vm","view",1,160,"2026-08-19T22:11:02.921Z"
"int_1790176426877_ltvi8wx8o","6a833398cee036cbf121a881","68c5583b9869e837e80ce9ab","sess_1790176426876_2rvn3vm","like",3,0,"2026-08-19T22:11:17.921Z"
"int_1790176426922_hov3e3njy","68e37500fb43e827078c759c","68c5583b9869e837e80cea86","sess_explore_1790176426922_rw823g","view",1,38,"2026-08-19T23:29:51.264Z"
"int_1790176426922_7l3s5ghap","6a833396cee036cbf121a867","68c5583b9869e837e80cea85","sess_explore_1790176426922_e4w61s","view",1,62,"2026-08-19T23:57:39.735Z"
"int_1790176426922_yb1lb415c","6a833398cee036cbf121a887","68c5583b9869e837e80cea8e","sess_explore_1790176426922_50ha6y","view",1,33,"2026-08-20T00:16:49.639Z"
"int_1790176426544_hmzedkq68","6a833393cee036cbf121a843","68c5583b9869e837e80ce9ab","sess_1790176426542_4eox2kk","view",1,175,"2026-08-20T00:30:23.739Z"
"int_1790176426544_9dea5xiny","6a833393cee036cbf121a843","68c5583b9869e837e80cea8a","sess_1790176426542_4eox2kk","view",1,98,"2026-08-20T00:30:23.739Z"
"int_1790176426544_344senirv","6a833393cee036cbf121a843","68c5583b9869e837e80cea23","sess_1790176426542_4eox2kk","view",1,109,"2026-08-20T00:30:23.739Z"
"int_1790176426544_vr8oeyipm","6a833393cee036cbf121a843","68c5583b9869e837e80ce9ab","sess_1790176426542_4eox2kk","like",3,0,"2026-08-20T00:30:38.739Z"
"int_1790176426544_wgf8vix7i","6a833393cee036cbf121a843","68c5583b9869e837e80cea23","sess_1790176426542_4eox2kk","like",3,0,"2026-08-20T00:30:38.739Z"
"int_1790176426925_qkerap12d","6a833398cee036cbf121a883","68c5583b9869e837e80ceaf0","sess_explore_1790176426925_jgrmdw","search_click",2,54,"2026-08-20T00:34:38.316Z"
"int_1790176426919_eylaita78","6a833396cee036cbf121a861","68c5583b9869e837e80ce987","sess_explore_1790176426919_uxwdgx","view",1,47,"2026-08-20T00:51:16.279Z"
"int_1790176426919_uons8fnsj","6a833396cee036cbf121a861","68c5583b9869e837e80ce987","sess_explore_1790176426919_uxwdgx","like",3,0,"2026-08-20T00:51:26.279Z"
"int_1790176426920_j0himbzb5","6a833397cee036cbf121a87b","68c5583b9869e837e80ce9db","sess_explore_1790176426920_1aukn7","view",1,26,"2026-08-20T01:41:55.311Z"
"int_1790176426920_qqqe8sip8","6a833397cee036cbf121a87b","68c5583b9869e837e80ce9db","sess_explore_1790176426920_1aukn7","like",3,0,"2026-08-20T01:42:05.311Z"
"int_1790176426419_w1ynr75rg","6a833392cee036cbf121a82b","68c5583b9869e837e80ce9dc","sess_1790176426416_2kh5bq0","view",1,36,"2026-08-20T01:44:33.031Z"
"int_1790176426419_j2ar9ygqj","6a833392cee036cbf121a82b","68c5583b9869e837e80cea69","sess_1790176426416_2kh5bq0","view",1,130,"2026-08-20T01:44:33.031Z"
"int_1790176426419_rntrt042p","6a833392cee036cbf121a82b","68c5583b9869e837e80ce99e","sess_1790176426416_2kh5bq0","view",1,65,"2026-08-20T01:44:33.031Z"
"int_1790176426419_dbh15xz82","6a833392cee036cbf121a82b","68c5583b9869e837e80ce99e","sess_1790176426416_2kh5bq0","like",3,0,"2026-08-20T01:44:48.031Z"
"int_1790176426419_fhozweahq","6a833392cee036cbf121a82b","68c5583b9869e837e80cea69","sess_1790176426416_2kh5bq0","add_to_cart",5,0,"2026-08-20T01:45:08.031Z"
"int_1790176426419_9fqluifmr","6a833392cee036cbf121a82b","68c5583b9869e837e80ce99e","sess_1790176426416_2kh5bq0","add_to_cart",5,0,"2026-08-20T01:45:08.031Z"
"int_1790176426922_njaur7ttx","6a833394cee036cbf121a849","68c5583b9869e837e80ceaaa","sess_explore_1790176426922_mha6pk","search_click",2,53,"2026-08-20T02:40:01.331Z"
"int_1790176426920_95dvtcx2z","6a27ed55b6d7638a2acaa654","68c5583b9869e837e80cea2a","sess_explore_1790176426920_89974d","view",1,35,"2026-08-20T03:06:41.856Z"
"int_1790176426920_ru2wd7s87","6a27ed55b6d7638a2acaa654","68c5583b9869e837e80cea2a","sess_explore_1790176426920_89974d","like",3,0,"2026-08-20T03:06:51.856Z"
"int_1790176426481_f9rk169xf","6a833393cee036cbf121a839","68c5583b9869e837e80ce9fb","sess_1790176426480_v3s9y0h","view",1,97,"2026-08-20T03:43:48.169Z"
"int_1790176426481_nazfvmgke","6a833393cee036cbf121a839","68c5583b9869e837e80ce9e8","sess_1790176426480_v3s9y0h","view",1,107,"2026-08-20T03:43:48.169Z"
"int_1790176426481_eo2otuxqa","6a833393cee036cbf121a839","68c5583b9869e837e80ce97f","sess_1790176426480_v3s9y0h","view",1,70,"2026-08-20T03:43:48.169Z"
"int_1790176426481_qks9p9m8p","6a833393cee036cbf121a839","68c5583b9869e837e80ce98c","sess_1790176426480_v3s9y0h","view",1,158,"2026-08-20T03:43:48.169Z"
"int_1790176426481_wfcrb0pnf","6a833393cee036cbf121a839","68c5583b9869e837e80ce97f","sess_1790176426480_v3s9y0h","like",3,0,"2026-08-20T03:44:03.169Z"
"int_1790176426481_mliedje8j","6a833393cee036cbf121a839","68c5583b9869e837e80ce9fb","sess_1790176426480_v3s9y0h","add_to_cart",5,0,"2026-08-20T03:44:23.169Z"
"int_1790176426922_3p5d0rxdp","6a833394cee036cbf121a845","68c5583b9869e837e80ceaa3","sess_explore_1790176426922_8bc817","view",1,74,"2026-08-20T04:12:56.307Z"
"int_1790176426922_7ekqm37wu","6a833394cee036cbf121a845","68c5583b9869e837e80ceaa3","sess_explore_1790176426922_8bc817","like",3,0,"2026-08-20T04:13:06.307Z"
"int_1790176426921_oa44g82fv","6a833397cee036cbf121a875","68c5583b9869e837e80cea6f","sess_explore_1790176426921_amuwd3","search_click",2,78,"2026-08-20T04:54:38.372Z"
"int_1790176426921_0xa5082zo","6a833397cee036cbf121a875","68c5583b9869e837e80cea6f","sess_explore_1790176426921_amuwd3","like",3,0,"2026-08-20T04:54:48.372Z"
"int_1790176426921_e02ouehpf","6a833398cee036cbf121a881","68c5583b9869e837e80cea48","sess_explore_1790176426921_vopzgk","view",1,64,"2026-08-20T05:26:30.614Z"
"int_1790176426921_stnfm9isa","6a833398cee036cbf121a881","68c5583b9869e837e80cea48","sess_explore_1790176426921_vopzgk","like",3,0,"2026-08-20T05:26:40.614Z"
"int_1790176426920_tbawh4jku","6a833395cee036cbf121a85b","68c5583b9869e837e80cea35","sess_explore_1790176426920_ric32w","view",1,25,"2026-08-20T06:01:53.690Z"
"int_1790176426920_1gfd3bkbx","6a833395cee036cbf121a85b","68c5583b9869e837e80cea35","sess_explore_1790176426920_ric32w","like",3,0,"2026-08-20T06:02:03.690Z"
"int_1790176426919_uh6gmkbe4","68e37500fb43e827078c759c","68c5583b9869e837e80ce993","sess_explore_1790176426919_f2fzro","view",1,86,"2026-08-20T07:22:59.694Z"
"int_1790176426593_kt86z4cx3","6a833394cee036cbf121a84d","68c5583b9869e837e80ce9b4","sess_1790176426589_r6xardz","view",1,138,"2026-08-20T07:26:15.647Z"
"int_1790176426593_nnw332iin","6a833394cee036cbf121a84d","68c5583b9869e837e80ce97c","sess_1790176426589_r6xardz","view",1,117,"2026-08-20T07:26:15.647Z"
"int_1790176426593_nacdoso9g","6a833394cee036cbf121a84d","68c5583b9869e837e80cea7e","sess_1790176426589_r6xardz","view",1,30,"2026-08-20T07:26:15.647Z"
"int_1790176426593_xb728dn5b","6a833394cee036cbf121a84d","68c5583b9869e837e80ceaac","sess_1790176426589_r6xardz","view",1,29,"2026-08-20T07:26:15.647Z"
"int_1790176426593_ynf83g6gd","6a833394cee036cbf121a84d","68c5583b9869e837e80ce986","sess_1790176426589_r6xardz","view",1,169,"2026-08-20T07:26:15.647Z"
"int_1790176426593_qzi9hapug","6a833394cee036cbf121a84d","68c5583b9869e837e80ce9b4","sess_1790176426589_r6xardz","like",3,0,"2026-08-20T07:26:30.647Z"
"int_1790176426593_o3j9y57iq","6a833394cee036cbf121a84d","68c5583b9869e837e80ce97c","sess_1790176426589_r6xardz","like",3,0,"2026-08-20T07:26:30.647Z"
"int_1790176426593_zlsbhn29n","6a833394cee036cbf121a84d","68c5583b9869e837e80ce97c","sess_1790176426589_r6xardz","add_to_cart",5,0,"2026-08-20T07:26:50.647Z"
"int_1790176426593_h2mlr2ve6","6a833394cee036cbf121a84d","68c5583b9869e837e80ce986","sess_1790176426589_r6xardz","add_to_cart",5,0,"2026-08-20T07:26:50.647Z"
"int_1790176426919_2j79ha6ix","6914018db8d9d9ea54857a42","68c5583b9869e837e80ce9bd","sess_explore_1790176426919_hlmugd","view",1,61,"2026-08-20T08:10:54.853Z"
"int_1790176426924_io6y9sjfe","6a833395cee036cbf121a85b","68c5583b9869e837e80cead5","sess_explore_1790176426924_a313fh","search_click",2,70,"2026-08-20T08:40:58.063Z"
"int_1790176426924_lpomn2qn3","6a833395cee036cbf121a85b","68c5583b9869e837e80cead5","sess_explore_1790176426924_a313fh","like",3,0,"2026-08-20T08:41:08.063Z"
"int_1790176426920_93crxpxgp","6a833396cee036cbf121a861","68c5583b9869e837e80cea2a","sess_explore_1790176426920_89ulpb","search_click",2,47,"2026-08-20T09:07:37.568Z"
"int_1790176426920_t8v5yyiob","6a833396cee036cbf121a861","68c5583b9869e837e80cea2a","sess_explore_1790176426920_89ulpb","like",3,0,"2026-08-20T09:07:47.568Z"
"int_1790176426925_bix50pl0e","6a833394cee036cbf121a849","68c5583b9869e837e80ceaf0","sess_explore_1790176426925_ddg7kb","view",1,28,"2026-08-20T09:34:01.426Z"
"int_1790176426921_fpojlfc5q","6a833398cee036cbf121a883","68c5583b9869e837e80cea47","sess_explore_1790176426921_rmwavo","search_click",2,59,"2026-08-20T09:48:00.529Z"
"int_1790176426919_n8cek901q","6914018db8d9d9ea54857a42","68c5583b9869e837e80ce9a3","sess_explore_1790176426919_3yjozn","view",1,53,"2026-08-20T11:51:17.047Z"
"int_1790176426919_n66ygvw1i","6914018db8d9d9ea54857a42","68c5583b9869e837e80ce9a3","sess_explore_1790176426919_3yjozn","like",3,0,"2026-08-20T11:51:27.047Z"
"int_1790176426925_6qryucppc","6a833392cee036cbf121a827","68c5583b9869e837e80ceaf3","sess_explore_1790176426925_x9o3ut","search_click",2,67,"2026-08-20T14:06:44.352Z"
"int_1790176426925_mkxii7hwk","6a833392cee036cbf121a827","68c5583b9869e837e80ceaf3","sess_explore_1790176426925_x9o3ut","like",3,0,"2026-08-20T14:06:54.352Z"
"int_1790176426922_153qpxocq","6a833396cee036cbf121a86f","68c5583b9869e837e80ceab4","sess_explore_1790176426922_q9sicc","view",1,26,"2026-08-20T14:34:31.715Z"
"int_1790176426919_zc0vm7dol","6a833397cee036cbf121a87b","68c5583b9869e837e80ce9c6","sess_explore_1790176426919_8r6phs","view",1,29,"2026-08-20T15:41:06.051Z"
"int_1790176426655_mzm2kn65r","6a833395cee036cbf121a855","68c5583b9869e837e80ce9a4","sess_1790176426654_46phy1z","view",1,153,"2026-08-20T15:48:39.555Z"
"int_1790176426655_stn8zhl9q","6a833395cee036cbf121a855","68c5583b9869e837e80ceabf","sess_1790176426654_46phy1z","view",1,27,"2026-08-20T15:48:39.555Z"
"int_1790176426655_729y87g7x","6a833395cee036cbf121a855","68c5583b9869e837e80ceb00","sess_1790176426654_46phy1z","view",1,70,"2026-08-20T15:48:39.555Z"
"int_1790176426655_e6xn7uq17","6a833395cee036cbf121a855","68c5583b9869e837e80ceaa6","sess_1790176426654_46phy1z","view",1,167,"2026-08-20T15:48:39.555Z"
"int_1790176426655_3kehxe2tk","6a833395cee036cbf121a855","68c5583b9869e837e80ceaa6","sess_1790176426654_46phy1z","like",3,0,"2026-08-20T15:48:54.555Z"
"int_1790176426919_4biy7zei1","6a833394cee036cbf121a84f","68c5583b9869e837e80ce9c4","sess_explore_1790176426919_wr5wy6","view",1,26,"2026-08-20T16:42:58.833Z"
"int_1790176426923_7voep1fzm","6a833397cee036cbf121a87d","68c5583b9869e837e80ceac6","sess_explore_1790176426923_bdo9c5","search_click",2,47,"2026-08-20T17:20:08.901Z"
"int_1790176426903_6u0gz72om","6a833398cee036cbf121a885","68c5583b9869e837e80ce988","sess_1790176426902_kyu1rf4","view",1,74,"2026-08-20T17:39:30.840Z"
"int_1790176426903_fmi52jeln","6a833398cee036cbf121a885","68c5583b9869e837e80ce99a","sess_1790176426902_kyu1rf4","view",1,112,"2026-08-20T17:39:30.840Z"
"int_1790176426903_ncjeiju57","6a833398cee036cbf121a885","68c5583b9869e837e80ce996","sess_1790176426902_kyu1rf4","view",1,64,"2026-08-20T17:39:30.840Z"
"int_1790176426903_uapz8m6kp","6a833398cee036cbf121a885","68c5583b9869e837e80ce997","sess_1790176426902_kyu1rf4","view",1,48,"2026-08-20T17:39:30.840Z"
"int_1790176426903_hd3e170q1","6a833398cee036cbf121a885","68c5583b9869e837e80ce996","sess_1790176426902_kyu1rf4","add_to_cart",5,0,"2026-08-20T17:40:05.840Z"
"int_1790176426925_mf19q63jg","6a833398cee036cbf121a883","68c5583b9869e837e80ceaeb","sess_explore_1790176426925_0f8hfe","view",1,48,"2026-08-20T18:30:26.837Z"
"int_1790176426924_eofo7w29b","6a833396cee036cbf121a861","68c5583b9869e837e80cead9","sess_explore_1790176426924_l1z2d4","search_click",2,82,"2026-08-20T18:48:43.908Z"
"int_1790176426693_tlwfjx6ix","6a833395cee036cbf121a85f","68c5583b9869e837e80cea59","sess_1790176426691_z348wzp","view",1,120,"2026-08-20T19:58:55.509Z"
"int_1790176426693_u8zxcaidl","6a833395cee036cbf121a85f","68c5583b9869e837e80cea7a","sess_1790176426691_z348wzp","view",1,104,"2026-08-20T19:58:55.509Z"
"int_1790176426693_quitlt9f5","6a833395cee036cbf121a85f","68c5583b9869e837e80ce983","sess_1790176426691_z348wzp","view",1,172,"2026-08-20T19:58:55.509Z"
"int_1790176426693_81zmmd3m9","6a833395cee036cbf121a85f","68c5583b9869e837e80cea59","sess_1790176426691_z348wzp","like",3,0,"2026-08-20T19:59:10.509Z"
"int_1790176426693_46cmc2rul","6a833395cee036cbf121a85f","68c5583b9869e837e80cea7a","sess_1790176426691_z348wzp","like",3,0,"2026-08-20T19:59:10.509Z"
"int_1790176426693_lkjvpo8dl","6a833395cee036cbf121a85f","68c5583b9869e837e80ce983","sess_1790176426691_z348wzp","like",3,0,"2026-08-20T19:59:10.509Z"
"int_1790176426693_9cuuowi7q","6a833395cee036cbf121a85f","68c5583b9869e837e80cea7a","sess_1790176426691_z348wzp","add_to_cart",5,0,"2026-08-20T19:59:30.509Z"
"int_1790176426923_zqsnjnka7","6a7fc9164585d7fd0f495064","68c5583b9869e837e80ceacf","sess_explore_1790176426923_7bdgnt","search_click",2,59,"2026-08-20T21:54:44.893Z"
"int_1790176426923_asfbqcrby","6a7fc9164585d7fd0f495064","68c5583b9869e837e80ceacf","sess_explore_1790176426923_7bdgnt","like",3,0,"2026-08-20T21:54:54.893Z"
"int_1790176426897_rlhwso10y","6a833398cee036cbf121a883","68c5583b9869e837e80cea7a","sess_1790176426894_c5c9r9s","view",1,100,"2026-08-21T00:05:00.464Z"
"int_1790176426897_wgdz1do88","6a833398cee036cbf121a883","68c5583b9869e837e80ce99d","sess_1790176426894_c5c9r9s","view",1,136,"2026-08-21T00:05:00.464Z"
"int_1790176426897_g342jzr7z","6a833398cee036cbf121a883","68c5583b9869e837e80cea2d","sess_1790176426894_c5c9r9s","view",1,94,"2026-08-21T00:05:00.464Z"
"int_1790176426897_8e5eua6pb","6a833398cee036cbf121a883","68c5583b9869e837e80ce99d","sess_1790176426894_c5c9r9s","add_to_cart",5,0,"2026-08-21T00:05:35.464Z"
"int_1790176426897_6equoo8vy","6a833398cee036cbf121a883","68c5583b9869e837e80cea2d","sess_1790176426894_c5c9r9s","add_to_cart",5,0,"2026-08-21T00:05:35.464Z"
"int_1790176426897_j2wzt9f73","6a833398cee036cbf121a883","68c5583b9869e837e80ce99d","sess_1790176426894_c5c9r9s","purchase",10,0,"2026-08-21T00:06:00.464Z"
"int_1790176426921_yeyxx1r8s","6a833394cee036cbf121a847","68c5583b9869e837e80cea6a","sess_explore_1790176426921_yh4by7","search_click",2,47,"2026-08-21T00:58:22.532Z"
"int_1790176426804_13nufw7xc","6a833397cee036cbf121a873","68c5583b9869e837e80cea7a","sess_1790176426802_ctj2ymx","view",1,120,"2026-08-21T01:05:54.790Z"
"int_1790176426804_ztfbea0b5","6a833397cee036cbf121a873","68c5583b9869e837e80cea79","sess_1790176426802_ctj2ymx","view",1,73,"2026-08-21T01:05:54.790Z"
"int_1790176426804_iwfp24ed6","6a833397cee036cbf121a873","68c5583b9869e837e80cea9a","sess_1790176426802_ctj2ymx","view",1,93,"2026-08-21T01:05:54.790Z"
"int_1790176426804_zcvzm5wdo","6a833397cee036cbf121a873","68c5583b9869e837e80cea7a","sess_1790176426802_ctj2ymx","like",3,0,"2026-08-21T01:06:09.790Z"
"int_1790176426804_c1bz02kqn","6a833397cee036cbf121a873","68c5583b9869e837e80cea9a","sess_1790176426802_ctj2ymx","add_to_cart",5,0,"2026-08-21T01:06:29.790Z"
"int_1790176426919_ik1vnpbtq","6a833392cee036cbf121a829","68c5583b9869e837e80ce981","sess_explore_1790176426919_nhzt6c","view",1,57,"2026-08-21T01:33:46.366Z"
"int_1790176426919_l7m3dlkc4","6a833392cee036cbf121a829","68c5583b9869e837e80ce981","sess_explore_1790176426919_nhzt6c","like",3,0,"2026-08-21T01:33:56.366Z"
"int_1790176426781_9nd4t64gt","6a833396cee036cbf121a86f","68c5583b9869e837e80cea0f","sess_1790176426779_tf1jul8","view",1,130,"2026-08-21T02:19:16.278Z"
"int_1790176426781_su858djvk","6a833396cee036cbf121a86f","68c5583b9869e837e80cea00","sess_1790176426779_tf1jul8","view",1,116,"2026-08-21T02:19:16.278Z"
"int_1790176426781_c7yqzva3l","6a833396cee036cbf121a86f","68c5583b9869e837e80cea70","sess_1790176426779_tf1jul8","view",1,137,"2026-08-21T02:19:16.278Z"
"int_1790176426781_r6mc7nfh2","6a833396cee036cbf121a86f","68c5583b9869e837e80cea25","sess_1790176426779_tf1jul8","view",1,34,"2026-08-21T02:19:16.278Z"
"int_1790176426781_ygsrtgzz2","6a833396cee036cbf121a86f","68c5583b9869e837e80cea70","sess_1790176426779_tf1jul8","like",3,0,"2026-08-21T02:19:31.278Z"
"int_1790176426921_ghdhi67qm","6a833396cee036cbf121a867","68c5583b9869e837e80cea6d","sess_explore_1790176426921_4r3x2y","view",1,75,"2026-08-21T02:45:50.093Z"
"int_1790176426919_walmzlynb","6a833397cee036cbf121a87d","68c5583b9869e837e80ce9bd","sess_explore_1790176426919_owflk8","view",1,42,"2026-08-21T03:46:49.131Z"
"int_1790176426921_foaszj6ra","6a833397cee036cbf121a879","68c5583b9869e837e80cea6f","sess_explore_1790176426921_fttdwe","view",1,50,"2026-08-21T04:39:51.651Z"
"int_1790176426548_blmf5urip","6a833393cee036cbf121a843","68c5583b9869e837e80ce9a9","sess_1790176426547_8wr99ra","view",1,26,"2026-08-21T05:36:10.460Z"
"int_1790176426548_hmizlclrt","6a833393cee036cbf121a843","68c5583b9869e837e80cea15","sess_1790176426547_8wr99ra","view",1,43,"2026-08-21T05:36:10.460Z"
"int_1790176426548_5k29pythn","6a833393cee036cbf121a843","68c5583b9869e837e80ceab2","sess_1790176426547_8wr99ra","view",1,24,"2026-08-21T05:36:10.460Z"
"int_1790176426548_i1h9p4eyf","6a833393cee036cbf121a843","68c5583b9869e837e80ceab2","sess_1790176426547_8wr99ra","like",3,0,"2026-08-21T05:36:25.460Z"
"int_1790176426548_7p9dzduua","6a833393cee036cbf121a843","68c5583b9869e837e80ce9a9","sess_1790176426547_8wr99ra","add_to_cart",5,0,"2026-08-21T05:36:45.460Z"
"int_1790176426548_10xb2uzpn","6a833393cee036cbf121a843","68c5583b9869e837e80ceab2","sess_1790176426547_8wr99ra","add_to_cart",5,0,"2026-08-21T05:36:45.460Z"
"int_1790176426921_brcc6ffi6","6a833395cee036cbf121a85b","68c5583b9869e837e80cea59","sess_explore_1790176426921_ouxru8","search_click",2,27,"2026-08-21T05:56:42.154Z"
"int_1790176426919_okfcviz0t","68e5331e5186f04dcdf2e9f6","68c5583b9869e837e80ce9d4","sess_explore_1790176426919_yrnm4j","search_click",2,27,"2026-08-21T08:58:54.282Z"
"int_1790176426925_ylj4mn0pu","6a7fc9164585d7fd0f495064","68c5583b9869e837e80ceaf7","sess_explore_1790176426925_en44jj","view",1,47,"2026-08-21T09:30:38.627Z"
"int_1790176426920_f8o9g9k39","6a833393cee036cbf121a841","68c5583b9869e837e80cea2b","sess_explore_1790176426920_qyy0dt","view",1,78,"2026-08-21T10:01:03.585Z"
"int_1790176426919_er836rriv","6a833395cee036cbf121a85b","68c5583b9869e837e80ce9d3","sess_explore_1790176426919_3qeyfg","search_click",2,70,"2026-08-21T10:30:12.639Z"
"int_1790176426925_h01rwl40e","6a833397cee036cbf121a87d","68c5583b9869e837e80ceaea","sess_explore_1790176426925_hvgn4w","search_click",2,87,"2026-08-21T11:31:47.268Z"
"int_1790176426925_a1jz0x7gm","6a833397cee036cbf121a87d","68c5583b9869e837e80ceaea","sess_explore_1790176426925_hvgn4w","like",3,0,"2026-08-21T11:31:57.268Z"
"int_1790176426922_npq484j23","6a833397cee036cbf121a871","68c5583b9869e837e80ceabc","sess_explore_1790176426922_oklgv4","view",1,79,"2026-08-21T12:19:15.009Z"
"int_1790176426922_192ggfeok","68e5331e5186f04dcdf2e9f6","68c5583b9869e837e80cea89","sess_explore_1790176426922_74olam","view",1,30,"2026-08-21T13:12:59.582Z"
"int_1790176426920_ct31h354a","6a833397cee036cbf121a873","68c5583b9869e837e80cea0c","sess_explore_1790176426920_9jpj65","search_click",2,55,"2026-08-21T13:43:27.979Z"
"int_1790176426919_mrrbo053t","6a833396cee036cbf121a869","68c5583b9869e837e80ce991","sess_explore_1790176426919_d2lt83","view",1,32,"2026-08-21T14:33:02.086Z"
"int_1790176426606_wna5j8jt6","6a833394cee036cbf121a84d","68c5583b9869e837e80ce9a6","sess_1790176426604_l641bxq","view",1,31,"2026-08-21T14:42:45.556Z"
"int_1790176426606_lwwdt6eoz","6a833394cee036cbf121a84d","68c5583b9869e837e80ceaf9","sess_1790176426604_l641bxq","view",1,129,"2026-08-21T14:42:45.556Z"
"int_1790176426606_mhrtdjulq","6a833394cee036cbf121a84d","68c5583b9869e837e80ceaba","sess_1790176426604_l641bxq","view",1,79,"2026-08-21T14:42:45.556Z"
"int_1790176426606_m8xjsnurb","6a833394cee036cbf121a84d","68c5583b9869e837e80ce9a6","sess_1790176426604_l641bxq","like",3,0,"2026-08-21T14:43:00.556Z"
"int_1790176426606_qovlcmy7x","6a833394cee036cbf121a84d","68c5583b9869e837e80ceaf9","sess_1790176426604_l641bxq","like",3,0,"2026-08-21T14:43:00.556Z"
"int_1790176426919_jflukhp2s","6a833397cee036cbf121a87b","68c5583b9869e837e80ce9b3","sess_explore_1790176426919_2yg5jb","search_click",2,83,"2026-08-21T15:28:35.406Z"
"int_1790176426921_jn9wxgp6z","6a833393cee036cbf121a835","68c5583b9869e837e80cea52","sess_explore_1790176426921_z83nti","search_click",2,60,"2026-08-21T15:49:32.904Z"
"int_1790176426768_todv5nokz","6a833396cee036cbf121a86d","68c5583b9869e837e80ce994","sess_1790176426765_mt7peou","view",1,147,"2026-08-21T17:09:00.288Z"
"int_1790176426768_dsvxjkt6e","6a833396cee036cbf121a86d","68c5583b9869e837e80ceafe","sess_1790176426765_mt7peou","view",1,31,"2026-08-21T17:09:00.288Z"
"int_1790176426768_m9jqt6ccj","6a833396cee036cbf121a86d","68c5583b9869e837e80ce9e9","sess_1790176426765_mt7peou","view",1,104,"2026-08-21T17:09:00.288Z"
"int_1790176426768_4zdu6bq08","6a833396cee036cbf121a86d","68c5583b9869e837e80ce994","sess_1790176426765_mt7peou","like",3,0,"2026-08-21T17:09:15.288Z"
"int_1790176426768_sizigk7bs","6a833396cee036cbf121a86d","68c5583b9869e837e80ceafe","sess_1790176426765_mt7peou","add_to_cart",5,0,"2026-08-21T17:09:35.288Z"
"int_1790176426923_oarpio3ov","6a833397cee036cbf121a875","68c5583b9869e837e80ceac1","sess_explore_1790176426923_ohivsl","search_click",2,83,"2026-08-21T18:27:50.638Z"
"int_1790176426924_rq2uaslhg","6a833392cee036cbf121a829","68c5583b9869e837e80cead6","sess_explore_1790176426924_l2vj29","view",1,33,"2026-08-21T18:55:26.094Z"
"int_1790176426924_cpbp5h14b","6a833392cee036cbf121a829","68c5583b9869e837e80cead6","sess_explore_1790176426924_l2vj29","like",3,0,"2026-08-21T18:55:36.094Z"
"int_1790176426921_dypsg0a2e","6a833397cee036cbf121a877","68c5583b9869e837e80cea75","sess_explore_1790176426921_9rpsvv","search_click",2,57,"2026-08-21T21:34:55.697Z"
"int_1790176426921_i0juyqkco","6a833397cee036cbf121a877","68c5583b9869e837e80cea75","sess_explore_1790176426921_9rpsvv","like",3,0,"2026-08-21T21:35:05.697Z"
"int_1790176426921_4zmyfvh9e","6a833394cee036cbf121a845","68c5583b9869e837e80cea38","sess_explore_1790176426921_gl4zx9","search_click",2,60,"2026-08-21T22:06:15.681Z"
"int_1790176426920_4yw97l5xz","68e37500fb43e827078c759c","68c5583b9869e837e80cea32","sess_explore_1790176426920_nqhdei","search_click",2,34,"2026-08-21T22:20:04.761Z"
"int_1790176426922_ikq9n9bb9","6a833394cee036cbf121a845","68c5583b9869e837e80cea84","sess_explore_1790176426922_k9i72u","view",1,87,"2026-08-21T22:45:32.145Z"
"int_1790176426922_hjslr0n8j","6a833392cee036cbf121a827","68c5583b9869e837e80ceaa3","sess_explore_1790176426922_e7hg92","search_click",2,52,"2026-08-21T23:57:12.810Z"
"int_1790176426923_bmse607p1","6a833396cee036cbf121a86b","68c5583b9869e837e80ceac6","sess_explore_1790176426923_3yotyd","search_click",2,81,"2026-08-22T00:07:25.293Z"
"int_1790176426923_5749ini4r","6a833396cee036cbf121a86b","68c5583b9869e837e80ceac6","sess_explore_1790176426923_3yotyd","like",3,0,"2026-08-22T00:07:35.293Z"
"int_1790176426318_4ax7self0","6914018db8d9d9ea54857a42","68c5583b9869e837e80ce9f3","sess_1790176426314_wgy11xm","view",1,160,"2026-08-22T01:40:39.766Z"
"int_1790176426319_nocnvx98p","6914018db8d9d9ea54857a42","68c5583b9869e837e80ce9b9","sess_1790176426314_wgy11xm","view",1,109,"2026-08-22T01:40:39.766Z"
"int_1790176426319_u8twqafhp","6914018db8d9d9ea54857a42","68c5583b9869e837e80ce99f","sess_1790176426314_wgy11xm","view",1,143,"2026-08-22T01:40:39.766Z"
"int_1790176426319_fae9kjfqs","6914018db8d9d9ea54857a42","68c5583b9869e837e80ce9c1","sess_1790176426314_wgy11xm","view",1,130,"2026-08-22T01:40:39.766Z"
"int_1790176426319_dy2axf1ox","6914018db8d9d9ea54857a42","68c5583b9869e837e80ce9f3","sess_1790176426314_wgy11xm","like",3,0,"2026-08-22T01:40:54.766Z"
"int_1790176426319_0a9fwp92a","6914018db8d9d9ea54857a42","68c5583b9869e837e80ce9b9","sess_1790176426314_wgy11xm","like",3,0,"2026-08-22T01:40:54.766Z"
"int_1790176426319_tx71jxvph","6914018db8d9d9ea54857a42","68c5583b9869e837e80ce9b9","sess_1790176426314_wgy11xm","add_to_cart",5,0,"2026-08-22T01:41:14.766Z"
"int_1790176426319_2zzn17r2q","6914018db8d9d9ea54857a42","68c5583b9869e837e80ce9b9","sess_1790176426314_wgy11xm","purchase",10,0,"2026-08-22T01:41:39.766Z"
"int_1790176426925_7dg536h89","6a833391cee036cbf121a825","68c5583b9869e837e80ceb02","sess_explore_1790176426925_tmlkzi","view",1,81,"2026-08-22T02:03:14.282Z"
"int_1790176426925_bg227s6u7","6a833391cee036cbf121a825","68c5583b9869e837e80ceb02","sess_explore_1790176426925_tmlkzi","like",3,0,"2026-08-22T02:03:24.282Z"
"int_1790176426922_qheneheru","6a833397cee036cbf121a877","68c5583b9869e837e80cea84","sess_explore_1790176426922_z06liz","view",1,71,"2026-08-22T03:30:24.396Z"
"int_1790176426922_bvwuvksbb","6a833397cee036cbf121a877","68c5583b9869e837e80cea84","sess_explore_1790176426922_z06liz","like",3,0,"2026-08-22T03:30:34.396Z"
"int_1790176426855_bpqw4d8a5","6a833397cee036cbf121a87d","68c5583b9869e837e80cea40","sess_1790176426853_hh7pjz4","view",1,136,"2026-08-22T05:11:47.915Z"
"int_1790176426855_ddj0gdidr","6a833397cee036cbf121a87d","68c5583b9869e837e80ceafe","sess_1790176426853_hh7pjz4","view",1,148,"2026-08-22T05:11:47.915Z"
"int_1790176426855_1w5fvrtqu","6a833397cee036cbf121a87d","68c5583b9869e837e80ce9a4","sess_1790176426853_hh7pjz4","view",1,180,"2026-08-22T05:11:47.915Z"
"int_1790176426855_vy18386dj","6a833397cee036cbf121a87d","68c5583b9869e837e80cea96","sess_1790176426853_hh7pjz4","view",1,73,"2026-08-22T05:11:47.915Z"
"int_1790176426855_hb8lgkqa1","6a833397cee036cbf121a87d","68c5583b9869e837e80ce9ee","sess_1790176426853_hh7pjz4","view",1,162,"2026-08-22T05:11:47.915Z"
"int_1790176426855_tzvq6kzd1","6a833397cee036cbf121a87d","68c5583b9869e837e80cea96","sess_1790176426853_hh7pjz4","like",3,0,"2026-08-22T05:12:02.915Z"
"int_1790176426855_dpp032k71","6a833397cee036cbf121a87d","68c5583b9869e837e80cea40","sess_1790176426853_hh7pjz4","add_to_cart",5,0,"2026-08-22T05:12:22.915Z"
"int_1790176426855_v6jj3gutz","6a833397cee036cbf121a87d","68c5583b9869e837e80cea96","sess_1790176426853_hh7pjz4","add_to_cart",5,0,"2026-08-22T05:12:22.915Z"
"int_1790176426923_o1sm9by5b","6a27ed55b6d7638a2acaa654","68c5583b9869e837e80ceacd","sess_explore_1790176426923_ns55fa","view",1,40,"2026-08-22T05:27:54.027Z"
"int_1790176426461_cb78qdb0h","6a833392cee036cbf121a831","68c5583b9869e837e80cea14","sess_1790176426460_gtb7r7o","view",1,83,"2026-08-22T06:16:38.207Z"
"int_1790176426461_pty95shcq","6a833392cee036cbf121a831","68c5583b9869e837e80ce989","sess_1790176426460_gtb7r7o","view",1,158,"2026-08-22T06:16:38.207Z"
"int_1790176426461_5ig6ierm5","6a833392cee036cbf121a831","68c5583b9869e837e80ce99c","sess_1790176426460_gtb7r7o","view",1,138,"2026-08-22T06:16:38.207Z"
"int_1790176426461_87ulzw7l9","6a833392cee036cbf121a831","68c5583b9869e837e80ce99c","sess_1790176426460_gtb7r7o","add_to_cart",5,0,"2026-08-22T06:17:13.207Z"
"int_1790176426922_hxnez6i06","6a833396cee036cbf121a861","68c5583b9869e837e80cea97","sess_explore_1790176426922_7jlbrk","search_click",2,77,"2026-08-22T08:17:42.319Z"
"int_1790176426922_2sec45ha0","6a833396cee036cbf121a861","68c5583b9869e837e80cea97","sess_explore_1790176426922_7jlbrk","like",3,0,"2026-08-22T08:17:52.319Z"
"int_1790176426924_jnsp1eq2h","6a833393cee036cbf121a837","68c5583b9869e837e80cead6","sess_explore_1790176426924_8yvkea","view",1,89,"2026-08-22T08:29:10.642Z"
"int_1790176426921_n5102jxfr","6a833396cee036cbf121a867","68c5583b9869e837e80cea47","sess_explore_1790176426921_6lamfc","view",1,44,"2026-08-22T08:31:30.683Z"
"int_1790176426921_6tio5ct8m","6a833396cee036cbf121a867","68c5583b9869e837e80cea47","sess_explore_1790176426921_6lamfc","like",3,0,"2026-08-22T08:31:40.683Z"
"int_1790176426924_5wzn4zl3i","6a833395cee036cbf121a859","68c5583b9869e837e80ceae6","sess_explore_1790176426924_9mpnwh","view",1,68,"2026-08-22T08:43:58.045Z"
"int_1790176426713_84qltmkgp","6a833396cee036cbf121a865","68c5583b9869e837e80ceac2","sess_1790176426711_9zbqkum","view",1,106,"2026-08-22T09:44:22.374Z"
"int_1790176426713_tlodxqvjx","6a833396cee036cbf121a865","68c5583b9869e837e80ce9a7","sess_1790176426711_9zbqkum","view",1,135,"2026-08-22T09:44:22.374Z"
"int_1790176426713_6s6fjkf1r","6a833396cee036cbf121a865","68c5583b9869e837e80cea06","sess_1790176426711_9zbqkum","view",1,122,"2026-08-22T09:44:22.374Z"
"int_1790176426713_sr0jg4isr","6a833396cee036cbf121a865","68c5583b9869e837e80cea06","sess_1790176426711_9zbqkum","like",3,0,"2026-08-22T09:44:37.374Z"
"int_1790176426415_oh9qxg91g","6a833392cee036cbf121a82b","68c5583b9869e837e80cea29","sess_1790176426413_n6m9u19","view",1,25,"2026-08-22T10:16:39.783Z"
"int_1790176426415_ccp0ci2ux","6a833392cee036cbf121a82b","68c5583b9869e837e80ce9fc","sess_1790176426413_n6m9u19","view",1,97,"2026-08-22T10:16:39.783Z"
"int_1790176426415_yilyuf2rt","6a833392cee036cbf121a82b","68c5583b9869e837e80ce9de","sess_1790176426413_n6m9u19","view",1,81,"2026-08-22T10:16:39.783Z"
"int_1790176426348_v3mrw2z87","68e37500fb43e827078c759c","68c5583b9869e837e80ce9d7","sess_1790176426345_yjqcpp9","view",1,54,"2026-08-22T10:43:59.760Z"
"int_1790176426348_4ddsx613w","68e37500fb43e827078c759c","68c5583b9869e837e80ce99e","sess_1790176426345_yjqcpp9","view",1,20,"2026-08-22T10:43:59.760Z"
"int_1790176426348_6pdfocv4x","68e37500fb43e827078c759c","68c5583b9869e837e80ce9b2","sess_1790176426345_yjqcpp9","view",1,147,"2026-08-22T10:43:59.760Z"
"int_1790176426348_to7pdufem","68e37500fb43e827078c759c","68c5583b9869e837e80cea41","sess_1790176426345_yjqcpp9","view",1,121,"2026-08-22T10:43:59.760Z"
"int_1790176426348_jb0gga72q","68e37500fb43e827078c759c","68c5583b9869e837e80cea28","sess_1790176426345_yjqcpp9","view",1,75,"2026-08-22T10:43:59.760Z"
"int_1790176426348_arr247mtf","68e37500fb43e827078c759c","68c5583b9869e837e80cea41","sess_1790176426345_yjqcpp9","like",3,0,"2026-08-22T10:44:14.760Z"
"int_1790176426348_a2iwma503","68e37500fb43e827078c759c","68c5583b9869e837e80ce9d7","sess_1790176426345_yjqcpp9","add_to_cart",5,0,"2026-08-22T10:44:34.760Z"
"int_1790176426649_v94wk2yey","6a833395cee036cbf121a853","68c5583b9869e837e80cea7a","sess_1790176426647_dtis9au","view",1,150,"2026-08-22T10:48:12.628Z"
"int_1790176426649_hbuhyg5ap","6a833395cee036cbf121a853","68c5583b9869e837e80ce995","sess_1790176426647_dtis9au","view",1,84,"2026-08-22T10:48:12.628Z"
"int_1790176426649_8vys6wtt7","6a833395cee036cbf121a853","68c5583b9869e837e80cea15","sess_1790176426647_dtis9au","view",1,120,"2026-08-22T10:48:12.628Z"
"int_1790176426922_782tm2rpp","6a833395cee036cbf121a857","68c5583b9869e837e80cea89","sess_explore_1790176426922_3zexdy","search_click",2,38,"2026-08-22T11:31:45.892Z"
"int_1790176426922_k5iqtrvjo","6a833395cee036cbf121a857","68c5583b9869e837e80cea89","sess_explore_1790176426922_3zexdy","like",3,0,"2026-08-22T11:31:55.892Z"
"int_1790176426923_iwbtv8kia","6a833396cee036cbf121a861","68c5583b9869e837e80ceacd","sess_explore_1790176426923_3jvci4","view",1,58,"2026-08-22T12:32:29.727Z"
"int_1790176426925_u36xv3c15","6a833395cee036cbf121a857","68c5583b9869e837e80ceaf5","sess_explore_1790176426925_z9nsxe","view",1,29,"2026-08-22T13:00:24.629Z"
"int_1790176426701_zqpsjbmgb","6a833396cee036cbf121a861","68c5583b9869e837e80cea02","sess_1790176426700_g2el7at","view",1,77,"2026-08-22T13:44:39.117Z"
"int_1790176426701_2tzuygcql","6a833396cee036cbf121a861","68c5583b9869e837e80cea14","sess_1790176426700_g2el7at","view",1,143,"2026-08-22T13:44:39.117Z"
"int_1790176426701_zd552xk3h","6a833396cee036cbf121a861","68c5583b9869e837e80cea03","sess_1790176426700_g2el7at","view",1,42,"2026-08-22T13:44:39.117Z"
"int_1790176426701_u99x0j90r","6a833396cee036cbf121a861","68c5583b9869e837e80ce9e2","sess_1790176426700_g2el7at","view",1,76,"2026-08-22T13:44:39.117Z"
"int_1790176426701_ul41rmqyi","6a833396cee036cbf121a861","68c5583b9869e837e80cea02","sess_1790176426700_g2el7at","like",3,0,"2026-08-22T13:44:54.117Z"
"int_1790176426701_9nermwt49","6a833396cee036cbf121a861","68c5583b9869e837e80cea14","sess_1790176426700_g2el7at","like",3,0,"2026-08-22T13:44:54.117Z"
"int_1790176426701_jgwfddjdy","6a833396cee036cbf121a861","68c5583b9869e837e80cea03","sess_1790176426700_g2el7at","like",3,0,"2026-08-22T13:44:54.117Z"
"int_1790176426701_obium5gtf","6a833396cee036cbf121a861","68c5583b9869e837e80ce9e2","sess_1790176426700_g2el7at","like",3,0,"2026-08-22T13:44:54.117Z"
"int_1790176426923_6fky8ucnr","6a833397cee036cbf121a87d","68c5583b9869e837e80ceabe","sess_explore_1790176426923_f0k43q","view",1,49,"2026-08-22T13:51:57.535Z"
"int_1790176426920_z4jftxgtl","6a833392cee036cbf121a831","68c5583b9869e837e80cea2f","sess_explore_1790176426920_423vnk","view",1,66,"2026-08-22T13:54:00.565Z"
"int_1790176426922_83ey42gq6","6a833395cee036cbf121a857","68c5583b9869e837e80ceabd","sess_explore_1790176426922_l3dngv","search_click",2,72,"2026-08-22T14:10:02.721Z"
"int_1790176426924_uqesjfem6","6a833394cee036cbf121a84b","68c5583b9869e837e80cead0","sess_explore_1790176426924_8nrdie","view",1,34,"2026-08-22T17:28:32.502Z"
"int_1790176426837_emgo68cze","6a833397cee036cbf121a879","68c5583b9869e837e80ce9cd","sess_1790176426834_3kc7o9o","view",1,174,"2026-08-22T17:37:56.273Z"
"int_1790176426837_p2annw8um","6a833397cee036cbf121a879","68c5583b9869e837e80cea04","sess_1790176426834_3kc7o9o","view",1,55,"2026-08-22T17:37:56.273Z"
"int_1790176426837_s9tlnpggs","6a833397cee036cbf121a879","68c5583b9869e837e80ce9f4","sess_1790176426834_3kc7o9o","view",1,160,"2026-08-22T17:37:56.273Z"
"int_1790176426837_jov9nyb61","6a833397cee036cbf121a879","68c5583b9869e837e80ce9a0","sess_1790176426834_3kc7o9o","view",1,39,"2026-08-22T17:37:56.273Z"
"int_1790176426837_j3qhgyxtj","6a833397cee036cbf121a879","68c5583b9869e837e80ce9ed","sess_1790176426834_3kc7o9o","view",1,117,"2026-08-22T17:37:56.273Z"
"int_1790176426837_ql0zn0cze","6a833397cee036cbf121a879","68c5583b9869e837e80ce9cd","sess_1790176426834_3kc7o9o","like",3,0,"2026-08-22T17:38:11.273Z"
"int_1790176426837_f8uflmlno","6a833397cee036cbf121a879","68c5583b9869e837e80ce9f4","sess_1790176426834_3kc7o9o","like",3,0,"2026-08-22T17:38:11.273Z"
"int_1790176426837_ud80og5jg","6a833397cee036cbf121a879","68c5583b9869e837e80ce9a0","sess_1790176426834_3kc7o9o","like",3,0,"2026-08-22T17:38:11.273Z"
"int_1790176426837_xgmton9ue","6a833397cee036cbf121a879","68c5583b9869e837e80ce9a0","sess_1790176426834_3kc7o9o","add_to_cart",5,0,"2026-08-22T17:38:31.273Z"
"int_1790176426837_bj2xg339m","6a833397cee036cbf121a879","68c5583b9869e837e80ce9a0","sess_1790176426834_3kc7o9o","purchase",10,0,"2026-08-22T17:38:56.273Z"
"int_1790176426919_gmh5xtsak","6a833394cee036cbf121a845","68c5583b9869e837e80ce9c8","sess_explore_1790176426919_ro1wqp","search_click",2,50,"2026-08-22T18:54:49.004Z"
"int_1790176426508_75lavobc7","6a833393cee036cbf121a83d","68c5583b9869e837e80ce994","sess_1790176426506_deeetzs","view",1,31,"2026-08-22T19:14:41.702Z"
"int_1790176426508_bddeypy6x","6a833393cee036cbf121a83d","68c5583b9869e837e80ce9ee","sess_1790176426506_deeetzs","view",1,89,"2026-08-22T19:14:41.702Z"
"int_1790176426508_lsiiz58lt","6a833393cee036cbf121a83d","68c5583b9869e837e80ce97a","sess_1790176426506_deeetzs","view",1,176,"2026-08-22T19:14:41.702Z"
"int_1790176426508_dxozbalbp","6a833393cee036cbf121a83d","68c5583b9869e837e80cea9b","sess_1790176426506_deeetzs","view",1,89,"2026-08-22T19:14:41.702Z"
"int_1790176426508_klm2ruq1h","6a833393cee036cbf121a83d","68c5583b9869e837e80cea40","sess_1790176426506_deeetzs","view",1,120,"2026-08-22T19:14:41.702Z"
"int_1790176426508_xcfd5tga1","6a833393cee036cbf121a83d","68c5583b9869e837e80ce994","sess_1790176426506_deeetzs","like",3,0,"2026-08-22T19:14:56.702Z"
"int_1790176426508_bcv1udu9w","6a833393cee036cbf121a83d","68c5583b9869e837e80cea40","sess_1790176426506_deeetzs","like",3,0,"2026-08-22T19:14:56.702Z"
"int_1790176426508_axgcd8fb7","6a833393cee036cbf121a83d","68c5583b9869e837e80cea40","sess_1790176426506_deeetzs","add_to_cart",5,0,"2026-08-22T19:15:16.702Z"
"int_1790176426924_ciaobhhec","6a833394cee036cbf121a847","68c5583b9869e837e80cead8","sess_explore_1790176426924_6qzh6p","view",1,59,"2026-08-22T20:23:23.923Z"
"int_1790176426919_2to4y7uy9","6a833396cee036cbf121a865","68c5583b9869e837e80ce9ce","sess_explore_1790176426919_3c7cp1","view",1,42,"2026-08-22T21:49:06.344Z"
"int_1790176426919_70u6vfal9","6a833396cee036cbf121a865","68c5583b9869e837e80ce9ce","sess_explore_1790176426919_3c7cp1","like",3,0,"2026-08-22T21:49:16.344Z"
"int_1790176426920_oyelgb4bk","6a833396cee036cbf121a867","68c5583b9869e837e80cea33","sess_explore_1790176426920_p0a9mm","search_click",2,62,"2026-08-22T21:54:30.663Z"
"int_1790176426920_uq91il4sv","6a833396cee036cbf121a867","68c5583b9869e837e80cea33","sess_explore_1790176426920_p0a9mm","like",3,0,"2026-08-22T21:54:40.663Z"
"int_1790176426920_mmutoyh1v","6a833393cee036cbf121a837","68c5583b9869e837e80cea20","sess_explore_1790176426920_wbazm6","view",1,66,"2026-08-22T22:08:39.852Z"
"int_1790176426919_sdx503jsv","6a833394cee036cbf121a847","68c5583b9869e837e80ce9a1","sess_explore_1790176426919_yqnbh2","search_click",2,70,"2026-08-22T22:18:32.091Z"
"int_1790176426563_0iwwcqxm3","6a833394cee036cbf121a847","68c5583b9869e837e80cea5a","sess_1790176426559_hw70plp","view",1,152,"2026-08-23T01:30:08.394Z"
"int_1790176426563_pjkcv4ten","6a833394cee036cbf121a847","68c5583b9869e837e80cea0b","sess_1790176426559_hw70plp","view",1,90,"2026-08-23T01:30:08.394Z"
"int_1790176426563_emuby1r92","6a833394cee036cbf121a847","68c5583b9869e837e80ce9ea","sess_1790176426559_hw70plp","view",1,45,"2026-08-23T01:30:08.394Z"
"int_1790176426922_ycsfai5ge","6a833396cee036cbf121a867","68c5583b9869e837e80ceaa2","sess_explore_1790176426922_8pafaq","view",1,68,"2026-08-23T01:30:19.133Z"
"int_1790176426563_7gg1t40gg","6a833394cee036cbf121a847","68c5583b9869e837e80ce9ea","sess_1790176426559_hw70plp","like",3,0,"2026-08-23T01:30:23.394Z"
"int_1790176426922_o97ez9nv3","6a833392cee036cbf121a82b","68c5583b9869e837e80cea86","sess_explore_1790176426922_1dvnzx","search_click",2,81,"2026-08-23T02:17:28.696Z"
"int_1790176426919_y1wbfsc4q","6a833398cee036cbf121a883","68c5583b9869e837e80ce9c3","sess_explore_1790176426919_jk4ja5","search_click",2,60,"2026-08-23T02:23:38.560Z"
"int_1790176426925_3j1ktxjjq","6a7fc9164585d7fd0f495064","68c5583b9869e837e80ceb01","sess_explore_1790176426925_lj7gw5","search_click",2,88,"2026-08-23T02:50:55.130Z"
"int_1790176426925_klamgs1wd","6a7fc9164585d7fd0f495064","68c5583b9869e837e80ceb01","sess_explore_1790176426925_lj7gw5","like",3,0,"2026-08-23T02:51:05.130Z"
"int_1790176426919_arzuckfva","6a833392cee036cbf121a829","68c5583b9869e837e80ce9c3","sess_explore_1790176426919_r4bo94","view",1,74,"2026-08-23T03:02:19.111Z"
"int_1790176426922_3uwn4ngry","6a833393cee036cbf121a839","68c5583b9869e837e80cea8b","sess_explore_1790176426922_k0bjti","view",1,48,"2026-08-23T05:09:17.111Z"
"int_1790176426922_crcjuocvz","6a833393cee036cbf121a839","68c5583b9869e837e80cea8b","sess_explore_1790176426922_k0bjti","like",3,0,"2026-08-23T05:09:27.111Z"
"int_1790176426924_1d6vdan07","6a833398cee036cbf121a881","68c5583b9869e837e80ceae5","sess_explore_1790176426924_b59xcd","search_click",2,38,"2026-08-23T05:43:42.504Z"
"int_1790176426923_ny3ga6rjw","6a83085d4d4fb77855083406","68c5583b9869e837e80ceac6","sess_explore_1790176426923_ibh6y2","view",1,44,"2026-08-23T06:51:38.692Z"
"int_1790176426864_4rt7lkdy3","6a833397cee036cbf121a87d","68c5583b9869e837e80cea7f","sess_1790176426862_oiwjgip","view",1,141,"2026-08-23T07:42:36.215Z"
"int_1790176426864_730usckgc","6a833397cee036cbf121a87d","68c5583b9869e837e80ce986","sess_1790176426862_oiwjgip","view",1,133,"2026-08-23T07:42:36.215Z"
"int_1790176426864_2t4jxet0v","6a833397cee036cbf121a87d","68c5583b9869e837e80ce97d","sess_1790176426862_oiwjgip","view",1,149,"2026-08-23T07:42:36.215Z"
"int_1790176426864_8cvweib0e","6a833397cee036cbf121a87d","68c5583b9869e837e80cea19","sess_1790176426862_oiwjgip","view",1,83,"2026-08-23T07:42:36.215Z"
"int_1790176426864_fufog50gk","6a833397cee036cbf121a87d","68c5583b9869e837e80ceaf9","sess_1790176426862_oiwjgip","view",1,140,"2026-08-23T07:42:36.215Z"
"int_1790176426864_iqpns24xv","6a833397cee036cbf121a87d","68c5583b9869e837e80ce986","sess_1790176426862_oiwjgip","like",3,0,"2026-08-23T07:42:51.215Z"
"int_1790176426864_xlcijd5zl","6a833397cee036cbf121a87d","68c5583b9869e837e80cea19","sess_1790176426862_oiwjgip","add_to_cart",5,0,"2026-08-23T07:43:11.215Z"
"int_1790176426450_0lslyp64t","6a833392cee036cbf121a82f","68c5583b9869e837e80cea24","sess_1790176426448_mrw1hho","view",1,25,"2026-08-23T08:34:09.071Z"
"int_1790176426450_bemk6zwdk","6a833392cee036cbf121a82f","68c5583b9869e837e80cea5c","sess_1790176426448_mrw1hho","view",1,141,"2026-08-23T08:34:09.071Z"
"int_1790176426450_nzfiacrhe","6a833392cee036cbf121a82f","68c5583b9869e837e80ce9d5","sess_1790176426448_mrw1hho","view",1,104,"2026-08-23T08:34:09.071Z"
"int_1790176426450_kehutgq49","6a833392cee036cbf121a82f","68c5583b9869e837e80ce9f7","sess_1790176426448_mrw1hho","view",1,46,"2026-08-23T08:34:09.071Z"
"int_1790176426450_wetkbih13","6a833392cee036cbf121a82f","68c5583b9869e837e80cea10","sess_1790176426448_mrw1hho","view",1,56,"2026-08-23T08:34:09.071Z"
"int_1790176426450_gosjdkinq","6a833392cee036cbf121a82f","68c5583b9869e837e80ce9f7","sess_1790176426448_mrw1hho","like",3,0,"2026-08-23T08:34:24.071Z"
"int_1790176426450_a67ftolvm","6a833392cee036cbf121a82f","68c5583b9869e837e80cea24","sess_1790176426448_mrw1hho","add_to_cart",5,0,"2026-08-23T08:34:44.071Z"
"int_1790176426925_ip4y7gsju","6a833393cee036cbf121a83f","68c5583b9869e837e80ceaf2","sess_explore_1790176426925_7gdpxe","view",1,80,"2026-08-23T09:41:19.438Z"
"int_1790176426925_wdjtpynb3","6a833393cee036cbf121a83f","68c5583b9869e837e80ceaf2","sess_explore_1790176426925_7gdpxe","like",3,0,"2026-08-23T09:41:29.438Z"
"int_1790176426920_vaz89gm7s","6a833393cee036cbf121a83d","68c5583b9869e837e80cea2a","sess_explore_1790176426920_hflanc","search_click",2,62,"2026-08-23T09:57:21.273Z"
"int_1790176426919_1gjadax5u","6a833394cee036cbf121a84d","68c5583b9869e837e80ce9d3","sess_explore_1790176426919_kk91zb","view",1,34,"2026-08-23T10:39:34.706Z"
"int_1790176426919_e082c4555","6a833394cee036cbf121a84d","68c5583b9869e837e80ce9d3","sess_explore_1790176426919_kk91zb","like",3,0,"2026-08-23T10:39:44.706Z"
"int_1790176426921_nn4n170iw","6a833398cee036cbf121a883","68c5583b9869e837e80cea4e","sess_explore_1790176426921_n52cqh","view",1,34,"2026-08-23T12:40:56.516Z"
"int_1790176426922_arxhh663n","6a833395cee036cbf121a85f","68c5583b9869e837e80cea91","sess_explore_1790176426922_jspt2o","view",1,88,"2026-08-23T13:10:04.795Z"
"int_1790176426922_7nf16o23f","6a833395cee036cbf121a85f","68c5583b9869e837e80cea91","sess_explore_1790176426922_jspt2o","like",3,0,"2026-08-23T13:10:14.795Z"
"int_1790176426369_b9curk5yk","68e5331e5186f04dcdf2e9f6","68c5583b9869e837e80cea19","sess_1790176426367_zdc2gb2","view",1,152,"2026-08-23T13:38:46.306Z"
"int_1790176426369_5e4kmk63e","68e5331e5186f04dcdf2e9f6","68c5583b9869e837e80ce9e9","sess_1790176426367_zdc2gb2","view",1,134,"2026-08-23T13:38:46.306Z"
"int_1790176426369_qkzh7c2fr","68e5331e5186f04dcdf2e9f6","68c5583b9869e837e80ce980","sess_1790176426367_zdc2gb2","view",1,136,"2026-08-23T13:38:46.306Z"
"int_1790176426369_7bs6rkkar","68e5331e5186f04dcdf2e9f6","68c5583b9869e837e80ce97a","sess_1790176426367_zdc2gb2","view",1,20,"2026-08-23T13:38:46.306Z"
"int_1790176426369_htsotm2j2","68e5331e5186f04dcdf2e9f6","68c5583b9869e837e80ce9e9","sess_1790176426367_zdc2gb2","like",3,0,"2026-08-23T13:39:01.306Z"
"int_1790176426369_uvalqduar","68e5331e5186f04dcdf2e9f6","68c5583b9869e837e80ce980","sess_1790176426367_zdc2gb2","add_to_cart",5,0,"2026-08-23T13:39:21.306Z"
"int_1790176426369_a3vj2q23c","68e5331e5186f04dcdf2e9f6","68c5583b9869e837e80ce980","sess_1790176426367_zdc2gb2","purchase",10,0,"2026-08-23T13:39:46.306Z"
"int_1790176426924_1h6iq3ul1","6a833397cee036cbf121a873","68c5583b9869e837e80cead1","sess_explore_1790176426924_2uehst","view",1,80,"2026-08-23T14:41:48.934Z"
"int_1790176426920_42858mkoz","6a833395cee036cbf121a857","68c5583b9869e837e80cea2b","sess_explore_1790176426920_9nao5p","search_click",2,75,"2026-08-23T15:06:52.200Z"
"int_1790176426925_wkcel0br0","6a833392cee036cbf121a82b","68c5583b9869e837e80ceaff","sess_explore_1790176426925_stt0bm","view",1,26,"2026-08-23T16:05:26.269Z"
"int_1790176426925_wjsftfuvy","6a833392cee036cbf121a82b","68c5583b9869e837e80ceaff","sess_explore_1790176426925_stt0bm","like",3,0,"2026-08-23T16:05:36.269Z"
"int_1790176426919_a4kyfh3zt","6a833392cee036cbf121a82f","68c5583b9869e837e80ce9c6","sess_explore_1790176426919_8hzx51","view",1,72,"2026-08-23T16:08:25.080Z"
"int_1790176426923_kh50r96r5","6a833393cee036cbf121a839","68c5583b9869e837e80ceacd","sess_explore_1790176426923_vjbwx9","search_click",2,79,"2026-08-23T16:34:26.373Z"
"int_1790176426921_wl8wxohwa","6a833395cee036cbf121a85d","68c5583b9869e837e80cea6d","sess_explore_1790176426921_q9mj51","search_click",2,62,"2026-08-23T17:07:05.161Z"
"int_1790176426919_a8iavzl46","6a833397cee036cbf121a87d","68c5583b9869e837e80ce984","sess_explore_1790176426919_7ciljw","search_click",2,73,"2026-08-23T17:51:43.049Z"
"int_1790176426847_x3oxobi46","6a833397cee036cbf121a87b","68c5583b9869e837e80cea2c","sess_1790176426845_slk8puf","view",1,64,"2026-08-23T17:53:36.862Z"
"int_1790176426847_p4b08cbit","6a833397cee036cbf121a87b","68c5583b9869e837e80ce98a","sess_1790176426845_slk8puf","view",1,47,"2026-08-23T17:53:36.862Z"
"int_1790176426847_wshyrs94f","6a833397cee036cbf121a87b","68c5583b9869e837e80cea2c","sess_1790176426845_slk8puf","like",3,0,"2026-08-23T17:53:51.862Z"
"int_1790176426847_kw96rjcw4","6a833397cee036cbf121a87b","68c5583b9869e837e80ce98a","sess_1790176426845_slk8puf","add_to_cart",5,0,"2026-08-23T17:54:11.862Z"
"int_1790176426920_5upa62lr3","6a833395cee036cbf121a85d","68c5583b9869e837e80cea20","sess_explore_1790176426920_pjlrwm","view",1,78,"2026-08-23T18:15:35.214Z"
"int_1790176426920_je6wfv89e","6a833395cee036cbf121a85d","68c5583b9869e837e80cea20","sess_explore_1790176426920_pjlrwm","like",3,0,"2026-08-23T18:15:45.214Z"
"int_1790176426918_px4xoi13f","6a833394cee036cbf121a847","68c5583b9869e837e80ce978","sess_explore_1790176426918_ytx28y","search_click",2,70,"2026-08-23T19:59:02.175Z"
"int_1790176426921_m5fxi7f7e","6a833396cee036cbf121a86d","68c5583b9869e837e80cea3d","sess_explore_1790176426921_s4mbn8","search_click",2,28,"2026-08-23T21:10:49.705Z"
"int_1790176426921_fe553aqqk","6a833396cee036cbf121a86d","68c5583b9869e837e80cea3d","sess_explore_1790176426921_s4mbn8","like",3,0,"2026-08-23T21:10:59.705Z"
"int_1790176426924_49mp5lmwo","6a833398cee036cbf121a881","68c5583b9869e837e80ceae5","sess_explore_1790176426924_fq55b3","view",1,36,"2026-08-23T21:47:54.523Z"
"int_1790176426924_d4kxuoipc","6a833398cee036cbf121a881","68c5583b9869e837e80ceae5","sess_explore_1790176426924_fq55b3","like",3,0,"2026-08-23T21:48:04.523Z"
"int_1790176426363_88n6vryzy","68e5331e5186f04dcdf2e9f6","68c5583b9869e837e80ce9a4","sess_1790176426360_5utp6sr","view",1,115,"2026-08-23T23:29:02.020Z"
"int_1790176426363_mmfofvvxg","68e5331e5186f04dcdf2e9f6","68c5583b9869e837e80cea4d","sess_1790176426360_5utp6sr","view",1,156,"2026-08-23T23:29:02.020Z"
"int_1790176426363_eg2arz5wb","68e5331e5186f04dcdf2e9f6","68c5583b9869e837e80ce97d","sess_1790176426360_5utp6sr","view",1,153,"2026-08-23T23:29:02.020Z"
"int_1790176426363_eeo2n4gfs","68e5331e5186f04dcdf2e9f6","68c5583b9869e837e80ce9a4","sess_1790176426360_5utp6sr","like",3,0,"2026-08-23T23:29:17.020Z"
"int_1790176426363_0uirsnnb9","68e5331e5186f04dcdf2e9f6","68c5583b9869e837e80cea4d","sess_1790176426360_5utp6sr","like",3,0,"2026-08-23T23:29:17.020Z"
"int_1790176426652_d3zoh0me6","6a833395cee036cbf121a853","68c5583b9869e837e80cea03","sess_1790176426650_abq8f6b","view",1,107,"2026-08-23T23:33:34.084Z"
"int_1790176426652_vinpuhw5p","6a833395cee036cbf121a853","68c5583b9869e837e80ce9e2","sess_1790176426650_abq8f6b","view",1,91,"2026-08-23T23:33:34.084Z"
"int_1790176426652_f8p2d4gwk","6a833395cee036cbf121a853","68c5583b9869e837e80ce9e2","sess_1790176426650_abq8f6b","like",3,0,"2026-08-23T23:33:49.084Z"
"int_1790176426652_g4nu742zk","6a833395cee036cbf121a853","68c5583b9869e837e80ce9e2","sess_1790176426650_abq8f6b","add_to_cart",5,0,"2026-08-23T23:34:09.084Z"
"int_1790176426922_yw1sn3c02","6a833391cee036cbf121a825","68c5583b9869e837e80cea7b","sess_explore_1790176426922_xq58vl","search_click",2,64,"2026-08-23T23:41:03.263Z"
"int_1790176426924_oj6i26yto","6a833395cee036cbf121a85d","68c5583b9869e837e80cead8","sess_explore_1790176426924_btic3j","view",1,69,"2026-08-24T00:41:05.809Z"
"int_1790176426922_6io0tpzjr","6a833392cee036cbf121a829","68c5583b9869e837e80ceab5","sess_explore_1790176426922_troj8i","view",1,27,"2026-08-24T00:41:37.889Z"
"int_1790176426922_ka8bque33","6a833392cee036cbf121a829","68c5583b9869e837e80ceab5","sess_explore_1790176426922_troj8i","like",3,0,"2026-08-24T00:41:47.889Z"
"int_1790176426832_bbm3xsb6u","6a833397cee036cbf121a879","68c5583b9869e837e80ce9e8","sess_1790176426829_0t89j70","view",1,29,"2026-08-24T01:55:02.521Z"
"int_1790176426832_u5nuju5og","6a833397cee036cbf121a879","68c5583b9869e837e80ce98d","sess_1790176426829_0t89j70","view",1,56,"2026-08-24T01:55:02.521Z"
"int_1790176426832_lcs517obl","6a833397cee036cbf121a879","68c5583b9869e837e80ce9d2","sess_1790176426829_0t89j70","view",1,134,"2026-08-24T01:55:02.521Z"
"int_1790176426832_at8wdv827","6a833397cee036cbf121a879","68c5583b9869e837e80ce9ed","sess_1790176426829_0t89j70","view",1,171,"2026-08-24T01:55:02.521Z"
"int_1790176426832_75lhe5wds","6a833397cee036cbf121a879","68c5583b9869e837e80ce9f5","sess_1790176426829_0t89j70","view",1,176,"2026-08-24T01:55:02.521Z"
"int_1790176426832_ex4xfzhkd","6a833397cee036cbf121a879","68c5583b9869e837e80ce9f5","sess_1790176426829_0t89j70","like",3,0,"2026-08-24T01:55:17.521Z"
"int_1790176426832_0fh7adzkd","6a833397cee036cbf121a879","68c5583b9869e837e80ce9f5","sess_1790176426829_0t89j70","add_to_cart",5,0,"2026-08-24T01:55:37.521Z"
"int_1790176426922_tfn40cn4k","6a833397cee036cbf121a873","68c5583b9869e837e80cea91","sess_explore_1790176426922_7e5dih","search_click",2,36,"2026-08-24T02:04:38.650Z"
"int_1790176426400_tfnv3qv43","6a833391cee036cbf121a825","68c5583b9869e837e80ce988","sess_1790176426397_8ibn0j3","view",1,178,"2026-08-24T02:14:51.286Z"
"int_1790176426400_k4lllpczs","6a833391cee036cbf121a825","68c5583b9869e837e80ce989","sess_1790176426397_8ibn0j3","view",1,65,"2026-08-24T02:14:51.286Z"
"int_1790176426400_wzs01u0er","6a833391cee036cbf121a825","68c5583b9869e837e80ce9a6","sess_1790176426397_8ibn0j3","view",1,33,"2026-08-24T02:14:51.286Z"
"int_1790176426400_a0yy5h182","6a833391cee036cbf121a825","68c5583b9869e837e80ce989","sess_1790176426397_8ibn0j3","like",3,0,"2026-08-24T02:15:06.286Z"
"int_1790176426400_04xm79lp3","6a833391cee036cbf121a825","68c5583b9869e837e80ce9a6","sess_1790176426397_8ibn0j3","like",3,0,"2026-08-24T02:15:06.286Z"
"int_1790176426644_xkwheqw5g","6a833395cee036cbf121a853","68c5583b9869e837e80ce9ab","sess_1790176426641_znnnct3","view",1,128,"2026-08-24T02:19:43.904Z"
"int_1790176426644_pkk53u5a1","6a833395cee036cbf121a853","68c5583b9869e837e80ce97d","sess_1790176426641_znnnct3","view",1,133,"2026-08-24T02:19:43.904Z"
"int_1790176426644_7kz9eruxo","6a833395cee036cbf121a853","68c5583b9869e837e80ceabe","sess_1790176426641_znnnct3","view",1,128,"2026-08-24T02:19:43.904Z"
"int_1790176426644_pqv2qqyy6","6a833395cee036cbf121a853","68c5583b9869e837e80ceab2","sess_1790176426641_znnnct3","view",1,74,"2026-08-24T02:19:43.904Z"
"int_1790176426644_etpk1ltef","6a833395cee036cbf121a853","68c5583b9869e837e80ceab2","sess_1790176426641_znnnct3","like",3,0,"2026-08-24T02:19:58.904Z"
"int_1790176426644_60d8x6tj9","6a833395cee036cbf121a853","68c5583b9869e837e80ceab2","sess_1790176426641_znnnct3","add_to_cart",5,0,"2026-08-24T02:20:18.904Z"
"int_1790176426923_f70jq1qxx","6a833394cee036cbf121a849","68c5583b9869e837e80ceac7","sess_explore_1790176426923_g0wbxm","view",1,32,"2026-08-24T04:15:26.029Z"
"int_1790176426922_1abtpxd6m","6a833397cee036cbf121a877","68c5583b9869e837e80ceaae","sess_explore_1790176426922_vaggn9","view",1,57,"2026-08-24T04:26:01.477Z"
"int_1790176426924_uuc5hgvx8","6a833398cee036cbf121a885","68c5583b9869e837e80ceadd","sess_explore_1790176426924_wfv75x","search_click",2,25,"2026-08-24T04:43:28.064Z"
"int_1790176426919_6koyg0urd","6a833392cee036cbf121a827","68c5583b9869e837e80ce987","sess_explore_1790176426919_nzr151","view",1,34,"2026-08-24T04:44:24.095Z"
"int_1790176426919_z8r3w8nl0","6a833392cee036cbf121a827","68c5583b9869e837e80ce987","sess_explore_1790176426919_nzr151","like",3,0,"2026-08-24T04:44:34.095Z"
"int_1790176426517_ew7gqvzso","6a833393cee036cbf121a83f","68c5583b9869e837e80cea0d","sess_1790176426514_t90epun","view",1,79,"2026-08-24T06:33:02.425Z"
"int_1790176426517_wkdsl6gof","6a833393cee036cbf121a83f","68c5583b9869e837e80cea9f","sess_1790176426514_t90epun","view",1,157,"2026-08-24T06:33:02.425Z"
"int_1790176426925_c38zxlfo6","6a833392cee036cbf121a82f","68c5583b9869e837e80ceaf7","sess_explore_1790176426925_4d5ies","view",1,51,"2026-08-24T09:02:15.245Z"
"int_1790176426922_7w4305ifx","6a833396cee036cbf121a86d","68c5583b9869e837e80ceaa5","sess_explore_1790176426922_vv93ns","search_click",2,77,"2026-08-24T09:23:44.948Z"
"int_1790176426383_jhldtota8","6a7fc9164585d7fd0f495064","68c5583b9869e837e80ce9bf","sess_1790176426382_0es5ay1","view",1,66,"2026-08-24T09:52:46.461Z"
"int_1790176426383_axl6cfbmu","6a7fc9164585d7fd0f495064","68c5583b9869e837e80ce989","sess_1790176426382_0es5ay1","view",1,132,"2026-08-24T09:52:46.461Z"
"int_1790176426383_tt8wmnb8t","6a7fc9164585d7fd0f495064","68c5583b9869e837e80ce9b4","sess_1790176426382_0es5ay1","view",1,74,"2026-08-24T09:52:46.461Z"
"int_1790176426383_6ksoxmiyw","6a7fc9164585d7fd0f495064","68c5583b9869e837e80cea00","sess_1790176426382_0es5ay1","view",1,39,"2026-08-24T09:52:46.461Z"
"int_1790176426383_p8aiwtefp","6a7fc9164585d7fd0f495064","68c5583b9869e837e80ce9bf","sess_1790176426382_0es5ay1","like",3,0,"2026-08-24T09:53:01.461Z"
"int_1790176426383_i95gvb0sw","6a7fc9164585d7fd0f495064","68c5583b9869e837e80ce9b4","sess_1790176426382_0es5ay1","like",3,0,"2026-08-24T09:53:01.461Z"
"int_1790176426383_v9ro1n3yt","6a7fc9164585d7fd0f495064","68c5583b9869e837e80ce9bf","sess_1790176426382_0es5ay1","add_to_cart",5,0,"2026-08-24T09:53:21.461Z"
"int_1790176426383_6rp0szo8l","6a7fc9164585d7fd0f495064","68c5583b9869e837e80ce9b4","sess_1790176426382_0es5ay1","add_to_cart",5,0,"2026-08-24T09:53:21.461Z"
"int_1790176426456_huhlplhuj","6a833392cee036cbf121a82f","68c5583b9869e837e80cea7a","sess_1790176426455_6lwraif","view",1,76,"2026-08-24T09:57:29.127Z"
"int_1790176426456_vydceogmn","6a833392cee036cbf121a82f","68c5583b9869e837e80cea3e","sess_1790176426455_6lwraif","view",1,28,"2026-08-24T09:57:29.127Z"
"int_1790176426456_cyrslnkxk","6a833392cee036cbf121a82f","68c5583b9869e837e80cea94","sess_1790176426455_6lwraif","view",1,131,"2026-08-24T09:57:29.127Z"
"int_1790176426456_7bqa5wh2s","6a833392cee036cbf121a82f","68c5583b9869e837e80cea7a","sess_1790176426455_6lwraif","like",3,0,"2026-08-24T09:57:44.127Z"
"int_1790176426456_xt451he69","6a833392cee036cbf121a82f","68c5583b9869e837e80cea94","sess_1790176426455_6lwraif","like",3,0,"2026-08-24T09:57:44.127Z"
"int_1790176426456_jf22633bg","6a833392cee036cbf121a82f","68c5583b9869e837e80cea7a","sess_1790176426455_6lwraif","add_to_cart",5,0,"2026-08-24T09:58:04.127Z"
"int_1790176426456_e384zjbt1","6a833392cee036cbf121a82f","68c5583b9869e837e80cea3e","sess_1790176426455_6lwraif","add_to_cart",5,0,"2026-08-24T09:58:04.127Z"
"int_1790176426920_uprruew60","6a833396cee036cbf121a865","68c5583b9869e837e80ce9fa","sess_explore_1790176426920_ig18by","view",1,68,"2026-08-24T10:03:52.123Z"
"int_1790176426921_oh8fy3k92","6914018db8d9d9ea54857a42","68c5583b9869e837e80cea4a","sess_explore_1790176426921_1n0s5c","view",1,63,"2026-08-24T15:09:36.312Z"
"int_1790176426920_foblkcoxy","6a833392cee036cbf121a82d","68c5583b9869e837e80cea36","sess_explore_1790176426920_jdpeua","view",1,65,"2026-08-24T15:47:07.321Z"
"int_1790176426924_cf3c9c1f2","6a833397cee036cbf121a875","68c5583b9869e837e80cead4","sess_explore_1790176426924_vqw7a0","search_click",2,75,"2026-08-24T15:48:53.802Z"
"int_1790176426924_uzux3ta2a","6a833397cee036cbf121a875","68c5583b9869e837e80cead4","sess_explore_1790176426924_vqw7a0","like",3,0,"2026-08-24T15:49:03.802Z"
"int_1790176426921_igr0yw1qx","6914018db8d9d9ea54857a42","68c5583b9869e837e80cea47","sess_explore_1790176426921_924hbm","view",1,72,"2026-08-24T16:25:34.157Z"
"int_1790176426391_n56feeg1y","6a83085d4d4fb77855083406","68c5583b9869e837e80ceae3","sess_1790176426389_wpxhj78","view",1,107,"2026-08-24T17:44:38.928Z"
"int_1790176426391_81bubfu1w","6a83085d4d4fb77855083406","68c5583b9869e837e80ceabe","sess_1790176426389_wpxhj78","view",1,88,"2026-08-24T17:44:38.928Z"
"int_1790176426391_w65ewr0nn","6a83085d4d4fb77855083406","68c5583b9869e837e80cea8a","sess_1790176426389_wpxhj78","view",1,114,"2026-08-24T17:44:38.928Z"
"int_1790176426922_kshc2dp6n","6a833395cee036cbf121a85d","68c5583b9869e837e80ceab6","sess_explore_1790176426922_lzyahj","view",1,33,"2026-08-24T17:50:45.357Z"
"int_1790176426920_xtwvpu2xf","6a833395cee036cbf121a857","68c5583b9869e837e80ce9e4","sess_explore_1790176426920_py58kc","search_click",2,76,"2026-08-24T18:05:32.140Z"
"int_1790176426624_zq35u85ll","6a833394cee036cbf121a84f","68c5583b9869e837e80cea25","sess_1790176426622_zk1yqvd","view",1,86,"2026-08-24T20:17:15.270Z"
"int_1790176426624_ie3z0kvu8","6a833394cee036cbf121a84f","68c5583b9869e837e80ce9e2","sess_1790176426622_zk1yqvd","view",1,120,"2026-08-24T20:17:15.270Z"
"int_1790176426624_jqmd1xolt","6a833394cee036cbf121a84f","68c5583b9869e837e80ce9d5","sess_1790176426622_zk1yqvd","view",1,167,"2026-08-24T20:17:15.270Z"
"int_1790176426624_bplhepla1","6a833394cee036cbf121a84f","68c5583b9869e837e80cea25","sess_1790176426622_zk1yqvd","like",3,0,"2026-08-24T20:17:30.270Z"
"int_1790176426624_3hqqken9p","6a833394cee036cbf121a84f","68c5583b9869e837e80ce9e2","sess_1790176426622_zk1yqvd","like",3,0,"2026-08-24T20:17:30.270Z"
"int_1790176426624_tf6u5nocb","6a833394cee036cbf121a84f","68c5583b9869e837e80cea25","sess_1790176426622_zk1yqvd","add_to_cart",5,0,"2026-08-24T20:17:50.270Z"
"int_1790176426624_64rjg3u5p","6a833394cee036cbf121a84f","68c5583b9869e837e80ce9d5","sess_1790176426622_zk1yqvd","add_to_cart",5,0,"2026-08-24T20:17:50.270Z"
"int_1790176426624_73i7couf7","6a833394cee036cbf121a84f","68c5583b9869e837e80cea25","sess_1790176426622_zk1yqvd","purchase",10,0,"2026-08-24T20:18:15.270Z"
"int_1790176426925_l0rxu0i9i","6a833397cee036cbf121a877","68c5583b9869e837e80ceaf0","sess_explore_1790176426925_p7wykp","search_click",2,50,"2026-08-24T22:09:57.943Z"
"int_1790176426919_or6bb1q5g","6a833393cee036cbf121a843","68c5583b9869e837e80ce9bb","sess_explore_1790176426919_77rcpc","view",1,53,"2026-08-25T00:30:54.012Z"
"int_1790176426918_ivei49mge","6a833396cee036cbf121a86f","68c5583b9869e837e80ce978","sess_explore_1790176426918_ukvdmu","search_click",2,36,"2026-08-25T02:08:33.035Z"
"int_1790176426923_muqzi8b3q","6a833397cee036cbf121a87d","68c5583b9869e837e80ceaca","sess_explore_1790176426923_ka04av","view",1,38,"2026-08-25T03:50:45.394Z"
"int_1790176426923_aw7dqxgdo","6a833397cee036cbf121a87d","68c5583b9869e837e80ceaca","sess_explore_1790176426923_ka04av","like",3,0,"2026-08-25T03:50:55.394Z"
"int_1790176426423_1yl95qygg","6a833392cee036cbf121a82b","68c5583b9869e837e80ce9af","sess_1790176426420_ryazrum","view",1,95,"2026-08-25T04:05:59.209Z"
"int_1790176426423_66kgd7ipl","6a833392cee036cbf121a82b","68c5583b9869e837e80cea42","sess_1790176426420_ryazrum","view",1,156,"2026-08-25T04:05:59.209Z"
"int_1790176426423_sni3s5lhj","6a833392cee036cbf121a82b","68c5583b9869e837e80cea15","sess_1790176426420_ryazrum","view",1,82,"2026-08-25T04:05:59.209Z"
"int_1790176426423_qb5wsyf6g","6a833392cee036cbf121a82b","68c5583b9869e837e80ce977","sess_1790176426420_ryazrum","view",1,138,"2026-08-25T04:05:59.209Z"
"int_1790176426423_xtp5an2fu","6a833392cee036cbf121a82b","68c5583b9869e837e80cea28","sess_1790176426420_ryazrum","view",1,114,"2026-08-25T04:05:59.209Z"
"int_1790176426423_928fl8c0s","6a833392cee036cbf121a82b","68c5583b9869e837e80cea28","sess_1790176426420_ryazrum","add_to_cart",5,0,"2026-08-25T04:06:34.209Z"
"int_1790176426921_za5tqlr9w","6a833397cee036cbf121a871","68c5583b9869e837e80cea72","sess_explore_1790176426921_vow8kh","view",1,29,"2026-08-25T04:37:47.065Z"
"int_1790176426920_hs1hjhfmv","6a833394cee036cbf121a849","68c5583b9869e837e80cea20","sess_explore_1790176426920_i3n8o6","search_click",2,39,"2026-08-25T05:23:34.014Z"
"int_1790176426915_8emso61y9","6a833398cee036cbf121a887","68c5583b9869e837e80ce98f","sess_1790176426914_92me5ao","view",1,126,"2026-08-25T06:09:46.502Z"
"int_1790176426916_rdy8tuziu","6a833398cee036cbf121a887","68c5583b9869e837e80cea66","sess_1790176426914_92me5ao","view",1,105,"2026-08-25T06:09:46.502Z"
"int_1790176426916_3ggu60eoh","6a833398cee036cbf121a887","68c5583b9869e837e80ce97f","sess_1790176426914_92me5ao","view",1,91,"2026-08-25T06:09:46.502Z"
"int_1790176426916_e5mqdhwa6","6a833398cee036cbf121a887","68c5583b9869e837e80ce9a0","sess_1790176426914_92me5ao","view",1,144,"2026-08-25T06:09:46.502Z"
"int_1790176426915_yom4xg1oo","6a833398cee036cbf121a887","68c5583b9869e837e80ce98f","sess_1790176426914_92me5ao","like",3,0,"2026-08-25T06:10:01.502Z"
"int_1790176426916_f8pu0ihje","6a833398cee036cbf121a887","68c5583b9869e837e80cea66","sess_1790176426914_92me5ao","like",3,0,"2026-08-25T06:10:01.502Z"
"int_1790176426916_sw2fln7tu","6a833398cee036cbf121a887","68c5583b9869e837e80ce97f","sess_1790176426914_92me5ao","like",3,0,"2026-08-25T06:10:01.502Z"
"int_1790176426916_b8npbn33p","6a833398cee036cbf121a887","68c5583b9869e837e80cea66","sess_1790176426914_92me5ao","add_to_cart",5,0,"2026-08-25T06:10:21.502Z"
"int_1790176426916_g3uv71dhv","6a833398cee036cbf121a887","68c5583b9869e837e80cea66","sess_1790176426914_92me5ao","purchase",10,0,"2026-08-25T06:10:46.502Z"
"int_1790176426919_wn2e53xm9","6a833398cee036cbf121a87f","68c5583b9869e837e80ce9c9","sess_explore_1790176426919_2hhry0","view",1,33,"2026-08-25T08:33:27.630Z"
"int_1790176426922_ixzilc1kc","6a7fc9164585d7fd0f495064","68c5583b9869e837e80cea88","sess_explore_1790176426922_xms6kc","view",1,29,"2026-08-25T11:45:09.493Z"
"int_1790176426920_9rogzkxuv","6a833398cee036cbf121a887","68c5583b9869e837e80cea22","sess_explore_1790176426920_2ta6e0","view",1,51,"2026-08-25T13:09:16.812Z"
"int_1790176426922_oqc8rn47y","6a833395cee036cbf121a853","68c5583b9869e837e80cea89","sess_explore_1790176426922_mgj4b0","view",1,45,"2026-08-25T13:10:04.290Z"
"int_1790176426922_k11suf47i","6a833397cee036cbf121a87b","68c5583b9869e837e80ceaaf","sess_explore_1790176426922_57ba4g","view",1,79,"2026-08-25T14:22:07.973Z"
"int_1790176426919_xm36kgw8k","6a833394cee036cbf121a84f","68c5583b9869e837e80ce9ce","sess_explore_1790176426919_1dr05l","search_click",2,71,"2026-08-25T14:55:53.502Z"
"int_1790176426920_msuz63t7h","6a833393cee036cbf121a839","68c5583b9869e837e80ce9ef","sess_explore_1790176426920_czhge9","view",1,79,"2026-08-25T15:36:58.041Z"
"int_1790176426924_zz8501h0f","6a833394cee036cbf121a845","68c5583b9869e837e80cead2","sess_explore_1790176426924_b4bk8y","search_click",2,80,"2026-08-25T16:59:27.049Z"
"int_1790176426921_nzipggn9d","6a833392cee036cbf121a82d","68c5583b9869e837e80cea4f","sess_explore_1790176426921_u4zv48","search_click",2,39,"2026-08-25T17:26:59.244Z"
"int_1790176426921_s0hp4yyfv","6a833392cee036cbf121a82d","68c5583b9869e837e80cea4f","sess_explore_1790176426921_u4zv48","like",3,0,"2026-08-25T17:27:09.244Z"
"int_1790176426922_kkjjxv1yc","6a833395cee036cbf121a85b","68c5583b9869e837e80ceaa3","sess_explore_1790176426922_5efksb","view",1,73,"2026-08-25T18:46:41.273Z"
"int_1790176426922_fkfvkcrj5","6a833395cee036cbf121a85b","68c5583b9869e837e80ceaa3","sess_explore_1790176426922_5efksb","like",3,0,"2026-08-25T18:46:51.273Z"
"int_1790176426922_nsu8bq7zo","6a833394cee036cbf121a847","68c5583b9869e837e80cea90","sess_explore_1790176426922_kb5uw4","view",1,79,"2026-08-25T18:58:30.465Z"
"int_1790176426430_kpxvwdz9g","6a833392cee036cbf121a82d","68c5583b9869e837e80cea3e","sess_1790176426428_h7skc69","view",1,110,"2026-08-25T19:37:11.381Z"
"int_1790176426430_ynwg7r608","6a833392cee036cbf121a82d","68c5583b9869e837e80ce97b","sess_1790176426428_h7skc69","view",1,37,"2026-08-25T19:37:11.381Z"
"int_1790176426430_jp6avhl9w","6a833392cee036cbf121a82d","68c5583b9869e837e80cea7c","sess_1790176426428_h7skc69","view",1,139,"2026-08-25T19:37:11.381Z"
"int_1790176426430_6nd8fk8ff","6a833392cee036cbf121a82d","68c5583b9869e837e80ce980","sess_1790176426428_h7skc69","view",1,156,"2026-08-25T19:37:11.381Z"
"int_1790176426430_o7hzqijji","6a833392cee036cbf121a82d","68c5583b9869e837e80ceafc","sess_1790176426428_h7skc69","view",1,142,"2026-08-25T19:37:11.381Z"
"int_1790176426430_e6eo2aedd","6a833392cee036cbf121a82d","68c5583b9869e837e80cea7c","sess_1790176426428_h7skc69","like",3,0,"2026-08-25T19:37:26.381Z"
"int_1790176426430_9b7o7g1up","6a833392cee036cbf121a82d","68c5583b9869e837e80cea7c","sess_1790176426428_h7skc69","add_to_cart",5,0,"2026-08-25T19:37:46.381Z"
"int_1790176426430_8vfd1c03k","6a833392cee036cbf121a82d","68c5583b9869e837e80ceafc","sess_1790176426428_h7skc69","add_to_cart",5,0,"2026-08-25T19:37:46.381Z"
"int_1790176426922_ggfxjiywe","6a833392cee036cbf121a82d","68c5583b9869e837e80ceab4","sess_explore_1790176426922_0zp4h0","view",1,90,"2026-08-25T20:38:23.851Z"
"int_1790176426922_1ieyvlf16","6a833392cee036cbf121a831","68c5583b9869e837e80ceaa0","sess_explore_1790176426922_to3rf6","view",1,57,"2026-08-25T20:39:08.364Z"
"int_1790176426923_fd970ew5o","6a833398cee036cbf121a87f","68c5583b9869e837e80ceac1","sess_explore_1790176426923_p8ana9","search_click",2,69,"2026-08-25T23:29:08.655Z"
"int_1790176426919_fdl8u9nat","6a833395cee036cbf121a85d","68c5583b9869e837e80ce9c7","sess_explore_1790176426919_mczgxx","view",1,25,"2026-08-25T23:48:12.860Z"
"int_1790176426919_6b01ty9r9","6a833395cee036cbf121a85d","68c5583b9869e837e80ce9c7","sess_explore_1790176426919_mczgxx","like",3,0,"2026-08-25T23:48:22.860Z"
"int_1790176426925_ajr3tnx04","6a833397cee036cbf121a875","68c5583b9869e837e80ceaf3","sess_explore_1790176426925_n56gpw","search_click",2,44,"2026-08-26T03:44:11.947Z"
"int_1790176426873_y2akefvlm","6a833398cee036cbf121a87f","68c5583b9869e837e80ce9fe","sess_1790176426871_giq5olq","view",1,176,"2026-08-26T04:20:06.404Z"
"int_1790176426873_v3fa2dcvn","6a833398cee036cbf121a87f","68c5583b9869e837e80cea94","sess_1790176426871_giq5olq","view",1,148,"2026-08-26T04:20:06.404Z"
"int_1790176426873_gu8pt9txk","6a833398cee036cbf121a87f","68c5583b9869e837e80cea9f","sess_1790176426871_giq5olq","view",1,166,"2026-08-26T04:20:06.404Z"
"int_1790176426873_h857tf3lt","6a833398cee036cbf121a87f","68c5583b9869e837e80cea0d","sess_1790176426871_giq5olq","view",1,107,"2026-08-26T04:20:06.404Z"
"int_1790176426873_koa8yusxd","6a833398cee036cbf121a87f","68c5583b9869e837e80ce9fe","sess_1790176426871_giq5olq","like",3,0,"2026-08-26T04:20:21.404Z"
"int_1790176426873_7ogqwvo9e","6a833398cee036cbf121a87f","68c5583b9869e837e80cea94","sess_1790176426871_giq5olq","like",3,0,"2026-08-26T04:20:21.404Z"
"int_1790176426873_adp02zqnz","6a833398cee036cbf121a87f","68c5583b9869e837e80cea0d","sess_1790176426871_giq5olq","like",3,0,"2026-08-26T04:20:21.404Z"
"int_1790176426873_v7krjqypl","6a833398cee036cbf121a87f","68c5583b9869e837e80cea94","sess_1790176426871_giq5olq","add_to_cart",5,0,"2026-08-26T04:20:41.404Z"
"int_1790176426873_e6gu3i3y3","6a833398cee036cbf121a87f","68c5583b9869e837e80cea94","sess_1790176426871_giq5olq","purchase",10,0,"2026-08-26T04:21:06.404Z"
"int_1790176426919_4rz4q90l9","6a833397cee036cbf121a877","68c5583b9869e837e80ce9bd","sess_explore_1790176426919_6jywnk","view",1,58,"2026-08-26T04:26:39.387Z"
"int_1790176426920_n8iacca2n","6a833397cee036cbf121a877","68c5583b9869e837e80cea22","sess_explore_1790176426920_r57u8i","view",1,32,"2026-08-26T04:46:10.034Z"
"int_1790176426700_5z9tugn7z","6a833396cee036cbf121a861","68c5583b9869e837e80cea3b","sess_1790176426698_7geazek","view",1,175,"2026-08-26T05:47:25.658Z"
"int_1790176426700_2hts2o3hc","6a833396cee036cbf121a861","68c5583b9869e837e80cea14","sess_1790176426698_7geazek","view",1,22,"2026-08-26T05:47:25.658Z"
"int_1790176426700_14qx30wxd","6a833396cee036cbf121a861","68c5583b9869e837e80ce999","sess_1790176426698_7geazek","view",1,69,"2026-08-26T05:47:25.658Z"
"int_1790176426700_9vdmdtcus","6a833396cee036cbf121a861","68c5583b9869e837e80ce99a","sess_1790176426698_7geazek","view",1,48,"2026-08-26T05:47:25.658Z"
"int_1790176426700_5rl4hcb7b","6a833396cee036cbf121a861","68c5583b9869e837e80cea3b","sess_1790176426698_7geazek","like",3,0,"2026-08-26T05:47:40.658Z"
"int_1790176426700_b6opv796u","6a833396cee036cbf121a861","68c5583b9869e837e80ce99a","sess_1790176426698_7geazek","like",3,0,"2026-08-26T05:47:40.658Z"
"int_1790176426700_uqomvjz99","6a833396cee036cbf121a861","68c5583b9869e837e80cea14","sess_1790176426698_7geazek","add_to_cart",5,0,"2026-08-26T05:48:00.658Z"
"int_1790176426700_zrzew73pr","6a833396cee036cbf121a861","68c5583b9869e837e80ce999","sess_1790176426698_7geazek","add_to_cart",5,0,"2026-08-26T05:48:00.658Z"
"int_1790176426700_dwxva10pj","6a833396cee036cbf121a861","68c5583b9869e837e80ce99a","sess_1790176426698_7geazek","add_to_cart",5,0,"2026-08-26T05:48:00.658Z"
"int_1790176426920_3fh8xps5l","6a833392cee036cbf121a82f","68c5583b9869e837e80cea0e","sess_explore_1790176426920_o8w2a9","view",1,53,"2026-08-26T07:50:23.399Z"
"int_1790176426922_anj6ja30s","6914018db8d9d9ea54857a42","68c5583b9869e837e80cea9e","sess_explore_1790176426922_jmp3hd","search_click",2,51,"2026-08-26T08:06:27.560Z"
"int_1790176426921_zhrsinura","6a833397cee036cbf121a879","68c5583b9869e837e80cea75","sess_explore_1790176426921_x7qxxz","view",1,50,"2026-08-26T10:37:57.845Z"
"int_1790176426925_b7eu4qx0o","6a833396cee036cbf121a867","68c5583b9869e837e80ceafa","sess_explore_1790176426925_23tjt2","search_click",2,68,"2026-08-26T11:16:15.114Z"
"int_1790176426925_g4unm8ojv","6a833396cee036cbf121a867","68c5583b9869e837e80ceafa","sess_explore_1790176426925_23tjt2","like",3,0,"2026-08-26T11:16:25.114Z"
"int_1790176426922_6imhkaf6s","6a833393cee036cbf121a83d","68c5583b9869e837e80ceaa7","sess_explore_1790176426922_eowv04","search_click",2,51,"2026-08-26T11:54:07.063Z"
"int_1790176426922_mus3zi1hj","6a833393cee036cbf121a83d","68c5583b9869e837e80ceaa7","sess_explore_1790176426922_eowv04","like",3,0,"2026-08-26T11:54:17.063Z"
"int_1790176426919_lyst1wbfz","6a833394cee036cbf121a849","68c5583b9869e837e80ce9ca","sess_explore_1790176426919_jxct4k","view",1,32,"2026-08-26T11:58:07.795Z"
"int_1790176426923_8diu0vdqz","6a833393cee036cbf121a843","68c5583b9869e837e80ceacf","sess_explore_1790176426923_6p11r7","view",1,42,"2026-08-26T12:47:51.768Z"
"int_1790176426923_fntwga4ia","6a833393cee036cbf121a843","68c5583b9869e837e80ceacf","sess_explore_1790176426923_6p11r7","like",3,0,"2026-08-26T12:48:01.768Z"
"int_1790176426921_ucjnyncgs","6a833393cee036cbf121a835","68c5583b9869e837e80cea3d","sess_explore_1790176426921_48hkqu","search_click",2,69,"2026-08-26T15:15:32.489Z"
"int_1790176426921_hryp2n32q","6a833397cee036cbf121a877","68c5583b9869e837e80cea4b","sess_explore_1790176426921_x3luo4","view",1,56,"2026-08-26T15:22:02.820Z"
"int_1790176426922_k027jm0mt","6a833395cee036cbf121a853","68c5583b9869e837e80cea82","sess_explore_1790176426922_wly6e8","search_click",2,87,"2026-08-26T16:12:09.289Z"
"int_1790176426924_dx7cy2qgx","6a833394cee036cbf121a849","68c5583b9869e837e80ceade","sess_explore_1790176426924_5z1nl2","view",1,67,"2026-08-26T16:54:20.365Z"
"int_1790176426921_pgolyz7vg","6a833397cee036cbf121a87d","68c5583b9869e837e80cea59","sess_explore_1790176426921_9ho0ky","view",1,30,"2026-08-26T17:03:13.540Z"
"int_1790176426921_syqdak3s0","6a833394cee036cbf121a851","68c5583b9869e837e80cea77","sess_explore_1790176426921_vd5ydr","view",1,68,"2026-08-26T17:43:16.379Z"
"int_1790176426921_garabf24p","6a833398cee036cbf121a883","68c5583b9869e837e80cea76","sess_explore_1790176426921_1qoqyf","search_click",2,42,"2026-08-26T19:42:50.467Z"
"int_1790176426331_6qaud5xg8","6914018db8d9d9ea54857a42","68c5583b9869e837e80ce9ff","sess_1790176426325_vbo4edk","view",1,48,"2026-08-26T20:29:10.787Z"
"int_1790176426331_vyw1hhh9m","6914018db8d9d9ea54857a42","68c5583b9869e837e80ce9c1","sess_1790176426325_vbo4edk","view",1,155,"2026-08-26T20:29:10.787Z"
"int_1790176426331_v9ky3uvi4","6914018db8d9d9ea54857a42","68c5583b9869e837e80ce9cd","sess_1790176426325_vbo4edk","view",1,168,"2026-08-26T20:29:10.787Z"
"int_1790176426331_rdp3ghv51","6914018db8d9d9ea54857a42","68c5583b9869e837e80ce9ea","sess_1790176426325_vbo4edk","view",1,136,"2026-08-26T20:29:10.787Z"
"int_1790176426331_yhkc6u1j3","6914018db8d9d9ea54857a42","68c5583b9869e837e80ce9ff","sess_1790176426325_vbo4edk","like",3,0,"2026-08-26T20:29:25.787Z"
"int_1790176426331_7typgh4ah","6914018db8d9d9ea54857a42","68c5583b9869e837e80ce9c1","sess_1790176426325_vbo4edk","like",3,0,"2026-08-26T20:29:25.787Z"
"int_1790176426331_89c8ngpcq","6914018db8d9d9ea54857a42","68c5583b9869e837e80ce9c1","sess_1790176426325_vbo4edk","add_to_cart",5,0,"2026-08-26T20:29:45.787Z"
"int_1790176426921_zk253ihjz","6a833394cee036cbf121a84f","68c5583b9869e837e80cea4f","sess_explore_1790176426921_wo3b4a","view",1,58,"2026-08-26T21:10:58.576Z"
"int_1790176426919_k31tmtfze","6a833396cee036cbf121a861","68c5583b9869e837e80ce9ca","sess_explore_1790176426919_rvsh2k","view",1,83,"2026-08-26T21:45:36.674Z"
"int_1790176426919_oqdykgcst","6a833396cee036cbf121a861","68c5583b9869e837e80ce9ca","sess_explore_1790176426919_rvsh2k","like",3,0,"2026-08-26T21:45:46.674Z"
"int_1790176426922_jq1wgzvdb","6a833392cee036cbf121a82d","68c5583b9869e837e80cea92","sess_explore_1790176426922_6yb3yl","view",1,27,"2026-08-26T21:49:01.667Z"
"int_1790176426922_skvjblzc3","6a833392cee036cbf121a82d","68c5583b9869e837e80cea92","sess_explore_1790176426922_6yb3yl","like",3,0,"2026-08-26T21:49:11.667Z"
"int_1790176426919_bshw1s9fb","6a833392cee036cbf121a829","68c5583b9869e837e80ce9c6","sess_explore_1790176426919_zvsazj","view",1,39,"2026-08-26T23:02:58.121Z"
"int_1790176426921_q567th6s4","6a833392cee036cbf121a833","68c5583b9869e837e80cea54","sess_explore_1790176426921_ud2khb","search_click",2,77,"2026-08-26T23:49:16.075Z"
"int_1790176426921_cjzcf3qmj","6a833392cee036cbf121a833","68c5583b9869e837e80cea54","sess_explore_1790176426921_ud2khb","like",3,0,"2026-08-26T23:49:26.075Z"
"int_1790176426921_svrpwqegh","6a833392cee036cbf121a82d","68c5583b9869e837e80cea72","sess_explore_1790176426921_3hluva","view",1,29,"2026-08-27T00:53:51.318Z"
"int_1790176426920_8u681on0e","6a833396cee036cbf121a861","68c5583b9869e837e80cea09","sess_explore_1790176426920_igehtz","view",1,71,"2026-08-27T01:16:01.526Z"
"int_1790176426920_vjshpkncf","6a833392cee036cbf121a827","68c5583b9869e837e80ce9ff","sess_explore_1790176426920_n0meeb","search_click",2,81,"2026-08-27T03:13:26.297Z"
"int_1790176426921_sog384lhg","6a833395cee036cbf121a85f","68c5583b9869e837e80cea5e","sess_explore_1790176426921_aqbnlu","view",1,54,"2026-08-27T05:16:10.547Z"
"int_1790176426921_vp18g9fxt","6a833395cee036cbf121a85f","68c5583b9869e837e80cea5e","sess_explore_1790176426921_aqbnlu","like",3,0,"2026-08-27T05:16:20.547Z"
"int_1790176426797_1wz97kdon","6a833397cee036cbf121a873","68c5583b9869e837e80ceae2","sess_1790176426795_ghdt2cf","view",1,175,"2026-08-27T05:22:23.066Z"
"int_1790176426797_qob4dqohk","6a833397cee036cbf121a873","68c5583b9869e837e80cea15","sess_1790176426795_ghdt2cf","view",1,107,"2026-08-27T05:22:23.066Z"
"int_1790176426797_lvmwctp08","6a833397cee036cbf121a873","68c5583b9869e837e80ce99c","sess_1790176426795_ghdt2cf","view",1,61,"2026-08-27T05:22:23.066Z"
"int_1790176426797_7br2i8ixh","6a833397cee036cbf121a873","68c5583b9869e837e80cea15","sess_1790176426795_ghdt2cf","like",3,0,"2026-08-27T05:22:38.066Z"
"int_1790176426797_fdt6ty26z","6a833397cee036cbf121a873","68c5583b9869e837e80ceae2","sess_1790176426795_ghdt2cf","add_to_cart",5,0,"2026-08-27T05:22:58.066Z"
"int_1790176426797_wrnzg8put","6a833397cee036cbf121a873","68c5583b9869e837e80ceae2","sess_1790176426795_ghdt2cf","purchase",10,0,"2026-08-27T05:23:23.066Z"
"int_1790176426923_tuc8x9gju","6a833397cee036cbf121a875","68c5583b9869e837e80ceac4","sess_explore_1790176426923_yh2ld4","view",1,30,"2026-08-27T06:17:23.557Z"
"int_1790176426923_bjluay7hn","6a833397cee036cbf121a875","68c5583b9869e837e80ceac4","sess_explore_1790176426923_yh2ld4","like",3,0,"2026-08-27T06:17:33.557Z"
"int_1790176426924_421mmv1fo","6a7fc9164585d7fd0f495064","68c5583b9869e837e80cead2","sess_explore_1790176426924_usrj8t","search_click",2,58,"2026-08-27T06:17:59.104Z"
"int_1790176426921_a5b8ufo0k","6a833397cee036cbf121a875","68c5583b9869e837e80cea44","sess_explore_1790176426921_789i4x","search_click",2,60,"2026-08-27T07:02:33.687Z"
"int_1790176426921_blhwh3bym","6a833395cee036cbf121a85d","68c5583b9869e837e80cea75","sess_explore_1790176426921_v262hl","view",1,37,"2026-08-27T07:43:24.070Z"
"int_1790176426920_owl01nwyb","6a833396cee036cbf121a86d","68c5583b9869e837e80cea01","sess_explore_1790176426920_7t4fn1","view",1,40,"2026-08-27T07:52:40.354Z"
"int_1790176426920_0a875vkie","6a833396cee036cbf121a86d","68c5583b9869e837e80cea01","sess_explore_1790176426920_7t4fn1","like",3,0,"2026-08-27T07:52:50.354Z"
"int_1790176426559_tn1twrdc1","6a833394cee036cbf121a847","68c5583b9869e837e80cea78","sess_1790176426555_y0c040c","view",1,162,"2026-08-27T08:22:10.838Z"
"int_1790176426559_f2ine88g5","6a833394cee036cbf121a847","68c5583b9869e837e80cea6c","sess_1790176426555_y0c040c","view",1,157,"2026-08-27T08:22:10.838Z"
"int_1790176426559_hw2u05ohl","6a833394cee036cbf121a847","68c5583b9869e837e80cea67","sess_1790176426555_y0c040c","view",1,34,"2026-08-27T08:22:10.838Z"
"int_1790176426559_50r7n2eoa","6a833394cee036cbf121a847","68c5583b9869e837e80ceaf1","sess_1790176426555_y0c040c","view",1,128,"2026-08-27T08:22:10.838Z"
"int_1790176426559_jrwtn0mu8","6a833394cee036cbf121a847","68c5583b9869e837e80cea78","sess_1790176426555_y0c040c","like",3,0,"2026-08-27T08:22:25.838Z"
"int_1790176426921_82yqxk1ai","6a833392cee036cbf121a82f","68c5583b9869e837e80cea6a","sess_explore_1790176426921_kxogmk","view",1,66,"2026-08-27T08:32:42.802Z"
"int_1790176426665_uztzyv502","6a833395cee036cbf121a859","68c5583b9869e837e80ce9ac","sess_1790176426664_byvqcqf","view",1,97,"2026-08-27T09:45:32.237Z"
"int_1790176426665_b0fblbz2x","6a833395cee036cbf121a859","68c5583b9869e837e80ce9f6","sess_1790176426664_byvqcqf","view",1,47,"2026-08-27T09:45:32.237Z"
"int_1790176426665_5tz013o06","6a833395cee036cbf121a859","68c5583b9869e837e80ce9d1","sess_1790176426664_byvqcqf","view",1,95,"2026-08-27T09:45:32.237Z"
"int_1790176426665_1kt7hh5va","6a833395cee036cbf121a859","68c5583b9869e837e80ce9aa","sess_1790176426664_byvqcqf","view",1,117,"2026-08-27T09:45:32.237Z"
"int_1790176426665_z6w5n8rpi","6a833395cee036cbf121a859","68c5583b9869e837e80ce9d1","sess_1790176426664_byvqcqf","like",3,0,"2026-08-27T09:45:47.237Z"
"int_1790176426665_nfsvuymim","6a833395cee036cbf121a859","68c5583b9869e837e80ce9d1","sess_1790176426664_byvqcqf","add_to_cart",5,0,"2026-08-27T09:46:07.237Z"
"int_1790176426920_3vvdwk26y","6a27ed55b6d7638a2acaa654","68c5583b9869e837e80cea2b","sess_explore_1790176426920_v2vgfh","view",1,54,"2026-08-27T13:45:41.422Z"
"int_1790176426920_jyh1e7ol4","6a27ed55b6d7638a2acaa654","68c5583b9869e837e80cea2b","sess_explore_1790176426920_v2vgfh","like",3,0,"2026-08-27T13:45:51.422Z"
"int_1790176426925_lonh5qb12","6a833392cee036cbf121a833","68c5583b9869e837e80ceb03","sess_explore_1790176426925_39druc","view",1,87,"2026-08-27T13:54:34.743Z"
"int_1790176426919_9ha289tyv","6a833396cee036cbf121a86d","68c5583b9869e837e80ce9da","sess_explore_1790176426919_q9zjec","search_click",2,25,"2026-08-27T18:19:10.477Z"
"int_1790176426385_q1aw1ond5","6a7fc9164585d7fd0f495064","68c5583b9869e837e80cea13","sess_1790176426383_yrh5i3q","view",1,115,"2026-08-27T19:07:58.701Z"
"int_1790176426385_ato068lt0","6a7fc9164585d7fd0f495064","68c5583b9869e837e80ce999","sess_1790176426383_yrh5i3q","view",1,142,"2026-08-27T19:07:58.701Z"
"int_1790176426385_2fa1wqjkb","6a7fc9164585d7fd0f495064","68c5583b9869e837e80ce9df","sess_1790176426383_yrh5i3q","view",1,152,"2026-08-27T19:07:58.701Z"
"int_1790176426385_qurm280x3","6a7fc9164585d7fd0f495064","68c5583b9869e837e80cea2d","sess_1790176426383_yrh5i3q","view",1,177,"2026-08-27T19:07:58.701Z"
"int_1790176426385_yogsqpc6y","6a7fc9164585d7fd0f495064","68c5583b9869e837e80cea2d","sess_1790176426383_yrh5i3q","like",3,0,"2026-08-27T19:08:13.701Z"
"int_1790176426385_sin4tjlxk","6a7fc9164585d7fd0f495064","68c5583b9869e837e80ce9df","sess_1790176426383_yrh5i3q","add_to_cart",5,0,"2026-08-27T19:08:33.701Z"
"int_1790176426385_7s4rmxf0s","6a7fc9164585d7fd0f495064","68c5583b9869e837e80cea2d","sess_1790176426383_yrh5i3q","add_to_cart",5,0,"2026-08-27T19:08:33.701Z"
"int_1790176426385_7ywcyvy9g","6a7fc9164585d7fd0f495064","68c5583b9869e837e80ce9df","sess_1790176426383_yrh5i3q","purchase",10,0,"2026-08-27T19:08:58.701Z"
"int_1790176426923_16bp4etyp","6a833395cee036cbf121a85f","68c5583b9869e837e80ceace","sess_explore_1790176426923_3dsyth","search_click",2,74,"2026-08-27T20:29:09.577Z"
"int_1790176426923_rs59fwgyu","6a833395cee036cbf121a85f","68c5583b9869e837e80ceace","sess_explore_1790176426923_3dsyth","like",3,0,"2026-08-27T20:29:19.577Z"
"int_1790176426924_dqxmo2fvo","6a833393cee036cbf121a83f","68c5583b9869e837e80ceae4","sess_explore_1790176426924_2ui024","view",1,75,"2026-08-27T21:46:08.577Z"
"int_1790176426918_ol6w4oer9","6a833398cee036cbf121a887","68c5583b9869e837e80cea0b","sess_1790176426916_732th8n","view",1,23,"2026-08-27T23:15:47.844Z"
"int_1790176426918_r98oz5fxx","6a833398cee036cbf121a887","68c5583b9869e837e80ceacb","sess_1790176426916_732th8n","view",1,163,"2026-08-27T23:15:47.844Z"
"int_1790176426918_yg84u8uha","6a833398cee036cbf121a887","68c5583b9869e837e80cea6c","sess_1790176426916_732th8n","view",1,72,"2026-08-27T23:15:47.844Z"
"int_1790176426918_mra5nabj3","6a833398cee036cbf121a887","68c5583b9869e837e80ceacb","sess_1790176426916_732th8n","like",3,0,"2026-08-27T23:16:02.844Z"
"int_1790176426918_qyx9i14f3","6a833398cee036cbf121a887","68c5583b9869e837e80cea6c","sess_1790176426916_732th8n","like",3,0,"2026-08-27T23:16:02.844Z"
"int_1790176426922_bpbjp524j","6a7fc9164585d7fd0f495064","68c5583b9869e837e80ceaa1","sess_explore_1790176426922_mhlx08","view",1,89,"2026-08-28T01:20:31.035Z"
"int_1790176426367_o69yagzom","68e5331e5186f04dcdf2e9f6","68c5583b9869e837e80ce97b","sess_1790176426365_uisgicb","view",1,164,"2026-08-28T01:52:18.578Z"
"int_1790176426367_ir9gw9ii4","68e5331e5186f04dcdf2e9f6","68c5583b9869e837e80cea9b","sess_1790176426365_uisgicb","view",1,152,"2026-08-28T01:52:18.578Z"
"int_1790176426367_d5ecgdbkq","68e5331e5186f04dcdf2e9f6","68c5583b9869e837e80ceaf8","sess_1790176426365_uisgicb","view",1,123,"2026-08-28T01:52:18.578Z"
"int_1790176426367_329q31s8b","68e5331e5186f04dcdf2e9f6","68c5583b9869e837e80ce9a4","sess_1790176426365_uisgicb","view",1,20,"2026-08-28T01:52:18.578Z"
"int_1790176426367_2i9qwg4fc","68e5331e5186f04dcdf2e9f6","68c5583b9869e837e80ceaf9","sess_1790176426365_uisgicb","view",1,47,"2026-08-28T01:52:18.578Z"
"int_1790176426367_rfvi8saw1","68e5331e5186f04dcdf2e9f6","68c5583b9869e837e80ce97b","sess_1790176426365_uisgicb","like",3,0,"2026-08-28T01:52:33.578Z"
"int_1790176426367_a3oriwhsu","68e5331e5186f04dcdf2e9f6","68c5583b9869e837e80cea9b","sess_1790176426365_uisgicb","like",3,0,"2026-08-28T01:52:33.578Z"
"int_1790176426367_nx5k4t2rj","68e5331e5186f04dcdf2e9f6","68c5583b9869e837e80ceaf8","sess_1790176426365_uisgicb","like",3,0,"2026-08-28T01:52:33.578Z"
"int_1790176426367_h0btsthhn","68e5331e5186f04dcdf2e9f6","68c5583b9869e837e80ce9a4","sess_1790176426365_uisgicb","like",3,0,"2026-08-28T01:52:33.578Z"
"int_1790176426367_nhbn106o0","68e5331e5186f04dcdf2e9f6","68c5583b9869e837e80cea9b","sess_1790176426365_uisgicb","add_to_cart",5,0,"2026-08-28T01:52:53.578Z"
"int_1790176426919_vu3oemie8","6a833392cee036cbf121a82f","68c5583b9869e837e80ce9d0","sess_explore_1790176426919_e9z34x","search_click",2,71,"2026-08-28T02:16:58.491Z"
"int_1790176426919_cl6sflug3","6a833392cee036cbf121a82f","68c5583b9869e837e80ce9d0","sess_explore_1790176426919_e9z34x","like",3,0,"2026-08-28T02:17:08.491Z"
"int_1790176426922_a59ksisuu","6a833395cee036cbf121a855","68c5583b9869e837e80ceabd","sess_explore_1790176426922_7txj2k","search_click",2,87,"2026-08-28T03:47:22.413Z"
"int_1790176426923_l95rnda1p","6a833394cee036cbf121a84d","68c5583b9869e837e80cead0","sess_explore_1790176426923_ul5sk1","view",1,54,"2026-08-28T05:58:25.220Z"
"int_1790176426504_ele1scg57","6a833393cee036cbf121a83d","68c5583b9869e837e80ceaba","sess_1790176426503_1fozvbi","view",1,127,"2026-08-28T06:16:23.364Z"
"int_1790176426504_hbebbnxel","6a833393cee036cbf121a83d","68c5583b9869e837e80ceafe","sess_1790176426503_1fozvbi","view",1,86,"2026-08-28T06:16:23.364Z"
"int_1790176426504_73lqa2y32","6a833393cee036cbf121a83d","68c5583b9869e837e80ce994","sess_1790176426503_1fozvbi","view",1,166,"2026-08-28T06:16:23.364Z"
"int_1790176426504_66bsn2uld","6a833393cee036cbf121a83d","68c5583b9869e837e80ceafe","sess_1790176426503_1fozvbi","like",3,0,"2026-08-28T06:16:38.364Z"
"int_1790176426504_kl53hkcpq","6a833393cee036cbf121a83d","68c5583b9869e837e80ceafe","sess_1790176426503_1fozvbi","add_to_cart",5,0,"2026-08-28T06:16:58.364Z"
"int_1790176426922_92qbze07c","6a833392cee036cbf121a82d","68c5583b9869e837e80cea8c","sess_explore_1790176426922_6irs2a","view",1,32,"2026-08-28T07:28:15.030Z"
"int_1790176426922_aqq25sry5","6a833392cee036cbf121a82d","68c5583b9869e837e80cea8c","sess_explore_1790176426922_6irs2a","like",3,0,"2026-08-28T07:28:25.030Z"
"int_1790176426921_oy6nndyu5","6a833392cee036cbf121a829","68c5583b9869e837e80cea76","sess_explore_1790176426921_9142u7","search_click",2,85,"2026-08-28T08:17:09.738Z"
"int_1790176426921_v5fyxlxvk","6a833392cee036cbf121a829","68c5583b9869e837e80cea76","sess_explore_1790176426921_9142u7","like",3,0,"2026-08-28T08:17:19.738Z"
"int_1790176426920_j6g02mywe","6a833397cee036cbf121a87d","68c5583b9869e837e80cea27","sess_explore_1790176426920_mim6q8","search_click",2,28,"2026-08-28T10:42:13.524Z"
"int_1790176426920_gkgi5fddg","6a833397cee036cbf121a87d","68c5583b9869e837e80cea27","sess_explore_1790176426920_mim6q8","like",3,0,"2026-08-28T10:42:23.524Z"
"int_1790176426921_dg35mddiq","6a833395cee036cbf121a85d","68c5583b9869e837e80cea3f","sess_explore_1790176426921_r35s29","view",1,52,"2026-08-28T10:47:31.070Z"
"int_1790176426921_08w134gf1","6a833395cee036cbf121a85d","68c5583b9869e837e80cea3f","sess_explore_1790176426921_r35s29","like",3,0,"2026-08-28T10:47:41.070Z"
"int_1790176426921_chyyvq5sx","6a833394cee036cbf121a847","68c5583b9869e837e80cea50","sess_explore_1790176426921_5f4suv","view",1,86,"2026-08-28T11:10:21.481Z"
"int_1790176426921_4txzggpoj","6a833394cee036cbf121a847","68c5583b9869e837e80cea50","sess_explore_1790176426921_5f4suv","like",3,0,"2026-08-28T11:10:31.481Z"
"int_1790176426919_0853tk1gy","6a833393cee036cbf121a841","68c5583b9869e837e80ce9be","sess_explore_1790176426919_2hluen","view",1,63,"2026-08-28T12:29:08.601Z"
"int_1790176426919_fa78f0gsb","6a833393cee036cbf121a841","68c5583b9869e837e80ce9be","sess_explore_1790176426919_2hluen","like",3,0,"2026-08-28T12:29:18.601Z"
"int_1790176426922_1rcb9jyw5","6a833396cee036cbf121a86b","68c5583b9869e837e80ceaa7","sess_explore_1790176426922_ig41ma","view",1,45,"2026-08-28T13:36:56.054Z"
"int_1790176426924_ruj62i5le","6a833394cee036cbf121a84d","68c5583b9869e837e80cead5","sess_explore_1790176426924_uq4uf8","search_click",2,69,"2026-08-28T13:38:30.305Z"
"int_1790176426924_n7lu9sv4a","6a833394cee036cbf121a84d","68c5583b9869e837e80cead5","sess_explore_1790176426924_uq4uf8","like",3,0,"2026-08-28T13:38:40.305Z"
"int_1790176426922_1g0129sss","6a833397cee036cbf121a875","68c5583b9869e837e80cea98","sess_explore_1790176426922_axehmv","search_click",2,57,"2026-08-28T13:57:49.085Z"
"int_1790176426924_x2cfjn1nc","6a833395cee036cbf121a85f","68c5583b9869e837e80cead3","sess_explore_1790176426924_c7v5vy","search_click",2,41,"2026-08-28T14:05:24.189Z"
"int_1790176426924_fbd0f0wvz","6a833395cee036cbf121a85f","68c5583b9869e837e80cead3","sess_explore_1790176426924_c7v5vy","like",3,0,"2026-08-28T14:05:34.189Z"
"int_1790176426925_kw5ogw67v","6a833396cee036cbf121a861","68c5583b9869e837e80ceaed","sess_explore_1790176426925_t5orrf","search_click",2,79,"2026-08-28T17:44:40.648Z"
"int_1790176426925_40vz67vrq","6a833396cee036cbf121a861","68c5583b9869e837e80ceaed","sess_explore_1790176426925_t5orrf","like",3,0,"2026-08-28T17:44:50.648Z"
"int_1790176426912_sc08ays6n","6a833398cee036cbf121a885","68c5583b9869e837e80ce9d6","sess_1790176426909_7wx02mj","view",1,162,"2026-08-28T18:14:20.028Z"
"int_1790176426912_dfw7kj35y","6a833398cee036cbf121a885","68c5583b9869e837e80ce976","sess_1790176426909_7wx02mj","view",1,32,"2026-08-28T18:14:20.028Z"
"int_1790176426912_8ahwh1lhl","6a833398cee036cbf121a885","68c5583b9869e837e80ceb00","sess_1790176426909_7wx02mj","view",1,42,"2026-08-28T18:14:20.028Z"
"int_1790176426912_rwkc2qzho","6a833398cee036cbf121a885","68c5583b9869e837e80ceb00","sess_1790176426909_7wx02mj","add_to_cart",5,0,"2026-08-28T18:14:55.028Z"
"int_1790176426922_cdcz0gmku","6a833397cee036cbf121a871","68c5583b9869e837e80ceaa8","sess_explore_1790176426922_ev9grq","search_click",2,32,"2026-08-28T21:21:48.132Z"
"int_1790176426922_xyyfxj08q","6a833398cee036cbf121a887","68c5583b9869e837e80ceab9","sess_explore_1790176426922_99mln3","search_click",2,82,"2026-08-28T21:34:58.555Z"
"int_1790176426919_edcjbqf1s","6a833398cee036cbf121a887","68c5583b9869e837e80ce9d4","sess_explore_1790176426919_ecxksw","view",1,30,"2026-08-28T21:35:57.222Z"
"int_1790176426535_8cp8edayo","6a833393cee036cbf121a841","68c5583b9869e837e80cea14","sess_1790176426533_0d8kx93","view",1,153,"2026-08-28T21:45:49.891Z"
"int_1790176426535_5qe07josj","6a833393cee036cbf121a841","68c5583b9869e837e80ce995","sess_1790176426533_0d8kx93","view",1,94,"2026-08-28T21:45:49.891Z"
"int_1790176426535_2btbhhhqh","6a833393cee036cbf121a841","68c5583b9869e837e80ce9fe","sess_1790176426533_0d8kx93","view",1,136,"2026-08-28T21:45:49.891Z"
"int_1790176426535_yfnztbh41","6a833393cee036cbf121a841","68c5583b9869e837e80cea14","sess_1790176426533_0d8kx93","like",3,0,"2026-08-28T21:46:04.891Z"
"int_1790176426535_g211x7hox","6a833393cee036cbf121a841","68c5583b9869e837e80ce995","sess_1790176426533_0d8kx93","add_to_cart",5,0,"2026-08-28T21:46:24.891Z"
"int_1790176426924_y9kmr3rmj","6a833396cee036cbf121a865","68c5583b9869e837e80ceadc","sess_explore_1790176426924_taejv2","search_click",2,38,"2026-08-28T22:42:04.108Z"
"int_1790176426664_drzgdlxkz","6a833395cee036cbf121a859","68c5583b9869e837e80ce9f3","sess_1790176426662_8pajfdt","view",1,120,"2026-08-28T22:59:51.846Z"
"int_1790176426664_nnr18x2uj","6a833395cee036cbf121a859","68c5583b9869e837e80cea07","sess_1790176426662_8pajfdt","view",1,35,"2026-08-28T22:59:51.846Z"
"int_1790176426664_f6bd5g51b","6a833395cee036cbf121a859","68c5583b9869e837e80ce9ea","sess_1790176426662_8pajfdt","view",1,101,"2026-08-28T22:59:51.846Z"
"int_1790176426664_lqktdi08i","6a833395cee036cbf121a859","68c5583b9869e837e80ce9ac","sess_1790176426662_8pajfdt","view",1,68,"2026-08-28T22:59:51.846Z"
"int_1790176426664_w9gzulio1","6a833395cee036cbf121a859","68c5583b9869e837e80ce98e","sess_1790176426662_8pajfdt","view",1,157,"2026-08-28T22:59:51.846Z"
"int_1790176426664_ixex4ig7k","6a833395cee036cbf121a859","68c5583b9869e837e80cea07","sess_1790176426662_8pajfdt","like",3,0,"2026-08-28T23:00:06.846Z"
"int_1790176426664_nnihn5d6a","6a833395cee036cbf121a859","68c5583b9869e837e80ce9ea","sess_1790176426662_8pajfdt","like",3,0,"2026-08-28T23:00:06.846Z"
"int_1790176426664_6adn8jiov","6a833395cee036cbf121a859","68c5583b9869e837e80ce9ac","sess_1790176426662_8pajfdt","like",3,0,"2026-08-28T23:00:06.846Z"
"int_1790176426664_0nzieslt9","6a833395cee036cbf121a859","68c5583b9869e837e80cea07","sess_1790176426662_8pajfdt","add_to_cart",5,0,"2026-08-28T23:00:26.846Z"
"int_1790176426664_vzhq9ixa3","6a833395cee036cbf121a859","68c5583b9869e837e80cea07","sess_1790176426662_8pajfdt","purchase",10,0,"2026-08-28T23:00:51.846Z"
"int_1790176426919_tsjw79an6","6a833392cee036cbf121a831","68c5583b9869e837e80ce9a1","sess_explore_1790176426919_fwnfw2","view",1,39,"2026-08-29T01:12:34.987Z"
"int_1790176426919_3h32v0qfh","6a833392cee036cbf121a831","68c5583b9869e837e80ce9a1","sess_explore_1790176426919_fwnfw2","like",3,0,"2026-08-29T01:12:44.987Z"
"int_1790176426924_eyvmtpvq5","6a833396cee036cbf121a86f","68c5583b9869e837e80cead4","sess_explore_1790176426924_iwggvn","view",1,72,"2026-08-29T01:22:23.072Z"
"int_1790176426921_14p2dc3l2","6a833392cee036cbf121a82d","68c5583b9869e837e80cea74","sess_explore_1790176426921_bin8ws","search_click",2,48,"2026-08-29T01:28:43.187Z"
"int_1790176426921_q4ohyxzi6","6a833392cee036cbf121a82d","68c5583b9869e837e80cea74","sess_explore_1790176426921_bin8ws","like",3,0,"2026-08-29T01:28:53.187Z"
"int_1790176426920_v88pchxbc","6a7fc9164585d7fd0f495064","68c5583b9869e837e80cea27","sess_explore_1790176426920_ylcj2k","search_click",2,88,"2026-08-29T01:45:23.385Z"
"int_1790176426920_3wa4s4cp4","6a833396cee036cbf121a86b","68c5583b9869e837e80ce9ef","sess_explore_1790176426920_sk8fx5","view",1,32,"2026-08-29T03:45:23.091Z"
"int_1790176426920_iydze6p85","6a833396cee036cbf121a86b","68c5583b9869e837e80ce9ef","sess_explore_1790176426920_sk8fx5","like",3,0,"2026-08-29T03:45:33.091Z"
"int_1790176426922_8qmygelsy","6a833392cee036cbf121a829","68c5583b9869e837e80cea81","sess_explore_1790176426922_qiz9if","search_click",2,73,"2026-08-29T03:54:39.730Z"
"int_1790176426764_8gkbwjvnd","6a833396cee036cbf121a86d","68c5583b9869e837e80cea9c","sess_1790176426759_4qeu5my","view",1,87,"2026-08-29T04:28:23.984Z"
"int_1790176426765_b535wx7ov","6a833396cee036cbf121a86d","68c5583b9869e837e80cea3e","sess_1790176426759_4qeu5my","view",1,148,"2026-08-29T04:28:23.984Z"
"int_1790176426765_ij5974jw8","6a833396cee036cbf121a86d","68c5583b9869e837e80cea9b","sess_1790176426759_4qeu5my","view",1,56,"2026-08-29T04:28:23.984Z"
"int_1790176426765_53phw0mp2","6a833396cee036cbf121a86d","68c5583b9869e837e80cea40","sess_1790176426759_4qeu5my","view",1,78,"2026-08-29T04:28:23.984Z"
"int_1790176426765_1lgq5moq0","6a833396cee036cbf121a86d","68c5583b9869e837e80ce994","sess_1790176426759_4qeu5my","view",1,83,"2026-08-29T04:28:23.984Z"
"int_1790176426765_ucfcw3dry","6a833396cee036cbf121a86d","68c5583b9869e837e80cea9b","sess_1790176426759_4qeu5my","like",3,0,"2026-08-29T04:28:38.984Z"
"int_1790176426765_v3usml2gu","6a833396cee036cbf121a86d","68c5583b9869e837e80ce994","sess_1790176426759_4qeu5my","like",3,0,"2026-08-29T04:28:38.984Z"
"int_1790176426765_olqv4pqyh","6a833396cee036cbf121a86d","68c5583b9869e837e80cea9c","sess_1790176426759_4qeu5my","add_to_cart",5,0,"2026-08-29T04:28:58.984Z"
"int_1790176426765_p8tdwo5ul","6a833396cee036cbf121a86d","68c5583b9869e837e80cea9b","sess_1790176426759_4qeu5my","add_to_cart",5,0,"2026-08-29T04:28:58.984Z"
"int_1790176426920_b015laicx","6a833395cee036cbf121a857","68c5583b9869e837e80cea1f","sess_explore_1790176426920_078fy7","view",1,28,"2026-08-29T06:17:06.918Z"
"int_1790176426920_xmxd14mtr","6a833394cee036cbf121a847","68c5583b9869e837e80cea1a","sess_explore_1790176426920_b7xmpa","search_click",2,34,"2026-08-29T07:20:11.496Z"
"int_1790176426924_hcc34e7oc","6a833394cee036cbf121a84f","68c5583b9869e837e80cead5","sess_explore_1790176426924_dr2nqy","view",1,40,"2026-08-29T07:51:51.228Z"
"int_1790176426922_e04ocj211","6a833395cee036cbf121a857","68c5583b9869e837e80ceab6","sess_explore_1790176426922_i84ejt","view",1,62,"2026-08-29T09:26:29.782Z"
"int_1790176426474_qf6sxy7ll","6a833393cee036cbf121a835","68c5583b9869e837e80ceabf","sess_1790176426472_rfsitit","view",1,23,"2026-08-29T11:09:09.250Z"
"int_1790176426474_syl3t67mh","6a833393cee036cbf121a835","68c5583b9869e837e80cea06","sess_1790176426472_rfsitit","view",1,107,"2026-08-29T11:09:09.250Z"
"int_1790176426474_2bev1pr3b","6a833393cee036cbf121a835","68c5583b9869e837e80cead7","sess_1790176426472_rfsitit","view",1,51,"2026-08-29T11:09:09.250Z"
"int_1790176426380_k6dh92d7y","6a27ed55b6d7638a2acaa654","68c5583b9869e837e80cea3a","sess_1790176426378_260i81e","view",1,41,"2026-08-29T11:37:32.672Z"
"int_1790176426380_9qu7x1ced","6a27ed55b6d7638a2acaa654","68c5583b9869e837e80cea1d","sess_1790176426378_260i81e","view",1,102,"2026-08-29T11:37:32.672Z"
"int_1790176426380_dw0lb2i0w","6a27ed55b6d7638a2acaa654","68c5583b9869e837e80cea7d","sess_1790176426378_260i81e","view",1,52,"2026-08-29T11:37:32.672Z"
"int_1790176426380_fgpc8xixh","6a27ed55b6d7638a2acaa654","68c5583b9869e837e80cea3a","sess_1790176426378_260i81e","like",3,0,"2026-08-29T11:37:47.672Z"
"int_1790176426921_vhrsyis8p","6a833395cee036cbf121a85b","68c5583b9869e837e80cea49","sess_explore_1790176426921_zxq7ar","search_click",2,45,"2026-08-29T13:40:30.996Z"
"int_1790176426922_sd9vy5wsi","6a833392cee036cbf121a827","68c5583b9869e837e80cea95","sess_explore_1790176426922_f08hxa","search_click",2,35,"2026-08-29T15:25:18.142Z"
"int_1790176426922_u1dlu5mhk","6a833392cee036cbf121a827","68c5583b9869e837e80cea95","sess_explore_1790176426922_f08hxa","like",3,0,"2026-08-29T15:25:28.142Z"
"int_1790176426921_pzzik0qt6","6a833398cee036cbf121a883","68c5583b9869e837e80cea5e","sess_explore_1790176426921_mfegtp","view",1,87,"2026-08-29T15:32:07.191Z"
"int_1790176426922_rbi42fiag","6a833397cee036cbf121a873","68c5583b9869e837e80cea86","sess_explore_1790176426922_yl8h93","view",1,60,"2026-08-29T16:10:18.171Z"
"int_1790176426922_5adl0jgzi","6a833397cee036cbf121a873","68c5583b9869e837e80cea86","sess_explore_1790176426922_yl8h93","like",3,0,"2026-08-29T16:10:28.171Z"
"int_1790176426919_2flm7q90z","6a833393cee036cbf121a835","68c5583b9869e837e80ce9c3","sess_explore_1790176426919_s1vo5s","search_click",2,83,"2026-08-29T22:15:06.748Z"
"int_1790176426919_4w9y8nevt","6a833393cee036cbf121a835","68c5583b9869e837e80ce9c3","sess_explore_1790176426919_s1vo5s","like",3,0,"2026-08-29T22:15:16.748Z"
"int_1790176426921_tverd564e","6a833397cee036cbf121a873","68c5583b9869e837e80cea6b","sess_explore_1790176426921_bmp30c","view",1,39,"2026-08-29T22:28:14.969Z"
"int_1790176426921_e2m3r0ph2","6a833397cee036cbf121a873","68c5583b9869e837e80cea6b","sess_explore_1790176426921_bmp30c","like",3,0,"2026-08-29T22:28:24.969Z"
"int_1790176426925_gn7hefgg3","6a833395cee036cbf121a85d","68c5583b9869e837e80ceaef","sess_explore_1790176426925_qwzt2k","search_click",2,56,"2026-08-29T23:01:18.295Z"
"int_1790176426922_2m308fp2p","6a833396cee036cbf121a86f","68c5583b9869e837e80ceab7","sess_explore_1790176426922_joxnwp","search_click",2,82,"2026-08-30T01:10:43.697Z"
"int_1790176426922_jtzjh21h3","6a833396cee036cbf121a86f","68c5583b9869e837e80ceab7","sess_explore_1790176426922_joxnwp","like",3,0,"2026-08-30T01:10:53.697Z"
"int_1790176426920_0usoc42n6","6a833398cee036cbf121a885","68c5583b9869e837e80cea05","sess_explore_1790176426920_uc7wss","search_click",2,46,"2026-08-30T01:21:38.841Z"
"int_1790176426920_m8mio145s","6a833398cee036cbf121a885","68c5583b9869e837e80cea05","sess_explore_1790176426920_uc7wss","like",3,0,"2026-08-30T01:21:48.841Z"
"int_1790176426925_wc7r08kxg","6a833393cee036cbf121a843","68c5583b9869e837e80ceaf2","sess_explore_1790176426925_wch5jc","search_click",2,80,"2026-08-30T02:14:29.778Z"
"int_1790176426925_pdm044qcx","6a833393cee036cbf121a843","68c5583b9869e837e80ceaf2","sess_explore_1790176426925_wch5jc","like",3,0,"2026-08-30T02:14:39.778Z"
"int_1790176426640_u6unkxroq","6a833394cee036cbf121a851","68c5583b9869e837e80ce9a9","sess_1790176426636_ewrcc4g","view",1,72,"2026-08-30T03:15:06.559Z"
"int_1790176426641_zdmhl6d0e","6a833394cee036cbf121a851","68c5583b9869e837e80ce9e1","sess_1790176426636_ewrcc4g","view",1,47,"2026-08-30T03:15:06.559Z"
"int_1790176426641_deg8f6e7f","6a833394cee036cbf121a851","68c5583b9869e837e80cea5b","sess_1790176426636_ewrcc4g","view",1,86,"2026-08-30T03:15:06.559Z"
"int_1790176426641_jmsxf6fmz","6a833394cee036cbf121a851","68c5583b9869e837e80ce9e1","sess_1790176426636_ewrcc4g","like",3,0,"2026-08-30T03:15:21.559Z"
"int_1790176426641_nud0jr927","6a833394cee036cbf121a851","68c5583b9869e837e80ce9a9","sess_1790176426636_ewrcc4g","add_to_cart",5,0,"2026-08-30T03:15:41.559Z"
"int_1790176426641_8owhirtci","6a833394cee036cbf121a851","68c5583b9869e837e80ce9e1","sess_1790176426636_ewrcc4g","add_to_cart",5,0,"2026-08-30T03:15:41.559Z"
"int_1790176426921_i96sji0sb","6a833393cee036cbf121a843","68c5583b9869e837e80cea50","sess_explore_1790176426921_bjsmmv","search_click",2,49,"2026-08-30T04:43:00.226Z"
"int_1790176426542_8n97u2k1y","6a833393cee036cbf121a841","68c5583b9869e837e80ce995","sess_1790176426540_gzfnlmy","view",1,130,"2026-08-30T09:01:13.429Z"
"int_1790176426542_lhk15ihk0","6a833393cee036cbf121a841","68c5583b9869e837e80ce9bf","sess_1790176426540_gzfnlmy","view",1,91,"2026-08-30T09:01:13.429Z"
"int_1790176426542_wm780ktcl","6a833393cee036cbf121a841","68c5583b9869e837e80cea02","sess_1790176426540_gzfnlmy","view",1,175,"2026-08-30T09:01:13.429Z"
"int_1790176426542_x64qlytzm","6a833393cee036cbf121a841","68c5583b9869e837e80cea17","sess_1790176426540_gzfnlmy","view",1,59,"2026-08-30T09:01:13.429Z"
"int_1790176426924_27gy85fay","6a833395cee036cbf121a859","68c5583b9869e837e80cead8","sess_explore_1790176426924_udcjth","view",1,73,"2026-08-30T09:41:54.671Z"
"int_1790176426923_6zu6juhf1","6a833394cee036cbf121a84d","68c5583b9869e837e80ceac7","sess_explore_1790176426923_0l2clk","search_click",2,87,"2026-08-30T10:53:29.300Z"
"int_1790176426923_drn4uvtzh","6a833394cee036cbf121a84d","68c5583b9869e837e80ceac7","sess_explore_1790176426923_0l2clk","like",3,0,"2026-08-30T10:53:39.300Z"
"int_1790176426922_xb22la6ae","6a7fc9164585d7fd0f495064","68c5583b9869e837e80cea90","sess_explore_1790176426922_p87o4m","search_click",2,35,"2026-08-30T11:25:42.992Z"
"int_1790176426923_txr6224en","6a833394cee036cbf121a849","68c5583b9869e837e80cead0","sess_explore_1790176426923_rxa1e9","search_click",2,65,"2026-08-30T12:18:27.121Z"
"int_1790176426922_6ufjxfifl","6a833398cee036cbf121a885","68c5583b9869e837e80ceaad","sess_explore_1790176426922_v20wbj","search_click",2,41,"2026-08-30T13:43:28.322Z"
"int_1790176426922_p1u3z8kdg","6a833398cee036cbf121a885","68c5583b9869e837e80ceaad","sess_explore_1790176426922_v20wbj","like",3,0,"2026-08-30T13:43:38.322Z"
"int_1790176426919_v7wyaoey5","6a833396cee036cbf121a869","68c5583b9869e837e80ce9ae","sess_explore_1790176426919_bk59en","view",1,70,"2026-08-30T14:44:41.941Z"
"int_1790176426889_u57f69q8i","6a833398cee036cbf121a881","68c5583b9869e837e80cea03","sess_1790176426886_r0m56sm","view",1,82,"2026-08-30T15:58:44.219Z"
"int_1790176426889_cr438afue","6a833398cee036cbf121a881","68c5583b9869e837e80ce99c","sess_1790176426886_r0m56sm","view",1,96,"2026-08-30T15:58:44.219Z"
"int_1790176426889_p7wv5gisg","6a833398cee036cbf121a881","68c5583b9869e837e80cea13","sess_1790176426886_r0m56sm","view",1,180,"2026-08-30T15:58:44.219Z"
"int_1790176426889_j0063prkx","6a833398cee036cbf121a881","68c5583b9869e837e80cea03","sess_1790176426886_r0m56sm","add_to_cart",5,0,"2026-08-30T15:59:19.219Z"
"int_1790176426920_6vxhbymq7","6a833397cee036cbf121a877","68c5583b9869e837e80cea1a","sess_explore_1790176426920_oxbaup","search_click",2,32,"2026-08-30T16:36:09.897Z"
"int_1790176426920_kzvlfqaep","6a833397cee036cbf121a877","68c5583b9869e837e80cea1a","sess_explore_1790176426920_oxbaup","like",3,0,"2026-08-30T16:36:19.897Z"
"int_1790176426920_m93e4m91h","6a833393cee036cbf121a837","68c5583b9869e837e80cea01","sess_explore_1790176426920_28j6kd","search_click",2,35,"2026-08-30T16:49:50.713Z"
"int_1790176426921_riuy30v5p","6a83085d4d4fb77855083406","68c5583b9869e837e80cea77","sess_explore_1790176426921_n4wj8i","view",1,89,"2026-08-30T16:58:13.127Z"
"int_1790176426388_czn5umos5","6a7fc9164585d7fd0f495064","68c5583b9869e837e80ce97d","sess_1790176426386_aw4k2bh","view",1,130,"2026-08-30T17:26:40.723Z"
"int_1790176426388_69zjqpwkg","6a7fc9164585d7fd0f495064","68c5583b9869e837e80cea15","sess_1790176426386_aw4k2bh","view",1,85,"2026-08-30T17:26:40.723Z"
"int_1790176426388_2f9yef4kt","6a7fc9164585d7fd0f495064","68c5583b9869e837e80cea12","sess_1790176426386_aw4k2bh","view",1,136,"2026-08-30T17:26:40.723Z"
"int_1790176426388_1t8ayrx3z","6a7fc9164585d7fd0f495064","68c5583b9869e837e80ce9df","sess_1790176426386_aw4k2bh","view",1,27,"2026-08-30T17:26:40.723Z"
"int_1790176426388_pbu8scjhs","6a7fc9164585d7fd0f495064","68c5583b9869e837e80ce9e2","sess_1790176426386_aw4k2bh","view",1,89,"2026-08-30T17:26:40.723Z"
"int_1790176426388_ftrkbff2t","6a7fc9164585d7fd0f495064","68c5583b9869e837e80cea15","sess_1790176426386_aw4k2bh","like",3,0,"2026-08-30T17:26:55.723Z"
"int_1790176426388_a7507kkl5","6a7fc9164585d7fd0f495064","68c5583b9869e837e80ce9e2","sess_1790176426386_aw4k2bh","like",3,0,"2026-08-30T17:26:55.723Z"
"int_1790176426388_a7xn77dv1","6a7fc9164585d7fd0f495064","68c5583b9869e837e80ce97d","sess_1790176426386_aw4k2bh","add_to_cart",5,0,"2026-08-30T17:27:15.723Z"
"int_1790176426388_31lfyb5nr","6a7fc9164585d7fd0f495064","68c5583b9869e837e80cea12","sess_1790176426386_aw4k2bh","add_to_cart",5,0,"2026-08-30T17:27:15.723Z"
"int_1790176426697_uef7ft5fk","6a833395cee036cbf121a85f","68c5583b9869e837e80cea10","sess_1790176426694_syi2021","view",1,53,"2026-08-30T17:34:56.440Z"
"int_1790176426697_k29n6r6nh","6a833395cee036cbf121a85f","68c5583b9869e837e80cea3a","sess_1790176426694_syi2021","view",1,26,"2026-08-30T17:34:56.440Z"
"int_1790176426697_ijf65mez5","6a833395cee036cbf121a85f","68c5583b9869e837e80ce9e1","sess_1790176426694_syi2021","view",1,21,"2026-08-30T17:34:56.440Z"
"int_1790176426697_d8qy2pq5h","6a833395cee036cbf121a85f","68c5583b9869e837e80ce983","sess_1790176426694_syi2021","view",1,66,"2026-08-30T17:34:56.440Z"
"int_1790176426697_crtrc42y3","6a833395cee036cbf121a85f","68c5583b9869e837e80cea1d","sess_1790176426694_syi2021","view",1,89,"2026-08-30T17:34:56.440Z"
"int_1790176426697_5glyaomo6","6a833395cee036cbf121a85f","68c5583b9869e837e80ce9e1","sess_1790176426694_syi2021","like",3,0,"2026-08-30T17:35:11.440Z"
"int_1790176426697_jj89p2lys","6a833395cee036cbf121a85f","68c5583b9869e837e80ce983","sess_1790176426694_syi2021","like",3,0,"2026-08-30T17:35:11.440Z"
"int_1790176426697_mk5uel8t9","6a833395cee036cbf121a85f","68c5583b9869e837e80cea10","sess_1790176426694_syi2021","add_to_cart",5,0,"2026-08-30T17:35:31.440Z"
"int_1790176426697_t0ys55w12","6a833395cee036cbf121a85f","68c5583b9869e837e80ce983","sess_1790176426694_syi2021","add_to_cart",5,0,"2026-08-30T17:35:31.440Z"
"int_1790176426921_tmfzsjhml","6a833395cee036cbf121a855","68c5583b9869e837e80cea53","sess_explore_1790176426921_ooosp0","view",1,78,"2026-08-30T17:45:52.943Z"
"int_1790176426919_ldt2fdbgv","6a833398cee036cbf121a887","68c5583b9869e837e80ce9d4","sess_explore_1790176426919_s32pki","view",1,47,"2026-08-30T18:18:32.823Z"
"int_1790176426919_ntbuzgdh0","6a833398cee036cbf121a87f","68c5583b9869e837e80ce9c5","sess_explore_1790176426919_9lqhxs","view",1,28,"2026-08-30T18:53:03.431Z"
"int_1790176426924_ycgoandyw","6a833393cee036cbf121a83f","68c5583b9869e837e80ceae5","sess_explore_1790176426924_j0tfjp","view",1,30,"2026-08-30T19:12:03.985Z"
"int_1790176426921_0rc0nguhu","6a833396cee036cbf121a867","68c5583b9869e837e80cea67","sess_explore_1790176426921_zm353t","view",1,81,"2026-08-30T20:15:46.972Z"
"int_1790176426386_k89pvifxy","6a7fc9164585d7fd0f495064","68c5583b9869e837e80ce9e2","sess_1790176426385_uds6mor","view",1,59,"2026-08-30T22:35:02.737Z"
"int_1790176426386_ey74qacgw","6a7fc9164585d7fd0f495064","68c5583b9869e837e80cea17","sess_1790176426385_uds6mor","view",1,39,"2026-08-30T22:35:02.737Z"
"int_1790176426386_6e72xtkuq","6a7fc9164585d7fd0f495064","68c5583b9869e837e80cea12","sess_1790176426385_uds6mor","view",1,119,"2026-08-30T22:35:02.737Z"
"int_1790176426386_ll08dlwwb","6a7fc9164585d7fd0f495064","68c5583b9869e837e80cea1d","sess_1790176426385_uds6mor","view",1,156,"2026-08-30T22:35:02.737Z"
"int_1790176426386_hztj3q4i5","6a7fc9164585d7fd0f495064","68c5583b9869e837e80cea23","sess_1790176426385_uds6mor","view",1,84,"2026-08-30T22:35:02.737Z"
"int_1790176426386_w7p6oji74","6a7fc9164585d7fd0f495064","68c5583b9869e837e80cea23","sess_1790176426385_uds6mor","add_to_cart",5,0,"2026-08-30T22:35:37.737Z"
"int_1790176426925_l0dxvsslk","6a833398cee036cbf121a881","68c5583b9869e837e80ceaf3","sess_explore_1790176426925_0pvyjt","view",1,39,"2026-08-31T00:50:05.198Z"
"int_1790176426924_fcxxt6asv","6a833398cee036cbf121a87f","68c5583b9869e837e80cead4","sess_explore_1790176426924_bdwvc0","view",1,36,"2026-08-31T01:23:54.750Z"
"int_1790176426919_ak68wskd3","6a833393cee036cbf121a83d","68c5583b9869e837e80ce9c7","sess_explore_1790176426919_4965qe","search_click",2,72,"2026-08-31T04:40:00.730Z"
"int_1790176426464_bcy918h32","6a833392cee036cbf121a831","68c5583b9869e837e80cea1e","sess_1790176426462_31914nm","view",1,67,"2026-08-31T04:47:02.029Z"
"int_1790176426464_ffsy8bwwo","6a833392cee036cbf121a831","68c5583b9869e837e80cea00","sess_1790176426462_31914nm","view",1,151,"2026-08-31T04:47:02.029Z"
"int_1790176426464_3ax6qofxj","6a833392cee036cbf121a831","68c5583b9869e837e80ce9ab","sess_1790176426462_31914nm","view",1,178,"2026-08-31T04:47:02.029Z"
"int_1790176426464_sjr5v4tho","6a833392cee036cbf121a831","68c5583b9869e837e80cea1e","sess_1790176426462_31914nm","like",3,0,"2026-08-31T04:47:17.029Z"
"int_1790176426464_cql2i9v63","6a833392cee036cbf121a831","68c5583b9869e837e80ce9ab","sess_1790176426462_31914nm","add_to_cart",5,0,"2026-08-31T04:47:37.029Z"
"int_1790176426893_cmgrxuy7w","6a833398cee036cbf121a883","68c5583b9869e837e80cea00","sess_1790176426889_h2mr9xg","view",1,103,"2026-08-31T05:04:15.361Z"
"int_1790176426894_nls5c9pat","6a833398cee036cbf121a883","68c5583b9869e837e80cea12","sess_1790176426889_h2mr9xg","view",1,142,"2026-08-31T05:04:15.361Z"
"int_1790176426894_nfhh3uc7m","6a833398cee036cbf121a883","68c5583b9869e837e80ceadf","sess_1790176426889_h2mr9xg","view",1,165,"2026-08-31T05:04:15.361Z"
"int_1790176426894_dym9n6t1h","6a833398cee036cbf121a883","68c5583b9869e837e80ceadf","sess_1790176426889_h2mr9xg","like",3,0,"2026-08-31T05:04:30.361Z"
"int_1790176426894_jusgagxym","6a833398cee036cbf121a883","68c5583b9869e837e80cea12","sess_1790176426889_h2mr9xg","add_to_cart",5,0,"2026-08-31T05:04:50.361Z"
"int_1790176426734_u3z3ble3y","6a833396cee036cbf121a86b","68c5583b9869e837e80cea30","sess_1790176426732_l3izfuw","view",1,39,"2026-08-31T05:13:44.323Z"
"int_1790176426734_uapxnec89","6a833396cee036cbf121a86b","68c5583b9869e837e80cea42","sess_1790176426732_l3izfuw","view",1,177,"2026-08-31T05:13:44.323Z"
"int_1790176426734_9rv3wwupk","6a833396cee036cbf121a86b","68c5583b9869e837e80cea62","sess_1790176426732_l3izfuw","view",1,30,"2026-08-31T05:13:44.323Z"
"int_1790176426734_a3zecwq5m","6a833396cee036cbf121a86b","68c5583b9869e837e80cea5f","sess_1790176426732_l3izfuw","view",1,54,"2026-08-31T05:13:44.323Z"
"int_1790176426734_3s2wy0k7q","6a833396cee036cbf121a86b","68c5583b9869e837e80cea1b","sess_1790176426732_l3izfuw","view",1,132,"2026-08-31T05:13:44.323Z"
"int_1790176426734_b872hmlco","6a833396cee036cbf121a86b","68c5583b9869e837e80cea63","sess_1790176426732_l3izfuw","view",1,81,"2026-08-31T05:13:44.323Z"
"int_1790176426734_s8yfdqh7y","6a833396cee036cbf121a86b","68c5583b9869e837e80cea30","sess_1790176426732_l3izfuw","like",3,0,"2026-08-31T05:13:59.323Z"
"int_1790176426925_y6yzsqxdt","6a833397cee036cbf121a875","68c5583b9869e837e80ceaea","sess_explore_1790176426925_htunkw","view",1,72,"2026-08-31T05:23:22.715Z"
"int_1790176426925_qj4plwno6","6a833396cee036cbf121a869","68c5583b9869e837e80ceb02","sess_explore_1790176426925_paz03c","search_click",2,74,"2026-08-31T05:41:42.814Z"
"int_1790176426923_slwu47jra","6a833393cee036cbf121a83b","68c5583b9869e837e80ceac1","sess_explore_1790176426923_zgu0yb","search_click",2,87,"2026-08-31T06:03:25.264Z"
"int_1790176426922_m0z8pr2mg","6a833392cee036cbf121a82b","68c5583b9869e837e80cea98","sess_explore_1790176426922_r41m8a","view",1,84,"2026-08-31T06:29:14.492Z"
"int_1790176426922_aeln8dmw9","6a833396cee036cbf121a86f","68c5583b9869e837e80cea95","sess_explore_1790176426922_2imjt3","search_click",2,27,"2026-08-31T06:35:37.487Z"
"int_1790176426920_t85f0zlwv","6914018db8d9d9ea54857a42","68c5583b9869e837e80cea05","sess_explore_1790176426920_d2iv7h","view",1,40,"2026-08-31T07:51:08.702Z"
"int_1790176426920_1y14uvqpn","6914018db8d9d9ea54857a42","68c5583b9869e837e80cea05","sess_explore_1790176426920_d2iv7h","like",3,0,"2026-08-31T07:51:18.702Z"
"int_1790176426679_8l48495lh","6a833395cee036cbf121a85d","68c5583b9869e837e80cea7c","sess_1790176426677_1kwp9sx","view",1,178,"2026-08-31T08:40:59.980Z"
"int_1790176426679_e2guxjxhe","6a833395cee036cbf121a85d","68c5583b9869e837e80cea5d","sess_1790176426677_1kwp9sx","view",1,173,"2026-08-31T08:40:59.980Z"
"int_1790176426679_1pb7w9jzg","6a833395cee036cbf121a85d","68c5583b9869e837e80ceaac","sess_1790176426677_1kwp9sx","view",1,170,"2026-08-31T08:40:59.980Z"
"int_1790176426679_1f1sgmvw2","6a833395cee036cbf121a85d","68c5583b9869e837e80ceaac","sess_1790176426677_1kwp9sx","like",3,0,"2026-08-31T08:41:14.980Z"
"int_1790176426679_yawkotc2c","6a833395cee036cbf121a85d","68c5583b9869e837e80ceaac","sess_1790176426677_1kwp9sx","add_to_cart",5,0,"2026-08-31T08:41:34.980Z"
"int_1790176426679_p63wzge8u","6a833395cee036cbf121a85d","68c5583b9869e837e80ceaac","sess_1790176426677_1kwp9sx","purchase",10,0,"2026-08-31T08:41:59.980Z"
"int_1790176426922_ws98jjbhs","6a833392cee036cbf121a82d","68c5583b9869e837e80ceabd","sess_explore_1790176426922_timklc","view",1,90,"2026-08-31T08:55:48.907Z"
"int_1790176426922_b7fzlf3j9","6a833397cee036cbf121a871","68c5583b9869e837e80cea88","sess_explore_1790176426922_lf4j7h","view",1,64,"2026-08-31T09:52:01.048Z"
"int_1790176426921_zhldtaygd","6a833397cee036cbf121a871","68c5583b9869e837e80cea6d","sess_explore_1790176426921_ztgmpc","view",1,68,"2026-08-31T12:00:28.340Z"
"int_1790176426921_kutmy4egk","6a833397cee036cbf121a871","68c5583b9869e837e80cea6d","sess_explore_1790176426921_ztgmpc","like",3,0,"2026-08-31T12:00:38.340Z"
"int_1790176426647_cdz4ipet6","6a833395cee036cbf121a853","68c5583b9869e837e80cea45","sess_1790176426644_nwocu38","view",1,57,"2026-08-31T13:46:50.565Z"
"int_1790176426647_gqtu7fvxo","6a833395cee036cbf121a853","68c5583b9869e837e80cea02","sess_1790176426644_nwocu38","view",1,44,"2026-08-31T13:46:50.565Z"
"int_1790176426647_p1al20cvg","6a833395cee036cbf121a853","68c5583b9869e837e80cea14","sess_1790176426644_nwocu38","view",1,152,"2026-08-31T13:46:50.565Z"
"int_1790176426647_k4e9fb7tp","6a833395cee036cbf121a853","68c5583b9869e837e80cea02","sess_1790176426644_nwocu38","like",3,0,"2026-08-31T13:47:05.565Z"
"int_1790176426647_f2lz4tsgx","6a833395cee036cbf121a853","68c5583b9869e837e80cea02","sess_1790176426644_nwocu38","add_to_cart",5,0,"2026-08-31T13:47:25.565Z"
"int_1790176426647_uev9vk9ul","6a833395cee036cbf121a853","68c5583b9869e837e80cea14","sess_1790176426644_nwocu38","add_to_cart",5,0,"2026-08-31T13:47:25.565Z"
"int_1790176426527_bu3k5u92i","6a833393cee036cbf121a841","68c5583b9869e837e80cea14","sess_1790176426524_8ip0wlz","view",1,28,"2026-08-31T14:57:10.573Z"
"int_1790176426527_yoxhuscv4","6a833393cee036cbf121a841","68c5583b9869e837e80ce9df","sess_1790176426524_8ip0wlz","view",1,87,"2026-08-31T14:57:10.573Z"
"int_1790176426527_igjzs5df5","6a833393cee036cbf121a841","68c5583b9869e837e80cea13","sess_1790176426524_8ip0wlz","view",1,149,"2026-08-31T14:57:10.573Z"
"int_1790176426527_x0c54qz5l","6a833393cee036cbf121a841","68c5583b9869e837e80cea12","sess_1790176426524_8ip0wlz","view",1,170,"2026-08-31T14:57:10.573Z"
"int_1790176426527_wamday8so","6a833393cee036cbf121a841","68c5583b9869e837e80cea13","sess_1790176426524_8ip0wlz","like",3,0,"2026-08-31T14:57:25.573Z"
"int_1790176426527_w74scdycw","6a833393cee036cbf121a841","68c5583b9869e837e80cea12","sess_1790176426524_8ip0wlz","add_to_cart",5,0,"2026-08-31T14:57:45.573Z"
"int_1790176426580_0dhpm1625","6a833394cee036cbf121a84b","68c5583b9869e837e80ce9dc","sess_1790176426576_bmi5cb6","view",1,43,"2026-08-31T15:07:05.892Z"
"int_1790176426580_plr4yz8m6","6a833394cee036cbf121a84b","68c5583b9869e837e80cea63","sess_1790176426576_bmi5cb6","view",1,151,"2026-08-31T15:07:05.892Z"
"int_1790176426580_bg80mih0m","6a833394cee036cbf121a84b","68c5583b9869e837e80cea41","sess_1790176426576_bmi5cb6","view",1,151,"2026-08-31T15:07:05.892Z"
"int_1790176426580_o1wf62dki","6a833394cee036cbf121a84b","68c5583b9869e837e80ce9de","sess_1790176426576_bmi5cb6","view",1,120,"2026-08-31T15:07:05.892Z"
"int_1790176426580_wt6m98pog","6a833394cee036cbf121a84b","68c5583b9869e837e80ce98a","sess_1790176426576_bmi5cb6","view",1,72,"2026-08-31T15:07:05.892Z"
"int_1790176426580_g3nej693m","6a833394cee036cbf121a84b","68c5583b9869e837e80ce9d7","sess_1790176426576_bmi5cb6","view",1,25,"2026-08-31T15:07:05.892Z"
"int_1790176426580_mhlrgfv98","6a833394cee036cbf121a84b","68c5583b9869e837e80cea63","sess_1790176426576_bmi5cb6","like",3,0,"2026-08-31T15:07:20.892Z"
"int_1790176426580_c85jm7sst","6a833394cee036cbf121a84b","68c5583b9869e837e80cea41","sess_1790176426576_bmi5cb6","like",3,0,"2026-08-31T15:07:20.892Z"
"int_1790176426925_c71wl249y","6a833393cee036cbf121a835","68c5583b9869e837e80ceaee","sess_explore_1790176426925_pwtl8h","view",1,58,"2026-08-31T15:13:08.249Z"
"int_1790176426923_17lnjl8q2","6a833396cee036cbf121a86d","68c5583b9869e837e80ceac3","sess_explore_1790176426923_muhuou","view",1,65,"2026-08-31T15:21:45.919Z"
"int_1790176426921_47edwby0y","6a833395cee036cbf121a855","68c5583b9869e837e80cea53","sess_explore_1790176426921_qbh70g","search_click",2,79,"2026-08-31T15:41:43.673Z"
"int_1790176426920_hu9dxyuy9","6a833398cee036cbf121a87f","68c5583b9869e837e80cea36","sess_explore_1790176426920_jdj3tp","search_click",2,34,"2026-08-31T18:08:43.496Z"
"int_1790176426584_99td7akpj","6a833394cee036cbf121a84b","68c5583b9869e837e80ce9d8","sess_1790176426580_49z4c6p","view",1,90,"2026-08-31T18:14:11.909Z"
"int_1790176426584_9m1z8hnpd","6a833394cee036cbf121a84b","68c5583b9869e837e80cea29","sess_1790176426580_49z4c6p","view",1,72,"2026-08-31T18:14:11.909Z"
"int_1790176426584_ufh1n7l5z","6a833394cee036cbf121a84b","68c5583b9869e837e80ce9de","sess_1790176426580_49z4c6p","view",1,131,"2026-08-31T18:14:11.909Z"
"int_1790176426925_1pofmwvi3","6a833397cee036cbf121a879","68c5583b9869e837e80ceb01","sess_explore_1790176426925_ck2reo","search_click",2,77,"2026-08-31T18:29:20.772Z"
"int_1790176426922_u07kzvv9x","6a833393cee036cbf121a841","68c5583b9869e837e80ceabc","sess_explore_1790176426922_doya7n","view",1,45,"2026-08-31T18:57:06.092Z"
"int_1790176426921_m6zy9bqkd","6a833393cee036cbf121a83d","68c5583b9869e837e80cea50","sess_explore_1790176426921_2el77s","search_click",2,48,"2026-08-31T22:03:24.639Z"
"int_1790176426922_292bq7deb","6a833396cee036cbf121a86d","68c5583b9869e837e80cea90","sess_explore_1790176426922_n4jxzk","view",1,58,"2026-08-31T22:04:27.399Z"
"int_1790176426860_levapc92s","6a833397cee036cbf121a87d","68c5583b9869e837e80ce97b","sess_1790176426859_uigxmox","view",1,123,"2026-08-31T23:54:10.968Z"
"int_1790176426860_fs1wdvk23","6a833397cee036cbf121a87d","68c5583b9869e837e80ce985","sess_1790176426859_uigxmox","view",1,102,"2026-08-31T23:54:10.968Z"
"int_1790176426860_htgfu47wy","6a833397cee036cbf121a87d","68c5583b9869e837e80cea40","sess_1790176426859_uigxmox","view",1,38,"2026-08-31T23:54:10.968Z"
"int_1790176426860_ytq3kagho","6a833397cee036cbf121a87d","68c5583b9869e837e80ce980","sess_1790176426859_uigxmox","view",1,170,"2026-08-31T23:54:10.968Z"
"int_1790176426919_y4gff25a0","6a833396cee036cbf121a86b","68c5583b9869e837e80ce9d3","sess_explore_1790176426919_6t1kdj","view",1,84,"2026-08-31T23:56:02.959Z"
"int_1790176426919_ntbnty88q","6a833396cee036cbf121a86b","68c5583b9869e837e80ce9d3","sess_explore_1790176426919_6t1kdj","like",3,0,"2026-08-31T23:56:12.959Z"
"int_1790176426924_z9hfvw0u3","6a833397cee036cbf121a877","68c5583b9869e837e80ceae4","sess_explore_1790176426924_mcgqjx","search_click",2,49,"2026-09-01T01:40:16.931Z"
"int_1790176426921_9jnt4r670","6a833395cee036cbf121a853","68c5583b9869e837e80cea6b","sess_explore_1790176426921_7blm9i","view",1,49,"2026-09-01T02:01:59.701Z"
"int_1790176426920_e5x2epiux","6a833397cee036cbf121a87d","68c5583b9869e837e80ce9e3","sess_explore_1790176426920_x9irk2","view",1,84,"2026-09-01T03:23:55.272Z"
"int_1790176426920_aegp017nz","6a833395cee036cbf121a85f","68c5583b9869e837e80cea18","sess_explore_1790176426920_rdl013","view",1,73,"2026-09-01T06:53:07.872Z"
"int_1790176426921_t3l4d9zge","6a833396cee036cbf121a863","68c5583b9869e837e80cea4f","sess_explore_1790176426921_cr7k5r","view",1,73,"2026-09-01T07:00:28.289Z"
"int_1790176426444_fj85ale2i","6a833392cee036cbf121a82d","68c5583b9869e837e80ceaba","sess_1790176426442_f9k8po2","view",1,150,"2026-09-01T07:56:52.272Z"
"int_1790176426444_ytinbwvna","6a833392cee036cbf121a82d","68c5583b9869e837e80ce9b4","sess_1790176426442_f9k8po2","view",1,87,"2026-09-01T07:56:52.272Z"
"int_1790176426444_dgfw42b8e","6a833392cee036cbf121a82d","68c5583b9869e837e80ce9a4","sess_1790176426442_f9k8po2","view",1,69,"2026-09-01T07:56:52.272Z"
"int_1790176426444_59u63ruud","6a833392cee036cbf121a82d","68c5583b9869e837e80ce9ee","sess_1790176426442_f9k8po2","view",1,93,"2026-09-01T07:56:52.272Z"
"int_1790176426444_hhdxpwm4a","6a833392cee036cbf121a82d","68c5583b9869e837e80ceafe","sess_1790176426442_f9k8po2","view",1,43,"2026-09-01T07:56:52.272Z"
"int_1790176426444_qb8oeqd80","6a833392cee036cbf121a82d","68c5583b9869e837e80ceafe","sess_1790176426442_f9k8po2","add_to_cart",5,0,"2026-09-01T07:57:27.272Z"
"int_1790176426444_1l20lj20f","6a833392cee036cbf121a82d","68c5583b9869e837e80ceafe","sess_1790176426442_f9k8po2","purchase",10,0,"2026-09-01T07:57:52.272Z"
"int_1790176426788_kengp1kbo","6a833397cee036cbf121a871","68c5583b9869e837e80ce9df","sess_1790176426786_cnit4vs","view",1,131,"2026-09-01T08:03:32.123Z"
"int_1790176426788_ph9b45d8s","6a833397cee036cbf121a871","68c5583b9869e837e80cea2d","sess_1790176426786_cnit4vs","view",1,81,"2026-09-01T08:03:32.123Z"
"int_1790176426788_pw5mql32l","6a833397cee036cbf121a871","68c5583b9869e837e80ce9ec","sess_1790176426786_cnit4vs","view",1,47,"2026-09-01T08:03:32.123Z"
"int_1790176426788_6y0sb5652","6a833397cee036cbf121a871","68c5583b9869e837e80cea23","sess_1790176426786_cnit4vs","view",1,122,"2026-09-01T08:03:32.123Z"
"int_1790176426788_wp33gh3qq","6a833397cee036cbf121a871","68c5583b9869e837e80ce9df","sess_1790176426786_cnit4vs","like",3,0,"2026-09-01T08:03:47.123Z"
"int_1790176426788_glkwv27wy","6a833397cee036cbf121a871","68c5583b9869e837e80cea2d","sess_1790176426786_cnit4vs","add_to_cart",5,0,"2026-09-01T08:04:07.123Z"
"int_1790176426788_w0sein5rg","6a833397cee036cbf121a871","68c5583b9869e837e80cea2d","sess_1790176426786_cnit4vs","purchase",10,0,"2026-09-01T08:04:32.123Z"
"int_1790176426922_fk20k1tvg","6a833392cee036cbf121a829","68c5583b9869e837e80ceaa7","sess_explore_1790176426922_35lhdx","view",1,72,"2026-09-01T08:21:00.142Z"
"int_1790176426922_ivg222ama","6a833392cee036cbf121a829","68c5583b9869e837e80ceaa7","sess_explore_1790176426922_35lhdx","like",3,0,"2026-09-01T08:21:10.142Z"
"int_1790176426923_46ybxfjhi","6a833398cee036cbf121a87f","68c5583b9869e837e80ceac6","sess_explore_1790176426923_wwdc4p","view",1,50,"2026-09-01T08:26:53.029Z"
"int_1790176426923_73p925f7a","6a833398cee036cbf121a87f","68c5583b9869e837e80ceac6","sess_explore_1790176426923_wwdc4p","like",3,0,"2026-09-01T08:27:03.029Z"
"int_1790176426907_d6kecv69e","6a833398cee036cbf121a885","68c5583b9869e837e80ce997","sess_1790176426905_v8qdyuc","view",1,22,"2026-09-01T09:58:31.370Z"
"int_1790176426907_9becfqpwl","6a833398cee036cbf121a885","68c5583b9869e837e80ce9df","sess_1790176426905_v8qdyuc","view",1,29,"2026-09-01T09:58:31.370Z"
"int_1790176426907_99ifss4d7","6a833398cee036cbf121a885","68c5583b9869e837e80ce989","sess_1790176426905_v8qdyuc","view",1,96,"2026-09-01T09:58:31.370Z"
"int_1790176426907_e4f3cn546","6a833398cee036cbf121a885","68c5583b9869e837e80ce9d6","sess_1790176426905_v8qdyuc","view",1,89,"2026-09-01T09:58:31.370Z"
"int_1790176426907_vuktwt23k","6a833398cee036cbf121a885","68c5583b9869e837e80ce9d6","sess_1790176426905_v8qdyuc","add_to_cart",5,0,"2026-09-01T09:59:06.370Z"
"int_1790176426925_wj3bujvbi","6a833392cee036cbf121a827","68c5583b9869e837e80ceaeb","sess_explore_1790176426925_4heg9u","view",1,71,"2026-09-01T11:47:56.262Z"
"int_1790176426924_65umn81wu","6a833392cee036cbf121a82d","68c5583b9869e837e80cead1","sess_explore_1790176426924_2tpgm3","view",1,79,"2026-09-01T12:17:20.719Z"
"int_1790176426909_rvzr9il0o","6a833398cee036cbf121a885","68c5583b9869e837e80ce989","sess_1790176426907_7f7pokq","view",1,147,"2026-09-01T13:18:36.179Z"
"int_1790176426909_25rsnertd","6a833398cee036cbf121a885","68c5583b9869e837e80ce9a5","sess_1790176426907_7f7pokq","view",1,108,"2026-09-01T13:18:36.179Z"
"int_1790176426909_12xfnj7pw","6a833398cee036cbf121a885","68c5583b9869e837e80ceada","sess_1790176426907_7f7pokq","view",1,109,"2026-09-01T13:18:36.179Z"
"int_1790176426909_697tp3q7v","6a833398cee036cbf121a885","68c5583b9869e837e80ce9a5","sess_1790176426907_7f7pokq","like",3,0,"2026-09-01T13:18:51.179Z"
"int_1790176426909_jj2wgbrg3","6a833398cee036cbf121a885","68c5583b9869e837e80ceada","sess_1790176426907_7f7pokq","like",3,0,"2026-09-01T13:18:51.179Z"
"int_1790176426909_buflvkkcl","6a833398cee036cbf121a885","68c5583b9869e837e80ce989","sess_1790176426907_7f7pokq","add_to_cart",5,0,"2026-09-01T13:19:11.179Z"
"int_1790176426909_32c1f455x","6a833398cee036cbf121a885","68c5583b9869e837e80ceada","sess_1790176426907_7f7pokq","add_to_cart",5,0,"2026-09-01T13:19:11.179Z"
"int_1790176426909_kxqzi779x","6a833398cee036cbf121a885","68c5583b9869e837e80ce989","sess_1790176426907_7f7pokq","purchase",10,0,"2026-09-01T13:19:36.179Z"
"int_1790176426576_hihs2p3pw","6a833394cee036cbf121a849","68c5583b9869e837e80ce9d2","sess_1790176426573_q7kr3vl","view",1,74,"2026-09-01T14:28:42.468Z"
"int_1790176426576_3qophpvv0","6a833394cee036cbf121a849","68c5583b9869e837e80ce9d1","sess_1790176426573_q7kr3vl","view",1,158,"2026-09-01T14:28:42.468Z"
"int_1790176426919_kx5u4dfmz","6a833394cee036cbf121a845","68c5583b9869e837e80ce97e","sess_explore_1790176426919_1tln2k","view",1,61,"2026-09-01T14:37:51.363Z"
"int_1790176426919_yotw5auig","6a833394cee036cbf121a845","68c5583b9869e837e80ce97e","sess_explore_1790176426919_1tln2k","like",3,0,"2026-09-01T14:38:01.363Z"
"int_1790176426925_ojmqovgg0","6a833397cee036cbf121a875","68c5583b9869e837e80ceb01","sess_explore_1790176426925_zna5cd","search_click",2,85,"2026-09-01T15:23:12.539Z"
"int_1790176426921_l9w28hazs","6a833393cee036cbf121a835","68c5583b9869e837e80cea64","sess_explore_1790176426921_vnes4w","view",1,40,"2026-09-01T15:35:18.085Z"
"int_1790176426921_d7n5556lo","6a833393cee036cbf121a835","68c5583b9869e837e80cea64","sess_explore_1790176426921_vnes4w","like",3,0,"2026-09-01T15:35:28.085Z"
"int_1790176426922_jtztnksm4","6a833398cee036cbf121a87f","68c5583b9869e837e80ceab7","sess_explore_1790176426922_zb0tsz","view",1,32,"2026-09-01T16:46:11.282Z"
"int_1790176426829_t1uver7o1","6a833397cee036cbf121a879","68c5583b9869e837e80ce98e","sess_1790176426827_wdja7uv","view",1,154,"2026-09-01T17:34:58.969Z"
"int_1790176426829_h0hn4e4tx","6a833397cee036cbf121a879","68c5583b9869e837e80ce9b8","sess_1790176426827_wdja7uv","view",1,127,"2026-09-01T17:34:58.969Z"
"int_1790176426829_7v7sk3c8k","6a833397cee036cbf121a879","68c5583b9869e837e80ce98e","sess_1790176426827_wdja7uv","like",3,0,"2026-09-01T17:35:13.969Z"
"int_1790176426829_wy3shwk4v","6a833397cee036cbf121a879","68c5583b9869e837e80ce9b8","sess_1790176426827_wdja7uv","add_to_cart",5,0,"2026-09-01T17:35:33.969Z"
"int_1790176426867_87x9fnzmt","6a833398cee036cbf121a87f","68c5583b9869e837e80ce995","sess_1790176426866_skdj4ru","view",1,127,"2026-09-01T21:01:32.283Z"
"int_1790176426867_4y2t5lkn6","6a833398cee036cbf121a87f","68c5583b9869e837e80cea70","sess_1790176426866_skdj4ru","view",1,105,"2026-09-01T21:01:32.283Z"
"int_1790176426867_s0pd6ubla","6a833398cee036cbf121a87f","68c5583b9869e837e80ce995","sess_1790176426866_skdj4ru","like",3,0,"2026-09-01T21:01:47.283Z"
"int_1790176426867_wa7sk3l6r","6a833398cee036cbf121a87f","68c5583b9869e837e80cea70","sess_1790176426866_skdj4ru","like",3,0,"2026-09-01T21:01:47.283Z"
"int_1790176426867_vi9tg0pd6","6a833398cee036cbf121a87f","68c5583b9869e837e80ce995","sess_1790176426866_skdj4ru","add_to_cart",5,0,"2026-09-01T21:02:07.283Z"
"int_1790176426919_95i0fasys","6a833397cee036cbf121a87d","68c5583b9869e837e80ce982","sess_explore_1790176426919_wgquhs","search_click",2,35,"2026-09-01T22:25:39.209Z"
"int_1790176426395_3xqkjstpy","6a833391cee036cbf121a825","68c5583b9869e837e80ce996","sess_1790176426394_kcdvcz9","view",1,157,"2026-09-01T22:41:12.655Z"
"int_1790176426395_t84qq7l0r","6a833391cee036cbf121a825","68c5583b9869e837e80ce979","sess_1790176426394_kcdvcz9","view",1,168,"2026-09-01T22:41:12.655Z"
"int_1790176426395_jgbmyrguw","6a833391cee036cbf121a825","68c5583b9869e837e80ce9e0","sess_1790176426394_kcdvcz9","view",1,35,"2026-09-01T22:41:12.655Z"
"int_1790176426524_0s43if8we","6a833393cee036cbf121a83f","68c5583b9869e837e80ce983","sess_1790176426521_5io846k","view",1,136,"2026-09-01T22:47:10.086Z"
"int_1790176426524_36zbuuoq8","6a833393cee036cbf121a83f","68c5583b9869e837e80ce9d6","sess_1790176426521_5io846k","view",1,103,"2026-09-01T22:47:10.086Z"
"int_1790176426524_y2qv9ap79","6a833393cee036cbf121a83f","68c5583b9869e837e80ce9e2","sess_1790176426521_5io846k","view",1,93,"2026-09-01T22:47:10.086Z"
"int_1790176426524_4xzale2ku","6a833393cee036cbf121a83f","68c5583b9869e837e80ce9f7","sess_1790176426521_5io846k","view",1,149,"2026-09-01T22:47:10.086Z"
"int_1790176426524_r6nhfbnml","6a833393cee036cbf121a83f","68c5583b9869e837e80ce983","sess_1790176426521_5io846k","like",3,0,"2026-09-01T22:47:25.086Z"
"int_1790176426524_fb0pwyhhp","6a833393cee036cbf121a83f","68c5583b9869e837e80ce9d6","sess_1790176426521_5io846k","like",3,0,"2026-09-01T22:47:25.086Z"
"int_1790176426921_iduze3nxu","6a833397cee036cbf121a871","68c5583b9869e837e80cea67","sess_explore_1790176426921_ehwmir","search_click",2,26,"2026-09-01T22:47:46.308Z"
"int_1790176426921_2n4l0kcg1","6a833398cee036cbf121a87f","68c5583b9869e837e80cea64","sess_explore_1790176426921_wxz6ha","search_click",2,82,"2026-09-02T00:19:55.729Z"
"int_1790176426919_w29gj74q3","6a833397cee036cbf121a871","68c5583b9869e837e80ce987","sess_explore_1790176426919_vd273g","view",1,59,"2026-09-02T01:30:58.589Z"
"int_1790176426920_ymexoav2y","6a833393cee036cbf121a841","68c5583b9869e837e80cea1a","sess_explore_1790176426920_p33hd6","view",1,53,"2026-09-02T01:49:18.307Z"
"int_1790176426920_l0az9l1ip","6a833393cee036cbf121a841","68c5583b9869e837e80cea1a","sess_explore_1790176426920_p33hd6","like",3,0,"2026-09-02T01:49:28.307Z"
"int_1790176426921_80cil72vw","6a833392cee036cbf121a82d","68c5583b9869e837e80cea48","sess_explore_1790176426921_r1hevw","view",1,25,"2026-09-02T01:59:20.065Z"
"int_1790176426919_3mr4mmwj6","6a833395cee036cbf121a85b","68c5583b9869e837e80ce9a3","sess_explore_1790176426919_1c2ohl","view",1,25,"2026-09-02T02:13:33.961Z"
"int_1790176426919_pzbkx720r","6a833395cee036cbf121a85b","68c5583b9869e837e80ce9a3","sess_explore_1790176426919_1c2ohl","like",3,0,"2026-09-02T02:13:43.961Z"
"int_1790176426921_edey8vj1d","6a833392cee036cbf121a831","68c5583b9869e837e80cea48","sess_explore_1790176426921_ob3drj","view",1,37,"2026-09-02T03:51:12.957Z"
"int_1790176426924_maptniplw","6a833395cee036cbf121a85d","68c5583b9869e837e80cead6","sess_explore_1790176426924_iwon3i","view",1,55,"2026-09-02T04:41:09.932Z"
"int_1790176426923_b3rjimc2v","6a833391cee036cbf121a825","68c5583b9869e837e80ceac7","sess_explore_1790176426923_flmzjx","view",1,83,"2026-09-02T05:34:05.355Z"
"int_1790176426920_5mba57gzx","6a833397cee036cbf121a877","68c5583b9869e837e80cea05","sess_explore_1790176426920_knwv5f","view",1,83,"2026-09-02T05:58:56.639Z"
"int_1790176426920_yyt8odc2u","6a833397cee036cbf121a877","68c5583b9869e837e80cea05","sess_explore_1790176426920_knwv5f","like",3,0,"2026-09-02T05:59:06.639Z"
"int_1790176426922_e8acpcl73","6a833395cee036cbf121a853","68c5583b9869e837e80cea7b","sess_explore_1790176426922_j8sh6d","view",1,54,"2026-09-02T06:59:47.835Z"
"int_1790176426922_4qx94csm9","6a833395cee036cbf121a853","68c5583b9869e837e80cea7b","sess_explore_1790176426922_j8sh6d","like",3,0,"2026-09-02T06:59:57.835Z"
"int_1790176426919_plqmbbaut","6a833398cee036cbf121a885","68c5583b9869e837e80ce9c6","sess_explore_1790176426919_ke5niw","view",1,48,"2026-09-02T07:25:46.533Z"
"int_1790176426919_cqj99mqpa","6a833398cee036cbf121a885","68c5583b9869e837e80ce9c6","sess_explore_1790176426919_ke5niw","like",3,0,"2026-09-02T07:25:56.533Z"
"int_1790176426923_7nev157to","6a833396cee036cbf121a869","68c5583b9869e837e80ceacf","sess_explore_1790176426923_l8wjm3","view",1,72,"2026-09-02T07:33:11.961Z"
"int_1790176426920_nvlult1oh","6a833396cee036cbf121a869","68c5583b9869e837e80cea27","sess_explore_1790176426920_mk83z6","view",1,36,"2026-09-02T09:31:08.549Z"
"int_1790176426378_zo4ovf3qv","6a27ed55b6d7638a2acaa654","68c5583b9869e837e80cea51","sess_1790176426376_9nxa8fh","view",1,48,"2026-09-02T09:50:47.719Z"
"int_1790176426378_9ql92u8br","6a27ed55b6d7638a2acaa654","68c5583b9869e837e80ce995","sess_1790176426376_9nxa8fh","view",1,45,"2026-09-02T09:50:47.719Z"
"int_1790176426378_qdbojv535","6a27ed55b6d7638a2acaa654","68c5583b9869e837e80cea56","sess_1790176426376_9nxa8fh","view",1,20,"2026-09-02T09:50:47.719Z"
"int_1790176426378_w6tpyd50v","6a27ed55b6d7638a2acaa654","68c5583b9869e837e80ceab8","sess_1790176426376_9nxa8fh","view",1,60,"2026-09-02T09:50:47.719Z"
"int_1790176426378_qiiwdn7q4","6a27ed55b6d7638a2acaa654","68c5583b9869e837e80cea70","sess_1790176426376_9nxa8fh","view",1,83,"2026-09-02T09:50:47.719Z"
"int_1790176426378_vdtidjfmw","6a27ed55b6d7638a2acaa654","68c5583b9869e837e80cea51","sess_1790176426376_9nxa8fh","like",3,0,"2026-09-02T09:51:02.719Z"
"int_1790176426378_64a7pe9um","6a27ed55b6d7638a2acaa654","68c5583b9869e837e80ceab8","sess_1790176426376_9nxa8fh","like",3,0,"2026-09-02T09:51:02.719Z"
"int_1790176426378_7ycjbder4","6a27ed55b6d7638a2acaa654","68c5583b9869e837e80cea70","sess_1790176426376_9nxa8fh","like",3,0,"2026-09-02T09:51:02.719Z"
"int_1790176426919_ng0b1p2qi","6a833394cee036cbf121a84f","68c5583b9869e837e80ce9ca","sess_explore_1790176426919_wfw8ro","view",1,47,"2026-09-02T10:45:31.043Z"
"int_1790176426925_5br4t1soe","6a833394cee036cbf121a845","68c5583b9869e837e80ceaed","sess_explore_1790176426925_wco9ub","search_click",2,50,"2026-09-02T11:04:11.276Z"
"int_1790176426920_o6ysd08v8","6a833395cee036cbf121a855","68c5583b9869e837e80cea2e","sess_explore_1790176426920_w4vfte","view",1,34,"2026-09-02T12:56:18.150Z"
"int_1790176426920_aoisaoxem","6a833395cee036cbf121a855","68c5583b9869e837e80cea2e","sess_explore_1790176426920_w4vfte","like",3,0,"2026-09-02T12:56:28.150Z"
"int_1790176426919_wfrpw81m9","6a27ed55b6d7638a2acaa654","68c5583b9869e837e80ce99b","sess_explore_1790176426919_5lq90s","view",1,71,"2026-09-02T13:12:30.411Z"
"int_1790176426922_fbqb76o9s","6a833396cee036cbf121a865","68c5583b9869e837e80ceaa7","sess_explore_1790176426922_bz9shp","view",1,41,"2026-09-02T14:17:46.666Z"
"int_1790176426922_73nmrdoss","6a833396cee036cbf121a865","68c5583b9869e837e80ceaa7","sess_explore_1790176426922_bz9shp","like",3,0,"2026-09-02T14:17:56.666Z"
"int_1790176426920_qb7zvtg4u","6a833397cee036cbf121a877","68c5583b9869e837e80ce9f1","sess_explore_1790176426920_e3xhp3","search_click",2,41,"2026-09-02T14:23:12.550Z"
"int_1790176426666_hqgye7muc","6a833395cee036cbf121a859","68c5583b9869e837e80cea07","sess_1790176426665_jnrs664","view",1,134,"2026-09-02T15:35:57.242Z"
"int_1790176426666_5kic2el4n","6a833395cee036cbf121a859","68c5583b9869e837e80ce9ac","sess_1790176426665_jnrs664","view",1,33,"2026-09-02T15:35:57.242Z"
"int_1790176426666_r99182vb6","6a833395cee036cbf121a859","68c5583b9869e837e80ce9f2","sess_1790176426665_jnrs664","view",1,34,"2026-09-02T15:35:57.242Z"
"int_1790176426666_z03m7ut30","6a833395cee036cbf121a859","68c5583b9869e837e80ce9b8","sess_1790176426665_jnrs664","view",1,119,"2026-09-02T15:35:57.242Z"
"int_1790176426666_x5s50z58i","6a833395cee036cbf121a859","68c5583b9869e837e80cea07","sess_1790176426665_jnrs664","like",3,0,"2026-09-02T15:36:12.242Z"
"int_1790176426666_bhr85ubiw","6a833395cee036cbf121a859","68c5583b9869e837e80ce9f2","sess_1790176426665_jnrs664","like",3,0,"2026-09-02T15:36:12.242Z"
"int_1790176426666_5jayuqtrc","6a833395cee036cbf121a859","68c5583b9869e837e80ce9b8","sess_1790176426665_jnrs664","like",3,0,"2026-09-02T15:36:12.242Z"
"int_1790176426666_2f1sbbm63","6a833395cee036cbf121a859","68c5583b9869e837e80ce9f2","sess_1790176426665_jnrs664","add_to_cart",5,0,"2026-09-02T15:36:32.242Z"
"int_1790176426922_nkhydb592","6a833395cee036cbf121a85f","68c5583b9869e837e80cea8b","sess_explore_1790176426922_6c9mo3","view",1,68,"2026-09-02T15:50:41.305Z"
"int_1790176426919_hgiojp9bn","6a833398cee036cbf121a881","68c5583b9869e837e80ce982","sess_explore_1790176426919_saq68l","view",1,34,"2026-09-02T18:02:05.201Z"
"int_1790176426919_0zd82txgn","6a833397cee036cbf121a877","68c5583b9869e837e80ce991","sess_explore_1790176426919_cnjb2t","view",1,55,"2026-09-02T18:27:52.919Z"
"int_1790176426919_rgn2xezck","6a833395cee036cbf121a85d","68c5583b9869e837e80ce9c9","sess_explore_1790176426919_thz3gz","search_click",2,53,"2026-09-02T20:40:47.221Z"
"int_1790176426925_q1z035a47","6a27ed55b6d7638a2acaa654","68c5583b9869e837e80ceaec","sess_explore_1790176426925_indyes","search_click",2,73,"2026-09-02T21:20:46.687Z"
"int_1790176426922_3pgty6nrm","6a833397cee036cbf121a875","68c5583b9869e837e80cea85","sess_explore_1790176426922_v1roks","view",1,51,"2026-09-02T21:54:17.272Z"
"int_1790176426921_xalqgwh5r","6a833398cee036cbf121a87f","68c5583b9869e837e80cea6a","sess_explore_1790176426921_y0fmaw","search_click",2,58,"2026-09-02T22:19:39.964Z"
"int_1790176426920_8gvw4vyti","6a833394cee036cbf121a851","68c5583b9869e837e80cea22","sess_explore_1790176426920_ayben1","search_click",2,55,"2026-09-02T22:25:05.541Z"
"int_1790176426921_xe26998jx","6a833396cee036cbf121a867","68c5583b9869e837e80cea4e","sess_explore_1790176426921_v8w8v9","view",1,45,"2026-09-03T00:45:57.812Z"
"int_1790176426920_3o1buw1hw","6a833394cee036cbf121a847","68c5583b9869e837e80cea33","sess_explore_1790176426920_ufv4i6","view",1,86,"2026-09-03T00:51:18.205Z"
"int_1790176426920_obynpjx11","6a833394cee036cbf121a847","68c5583b9869e837e80cea33","sess_explore_1790176426920_ufv4i6","like",3,0,"2026-09-03T00:51:28.205Z"
"int_1790176426922_ps9jlecq7","6a833396cee036cbf121a86b","68c5583b9869e837e80cea90","sess_explore_1790176426922_11xnhm","search_click",2,68,"2026-09-03T01:57:00.471Z"
"int_1790176426922_ui1til3n6","6a833396cee036cbf121a86b","68c5583b9869e837e80cea90","sess_explore_1790176426922_11xnhm","like",3,0,"2026-09-03T01:57:10.471Z"
"int_1790176426471_osemkf3qd","6a833393cee036cbf121a835","68c5583b9869e837e80ce995","sess_1790176426470_unmi4cu","view",1,50,"2026-09-03T02:12:47.450Z"
"int_1790176426471_pl7k84kxp","6a833393cee036cbf121a835","68c5583b9869e837e80ceada","sess_1790176426470_unmi4cu","view",1,64,"2026-09-03T02:12:47.450Z"
"int_1790176426471_4s3a7ur0u","6a833393cee036cbf121a835","68c5583b9869e837e80ce9df","sess_1790176426470_unmi4cu","view",1,50,"2026-09-03T02:12:47.450Z"
"int_1790176426471_tyoz8fnls","6a833393cee036cbf121a835","68c5583b9869e837e80ce9df","sess_1790176426470_unmi4cu","add_to_cart",5,0,"2026-09-03T02:13:22.450Z"
"int_1790176426919_st7gs7zrl","6a833397cee036cbf121a87b","68c5583b9869e837e80ce9c2","sess_explore_1790176426919_4fzzda","view",1,38,"2026-09-03T02:29:43.129Z"
"int_1790176426919_zw1xl4aw8","6a833397cee036cbf121a87b","68c5583b9869e837e80ce9c2","sess_explore_1790176426919_4fzzda","like",3,0,"2026-09-03T02:29:53.129Z"
"int_1790176426920_hkw15l3t6","6a833397cee036cbf121a875","68c5583b9869e837e80cea27","sess_explore_1790176426920_zkdo3g","view",1,46,"2026-09-03T03:06:47.592Z"
"int_1790176426680_168zs8lhx","6a833395cee036cbf121a85d","68c5583b9869e837e80ceaac","sess_1790176426679_k5oxh6h","view",1,65,"2026-09-03T03:09:55.165Z"
"int_1790176426680_b211ylebr","6a833395cee036cbf121a85d","68c5583b9869e837e80cea7f","sess_1790176426679_k5oxh6h","view",1,69,"2026-09-03T03:09:55.165Z"
"int_1790176426680_3gotj7xui","6a833395cee036cbf121a85d","68c5583b9869e837e80cea4d","sess_1790176426679_k5oxh6h","view",1,177,"2026-09-03T03:09:55.165Z"
"int_1790176426922_veb4enm7r","6a833396cee036cbf121a86d","68c5583b9869e837e80ceaa1","sess_explore_1790176426922_o2b0vo","view",1,29,"2026-09-03T03:33:37.428Z"
"int_1790176426922_ogm9ywwcf","6a833396cee036cbf121a86d","68c5583b9869e837e80ceaa1","sess_explore_1790176426922_o2b0vo","like",3,0,"2026-09-03T03:33:47.428Z"
"int_1790176426914_6c2sl4rhb","6a833398cee036cbf121a887","68c5583b9869e837e80ce9eb","sess_1790176426912_gd3jp7w","view",1,138,"2026-09-03T06:50:52.887Z"
"int_1790176426914_uk3kpc2sp","6a833398cee036cbf121a887","68c5583b9869e837e80ce9e8","sess_1790176426912_gd3jp7w","view",1,105,"2026-09-03T06:50:52.887Z"
"int_1790176426914_netse0n4e","6a833398cee036cbf121a887","68c5583b9869e837e80ce9f8","sess_1790176426912_gd3jp7w","view",1,159,"2026-09-03T06:50:52.887Z"
"int_1790176426914_jccphnn4v","6a833398cee036cbf121a887","68c5583b9869e837e80ce9f8","sess_1790176426912_gd3jp7w","like",3,0,"2026-09-03T06:51:07.887Z"
"int_1790176426914_3g4o6bmw9","6a833398cee036cbf121a887","68c5583b9869e837e80ce9eb","sess_1790176426912_gd3jp7w","add_to_cart",5,0,"2026-09-03T06:51:27.887Z"
"int_1790176426922_5p8z6ucai","6a833392cee036cbf121a82f","68c5583b9869e837e80cea87","sess_explore_1790176426922_rzudai","search_click",2,55,"2026-09-03T08:34:22.001Z"
"int_1790176426924_js3cmxsm0","6a833397cee036cbf121a87d","68c5583b9869e837e80cead0","sess_explore_1790176426924_7vfuzg","view",1,26,"2026-09-03T09:32:56.828Z"
"int_1790176426922_pzjbutuez","6a833396cee036cbf121a86b","68c5583b9869e837e80ceab4","sess_explore_1790176426922_0tfyhc","view",1,41,"2026-09-03T10:31:04.349Z"
"int_1790176426924_7w03q6w9j","6a833394cee036cbf121a84f","68c5583b9869e837e80cead1","sess_explore_1790176426924_hhhvgo","view",1,59,"2026-09-03T11:56:02.515Z"
"int_1790176426924_op8uudid3","6a833394cee036cbf121a84f","68c5583b9869e837e80cead1","sess_explore_1790176426924_hhhvgo","like",3,0,"2026-09-03T11:56:12.515Z"
"int_1790176426920_3ptxlss3v","6a833395cee036cbf121a85d","68c5583b9869e837e80cea2b","sess_explore_1790176426920_mfj9pi","search_click",2,89,"2026-09-03T12:43:27.134Z"
"int_1790176426920_cmfctqu61","6a833397cee036cbf121a87b","68c5583b9869e837e80cea1a","sess_explore_1790176426920_1nmfmo","view",1,43,"2026-09-03T12:57:34.954Z"
"int_1790176426920_h1z7dn0og","6a833392cee036cbf121a82d","68c5583b9869e837e80cea1f","sess_explore_1790176426920_epeqt4","view",1,40,"2026-09-03T16:37:56.595Z"
"int_1790176426920_c1q0wc45g","6a833392cee036cbf121a831","68c5583b9869e837e80cea34","sess_explore_1790176426920_vcqz06","search_click",2,75,"2026-09-03T16:54:11.278Z"
"int_1790176426923_6mvb818su","6a833395cee036cbf121a85b","68c5583b9869e837e80ceacd","sess_explore_1790176426923_usqlu2","search_click",2,57,"2026-09-03T17:01:11.045Z"
"int_1790176426923_a7kwpx4lv","6a833395cee036cbf121a85b","68c5583b9869e837e80ceacd","sess_explore_1790176426923_usqlu2","like",3,0,"2026-09-03T17:01:21.045Z"
"int_1790176426597_26ect3yg7","6a833394cee036cbf121a84d","68c5583b9869e837e80ce9e9","sess_1790176426593_ja8t3ku","view",1,62,"2026-09-03T18:11:01.457Z"
"int_1790176426597_yy6k5f1oe","6a833394cee036cbf121a84d","68c5583b9869e837e80ce9ee","sess_1790176426593_ja8t3ku","view",1,92,"2026-09-03T18:11:01.457Z"
"int_1790176426597_g1fba1kzo","6a833394cee036cbf121a84d","68c5583b9869e837e80ce97e","sess_1790176426593_ja8t3ku","view",1,110,"2026-09-03T18:11:01.457Z"
"int_1790176426597_whqbybey4","6a833394cee036cbf121a84d","68c5583b9869e837e80ce994","sess_1790176426593_ja8t3ku","view",1,110,"2026-09-03T18:11:01.457Z"
"int_1790176426597_sirdy6o21","6a833394cee036cbf121a84d","68c5583b9869e837e80cea8f","sess_1790176426593_ja8t3ku","view",1,32,"2026-09-03T18:11:01.457Z"
"int_1790176426597_gb86zkg82","6a833394cee036cbf121a84d","68c5583b9869e837e80ce9b4","sess_1790176426593_ja8t3ku","view",1,126,"2026-09-03T18:11:01.457Z"
"int_1790176426597_10uu3sy1n","6a833394cee036cbf121a84d","68c5583b9869e837e80ce9e9","sess_1790176426593_ja8t3ku","like",3,0,"2026-09-03T18:11:16.457Z"
"int_1790176426597_krjn0986j","6a833394cee036cbf121a84d","68c5583b9869e837e80ce994","sess_1790176426593_ja8t3ku","like",3,0,"2026-09-03T18:11:16.457Z"
"int_1790176426597_c65z7d98m","6a833394cee036cbf121a84d","68c5583b9869e837e80cea8f","sess_1790176426593_ja8t3ku","like",3,0,"2026-09-03T18:11:16.457Z"
"int_1790176426597_r2ulhyldh","6a833394cee036cbf121a84d","68c5583b9869e837e80cea8f","sess_1790176426593_ja8t3ku","add_to_cart",5,0,"2026-09-03T18:11:36.457Z"
"int_1790176426597_x4w2ey1fz","6a833394cee036cbf121a84d","68c5583b9869e837e80cea8f","sess_1790176426593_ja8t3ku","purchase",10,0,"2026-09-03T18:12:01.457Z"
"int_1790176426653_85lwg6g9e","6a833395cee036cbf121a855","68c5583b9869e837e80ceaa4","sess_1790176426652_kj8bwhl","view",1,158,"2026-09-03T18:20:05.561Z"
"int_1790176426653_nfwmbq5wz","6a833395cee036cbf121a855","68c5583b9869e837e80ce995","sess_1790176426652_kj8bwhl","view",1,94,"2026-09-03T18:20:05.561Z"
"int_1790176426653_tymigf8uy","6a833395cee036cbf121a855","68c5583b9869e837e80ce9e0","sess_1790176426652_kj8bwhl","view",1,175,"2026-09-03T18:20:05.561Z"
"int_1790176426653_544mug4ra","6a833395cee036cbf121a855","68c5583b9869e837e80ce997","sess_1790176426652_kj8bwhl","view",1,69,"2026-09-03T18:20:05.561Z"
"int_1790176426653_pwbyh9rvz","6a833395cee036cbf121a855","68c5583b9869e837e80ce9e0","sess_1790176426652_kj8bwhl","like",3,0,"2026-09-03T18:20:20.561Z"
"int_1790176426653_0brbidtvh","6a833395cee036cbf121a855","68c5583b9869e837e80ceaa4","sess_1790176426652_kj8bwhl","add_to_cart",5,0,"2026-09-03T18:20:40.561Z"
"int_1790176426653_uygxoy3nh","6a833395cee036cbf121a855","68c5583b9869e837e80ce995","sess_1790176426652_kj8bwhl","add_to_cart",5,0,"2026-09-03T18:20:40.561Z"
"int_1790176426653_31a1v1ue6","6a833395cee036cbf121a855","68c5583b9869e837e80ce9e0","sess_1790176426652_kj8bwhl","add_to_cart",5,0,"2026-09-03T18:20:40.561Z"
"int_1790176426921_z08gno5ti","6a833392cee036cbf121a833","68c5583b9869e837e80cea75","sess_explore_1790176426921_qfzorg","view",1,82,"2026-09-03T18:24:00.171Z"
"int_1790176426922_z9k7lp77c","6a833397cee036cbf121a879","68c5583b9869e837e80ceab7","sess_explore_1790176426922_qu8u68","view",1,71,"2026-09-03T18:31:24.103Z"
"int_1790176426460_rf60ltcx2","6a833392cee036cbf121a831","68c5583b9869e837e80cea5b","sess_1790176426458_zwq1dep","view",1,39,"2026-09-03T18:37:42.596Z"
"int_1790176426460_5vd40lhm5","6a833392cee036cbf121a831","68c5583b9869e837e80ce9ab","sess_1790176426458_zwq1dep","view",1,105,"2026-09-03T18:37:42.596Z"
"int_1790176426460_q7l53w15e","6a833392cee036cbf121a831","68c5583b9869e837e80ce9e0","sess_1790176426458_zwq1dep","view",1,159,"2026-09-03T18:37:42.596Z"
"int_1790176426460_imhjh21pi","6a833392cee036cbf121a831","68c5583b9869e837e80cea2d","sess_1790176426458_zwq1dep","view",1,67,"2026-09-03T18:37:42.596Z"
"int_1790176426460_pis1qtluh","6a833392cee036cbf121a831","68c5583b9869e837e80cea5b","sess_1790176426458_zwq1dep","like",3,0,"2026-09-03T18:37:57.596Z"
"int_1790176426460_6a6n5vlgq","6a833392cee036cbf121a831","68c5583b9869e837e80ce9e0","sess_1790176426458_zwq1dep","like",3,0,"2026-09-03T18:37:57.596Z"
"int_1790176426460_c6wuzeky2","6a833392cee036cbf121a831","68c5583b9869e837e80ce9ab","sess_1790176426458_zwq1dep","add_to_cart",5,0,"2026-09-03T18:38:17.596Z"
"int_1790176426919_4c0v3cxzp","6a833396cee036cbf121a861","68c5583b9869e837e80ce9db","sess_explore_1790176426919_d1vkj1","view",1,30,"2026-09-03T19:12:25.632Z"
"int_1790176426920_q5x1zon7u","6a833393cee036cbf121a841","68c5583b9869e837e80cea1f","sess_explore_1790176426920_q36ei6","view",1,31,"2026-09-03T20:35:52.275Z"
"int_1790176426924_ecao7abrm","6a833394cee036cbf121a845","68c5583b9869e837e80ceae4","sess_explore_1790176426924_jh3ahn","view",1,72,"2026-09-03T20:39:13.191Z"
"int_1790176426920_whnkm6oxm","6a833394cee036cbf121a84b","68c5583b9869e837e80cea36","sess_explore_1790176426920_yo90ta","view",1,38,"2026-09-03T21:46:25.751Z"
"int_1790176426919_i9153rx8e","6a833394cee036cbf121a845","68c5583b9869e837e80ce99b","sess_explore_1790176426919_lmx09i","view",1,83,"2026-09-03T21:52:53.413Z"
"int_1790176426922_bf20m75a1","6a833398cee036cbf121a887","68c5583b9869e837e80ceaa5","sess_explore_1790176426922_fslpd6","view",1,31,"2026-09-03T23:44:13.889Z"
"int_1790176426925_g12kty8yt","6a833391cee036cbf121a825","68c5583b9869e837e80ceaec","sess_explore_1790176426925_w2jwix","search_click",2,47,"2026-09-04T00:35:14.443Z"
"int_1790176426925_yv1znpwt7","6a833391cee036cbf121a825","68c5583b9869e837e80ceaec","sess_explore_1790176426925_w2jwix","like",3,0,"2026-09-04T00:35:24.443Z"
"int_1790176426925_0gnx8ofxi","6a833391cee036cbf121a825","68c5583b9869e837e80ceae8","sess_explore_1790176426925_xvfrl1","view",1,46,"2026-09-04T02:03:56.659Z"
"int_1790176426920_ghxbp2kxc","6a833395cee036cbf121a85d","68c5583b9869e837e80cea2e","sess_explore_1790176426920_xmghql","search_click",2,70,"2026-09-04T02:16:53.122Z"
"int_1790176426924_pcigv8dzv","6a833396cee036cbf121a86f","68c5583b9869e837e80ceadc","sess_explore_1790176426924_b2pgtn","view",1,83,"2026-09-04T02:25:43.951Z"
"int_1790176426921_kt6pjkbk5","6a833397cee036cbf121a87b","68c5583b9869e837e80cea47","sess_explore_1790176426921_2n85vd","view",1,90,"2026-09-04T02:55:30.103Z"
"int_1790176426921_ylmayaofq","6a833393cee036cbf121a83b","68c5583b9869e837e80cea64","sess_explore_1790176426921_l9dy1l","view",1,39,"2026-09-04T03:34:13.277Z"
"int_1790176426546_1rjh03gyr","6a833393cee036cbf121a843","68c5583b9869e837e80cea15","sess_1790176426544_1okp2kl","view",1,62,"2026-09-04T04:03:06.394Z"
"int_1790176426547_e8fc0fv8s","6a833393cee036cbf121a843","68c5583b9869e837e80ceae2","sess_1790176426544_1okp2kl","view",1,34,"2026-09-04T04:03:06.394Z"
"int_1790176426547_6e16hwoz9","6a833393cee036cbf121a843","68c5583b9869e837e80ceab1","sess_1790176426544_1okp2kl","view",1,99,"2026-09-04T04:03:06.394Z"
"int_1790176426547_x6r5k2x5f","6a833393cee036cbf121a843","68c5583b9869e837e80ceab1","sess_1790176426544_1okp2kl","like",3,0,"2026-09-04T04:03:21.394Z"
"int_1790176426547_2k8gazpjd","6a833393cee036cbf121a843","68c5583b9869e837e80ceae2","sess_1790176426544_1okp2kl","add_to_cart",5,0,"2026-09-04T04:03:41.394Z"
"int_1790176426547_bjstlmdvp","6a833393cee036cbf121a843","68c5583b9869e837e80ceae2","sess_1790176426544_1okp2kl","purchase",10,0,"2026-09-04T04:04:06.394Z"
"int_1790176426921_5bgx9in7z","6a833392cee036cbf121a82b","68c5583b9869e837e80cea48","sess_explore_1790176426921_5p7jvl","view",1,56,"2026-09-04T04:07:04.496Z"
"int_1790176426921_7r8h94dnb","6a833392cee036cbf121a82b","68c5583b9869e837e80cea48","sess_explore_1790176426921_5p7jvl","like",3,0,"2026-09-04T04:07:14.496Z"
"int_1790176426475_lkh3qhzkg","6a833393cee036cbf121a835","68c5583b9869e837e80ce998","sess_1790176426474_rk2p93p","view",1,77,"2026-09-04T04:18:04.603Z"
"int_1790176426475_7pfad0o6c","6a833393cee036cbf121a835","68c5583b9869e837e80ce9a7","sess_1790176426474_rk2p93p","view",1,177,"2026-09-04T04:18:04.603Z"
"int_1790176426475_ahl3w4mna","6a833393cee036cbf121a835","68c5583b9869e837e80cead7","sess_1790176426474_rk2p93p","view",1,60,"2026-09-04T04:18:04.603Z"
"int_1790176426475_zrh8831rh","6a833393cee036cbf121a835","68c5583b9869e837e80ce998","sess_1790176426474_rk2p93p","like",3,0,"2026-09-04T04:18:19.603Z"
"int_1790176426475_9sge1t8iq","6a833393cee036cbf121a835","68c5583b9869e837e80cead7","sess_1790176426474_rk2p93p","like",3,0,"2026-09-04T04:18:19.603Z"
"int_1790176426921_ud4huv6tz","6a833394cee036cbf121a84d","68c5583b9869e837e80cea47","sess_explore_1790176426921_0ys9f6","view",1,72,"2026-09-04T04:47:52.047Z"
"int_1790176426512_8eirbbhcv","6a833393cee036cbf121a83f","68c5583b9869e837e80cea3a","sess_1790176426511_fped7mv","view",1,136,"2026-09-04T04:52:46.319Z"
"int_1790176426512_tauvhncvl","6a833393cee036cbf121a83f","68c5583b9869e837e80cea51","sess_1790176426511_fped7mv","view",1,146,"2026-09-04T04:52:46.319Z"
"int_1790176426512_f7ot1y9zp","6a833393cee036cbf121a83f","68c5583b9869e837e80ce9fe","sess_1790176426511_fped7mv","view",1,123,"2026-09-04T04:52:46.319Z"
"int_1790176426512_716y3axhg","6a833393cee036cbf121a83f","68c5583b9869e837e80cea23","sess_1790176426511_fped7mv","view",1,53,"2026-09-04T04:52:46.319Z"
"int_1790176426512_9g78vgop5","6a833393cee036cbf121a83f","68c5583b9869e837e80cea3a","sess_1790176426511_fped7mv","like",3,0,"2026-09-04T04:53:01.319Z"
"int_1790176426919_cr5fec80q","6a833397cee036cbf121a879","68c5583b9869e837e80ce9ae","sess_explore_1790176426919_tpxg2f","view",1,48,"2026-09-04T05:06:00.743Z"
"int_1790176426919_arc00xja0","6a833397cee036cbf121a879","68c5583b9869e837e80ce9ae","sess_explore_1790176426919_tpxg2f","like",3,0,"2026-09-04T05:06:10.743Z"
"int_1790176426919_d65sdbj6i","6a833395cee036cbf121a855","68c5583b9869e837e80ce9ca","sess_explore_1790176426919_2ch3ov","search_click",2,47,"2026-09-04T07:19:01.873Z"
"int_1790176426919_zwgzr3tk0","6a833395cee036cbf121a855","68c5583b9869e837e80ce9ca","sess_explore_1790176426919_2ch3ov","like",3,0,"2026-09-04T07:19:11.873Z"
"int_1790176426925_hyn5whfpt","68e37500fb43e827078c759c","68c5583b9869e837e80ceaf2","sess_explore_1790176426925_agl48p","search_click",2,27,"2026-09-04T07:50:58.654Z"
"int_1790176426922_75rdcpj15","6a833398cee036cbf121a883","68c5583b9869e837e80ceaa5","sess_explore_1790176426922_h5zl5i","view",1,34,"2026-09-04T07:53:18.431Z"
"int_1790176426396_m4b50p0vo","6a833391cee036cbf121a825","68c5583b9869e837e80ce98b","sess_1790176426395_2cq671p","view",1,160,"2026-09-04T08:17:15.911Z"
"int_1790176426397_io5ur849z","6a833391cee036cbf121a825","68c5583b9869e837e80ceacc","sess_1790176426395_2cq671p","view",1,23,"2026-09-04T08:17:15.911Z"
"int_1790176426397_7e5e92jdj","6a833391cee036cbf121a825","68c5583b9869e837e80ceac2","sess_1790176426395_2cq671p","view",1,160,"2026-09-04T08:17:15.911Z"
"int_1790176426396_rylvuoya2","6a833391cee036cbf121a825","68c5583b9869e837e80ce98b","sess_1790176426395_2cq671p","like",3,0,"2026-09-04T08:17:30.911Z"
"int_1790176426397_u0rdo6zu1","6a833391cee036cbf121a825","68c5583b9869e837e80ceacc","sess_1790176426395_2cq671p","like",3,0,"2026-09-04T08:17:30.911Z"
"int_1790176426397_czfw7hgx8","6a833391cee036cbf121a825","68c5583b9869e837e80ceac2","sess_1790176426395_2cq671p","add_to_cart",5,0,"2026-09-04T08:17:50.911Z"
"int_1790176426397_duyw019no","6a833391cee036cbf121a825","68c5583b9869e837e80ceac2","sess_1790176426395_2cq671p","purchase",10,0,"2026-09-04T08:18:15.911Z"
"int_1790176426922_yq4yiufjc","68e5331e5186f04dcdf2e9f6","68c5583b9869e837e80cea91","sess_explore_1790176426922_fw2z0l","search_click",2,56,"2026-09-04T09:07:46.985Z"
"int_1790176426919_2ez5ksxez","6a833396cee036cbf121a86f","68c5583b9869e837e80ce9d0","sess_explore_1790176426919_x8acl8","view",1,68,"2026-09-04T09:24:37.628Z"
"int_1790176426689_kdjm8gxls","6a833395cee036cbf121a85f","68c5583b9869e837e80cea23","sess_1790176426686_ew6pcyr","view",1,61,"2026-09-04T09:26:13.847Z"
"int_1790176426689_hgo9intz9","6a833395cee036cbf121a85f","68c5583b9869e837e80cea0f","sess_1790176426686_ew6pcyr","view",1,34,"2026-09-04T09:26:13.847Z"
"int_1790176426689_ou757w1o0","6a833395cee036cbf121a85f","68c5583b9869e837e80cea1e","sess_1790176426686_ew6pcyr","view",1,96,"2026-09-04T09:26:13.847Z"
"int_1790176426689_1lxycm2s7","6a833395cee036cbf121a85f","68c5583b9869e837e80cea1c","sess_1790176426686_ew6pcyr","view",1,120,"2026-09-04T09:26:13.847Z"
"int_1790176426689_v1uho4h1e","6a833395cee036cbf121a85f","68c5583b9869e837e80ce995","sess_1790176426686_ew6pcyr","view",1,75,"2026-09-04T09:26:13.847Z"
"int_1790176426689_g4cyb9wkf","6a833395cee036cbf121a85f","68c5583b9869e837e80cea0f","sess_1790176426686_ew6pcyr","add_to_cart",5,0,"2026-09-04T09:26:48.847Z"
"int_1790176426920_6yug4nq8g","6a833395cee036cbf121a859","68c5583b9869e837e80cea31","sess_explore_1790176426920_a04ngm","search_click",2,53,"2026-09-04T09:51:40.308Z"
"int_1790176426922_o8z8j3hfk","6a833396cee036cbf121a865","68c5583b9869e837e80cea8c","sess_explore_1790176426922_wcufgh","search_click",2,88,"2026-09-04T10:06:08.414Z"
"int_1790176426925_cnszrwrko","6a27ed55b6d7638a2acaa654","68c5583b9869e837e80ceaf7","sess_explore_1790176426925_iyhufz","search_click",2,74,"2026-09-04T10:40:00.787Z"
"int_1790176426920_tbcemdln9","6a7fc9164585d7fd0f495064","68c5583b9869e837e80ce9f1","sess_explore_1790176426920_degczp","view",1,81,"2026-09-04T10:54:07.816Z"
"int_1790176426404_kxgwzwx9i","6a833392cee036cbf121a827","68c5583b9869e837e80ce9a0","sess_1790176426402_g69evfs","view",1,163,"2026-09-04T11:31:56.139Z"
"int_1790176426404_io76djgbj","6a833392cee036cbf121a827","68c5583b9869e837e80ce9ea","sess_1790176426402_g69evfs","view",1,78,"2026-09-04T11:31:56.139Z"
"int_1790176426922_nx16v0pwt","6a833397cee036cbf121a873","68c5583b9869e837e80cea99","sess_explore_1790176426922_251526","view",1,59,"2026-09-04T12:44:23.866Z"
"int_1790176426922_opr50h636","6a833397cee036cbf121a873","68c5583b9869e837e80cea99","sess_explore_1790176426922_251526","like",3,0,"2026-09-04T12:44:33.866Z"
"int_1790176426901_2inr513m2","6a833398cee036cbf121a883","68c5583b9869e837e80cea14","sess_1790176426900_b8bplhl","view",1,160,"2026-09-04T14:04:00.412Z"
"int_1790176426901_ayzkzms0u","6a833398cee036cbf121a883","68c5583b9869e837e80cea93","sess_1790176426900_b8bplhl","view",1,47,"2026-09-04T14:04:00.412Z"
"int_1790176426901_w8d9hctwv","6a833398cee036cbf121a883","68c5583b9869e837e80cea2d","sess_1790176426900_b8bplhl","view",1,170,"2026-09-04T14:04:00.412Z"
"int_1790176426901_ng2hfteop","6a833398cee036cbf121a883","68c5583b9869e837e80cead7","sess_1790176426900_b8bplhl","view",1,67,"2026-09-04T14:04:00.412Z"
"int_1790176426901_x1hm0cjzp","6a833398cee036cbf121a883","68c5583b9869e837e80cead7","sess_1790176426900_b8bplhl","like",3,0,"2026-09-04T14:04:15.412Z"
"int_1790176426901_qa6pq7930","6a833398cee036cbf121a883","68c5583b9869e837e80cea93","sess_1790176426900_b8bplhl","add_to_cart",5,0,"2026-09-04T14:04:35.412Z"
"int_1790176426922_ajoxv4plv","6a833397cee036cbf121a873","68c5583b9869e837e80ceaad","sess_explore_1790176426922_ndsfuj","view",1,49,"2026-09-04T14:31:14.588Z"
"int_1790176426925_o4jjzr55v","6a833397cee036cbf121a877","68c5583b9869e837e80ceae8","sess_explore_1790176426925_kppase","search_click",2,86,"2026-09-04T15:49:23.346Z"
"int_1790176426922_0f7uhsnas","6a833392cee036cbf121a82f","68c5583b9869e837e80ceaa7","sess_explore_1790176426922_yi9dpo","view",1,57,"2026-09-04T16:32:34.085Z"
"int_1790176426919_3y625eafl","6a833396cee036cbf121a861","68c5583b9869e837e80ce991","sess_explore_1790176426919_a77a1k","view",1,31,"2026-09-04T17:30:50.124Z"
"int_1790176426919_ctitbm2eq","6a833392cee036cbf121a829","68c5583b9869e837e80ce9ad","sess_explore_1790176426919_fxsdvg","view",1,42,"2026-09-04T19:42:17.727Z"
"int_1790176426353_xfb7bjlqc","68e37500fb43e827078c759c","68c5583b9869e837e80cea46","sess_1790176426348_czvnqa9","view",1,141,"2026-09-04T20:30:59.901Z"
"int_1790176426353_dwbjtjeo3","68e37500fb43e827078c759c","68c5583b9869e837e80ce9d8","sess_1790176426348_czvnqa9","view",1,144,"2026-09-04T20:30:59.901Z"
"int_1790176426353_dknryygby","68e37500fb43e827078c759c","68c5583b9869e837e80cea0a","sess_1790176426348_czvnqa9","view",1,156,"2026-09-04T20:30:59.901Z"
"int_1790176426353_ws654qbbi","68e37500fb43e827078c759c","68c5583b9869e837e80cea15","sess_1790176426348_czvnqa9","view",1,96,"2026-09-04T20:30:59.901Z"
"int_1790176426353_ffelxmgjv","68e37500fb43e827078c759c","68c5583b9869e837e80ce9a2","sess_1790176426348_czvnqa9","view",1,42,"2026-09-04T20:30:59.901Z"
"int_1790176426353_kyfw9ksfg","68e37500fb43e827078c759c","68c5583b9869e837e80cea46","sess_1790176426348_czvnqa9","like",3,0,"2026-09-04T20:31:14.901Z"
"int_1790176426353_tkfwu8xbm","68e37500fb43e827078c759c","68c5583b9869e837e80ce9d8","sess_1790176426348_czvnqa9","like",3,0,"2026-09-04T20:31:14.901Z"
"int_1790176426353_tj2qdcqk1","68e37500fb43e827078c759c","68c5583b9869e837e80ce9d8","sess_1790176426348_czvnqa9","add_to_cart",5,0,"2026-09-04T20:31:34.901Z"
"int_1790176426353_4qpla2o5u","68e37500fb43e827078c759c","68c5583b9869e837e80cea15","sess_1790176426348_czvnqa9","add_to_cart",5,0,"2026-09-04T20:31:34.901Z"
"int_1790176426922_8fw5ebn9l","6a833395cee036cbf121a857","68c5583b9869e837e80ceaa8","sess_explore_1790176426922_92s6qm","view",1,26,"2026-09-04T20:35:59.255Z"
"int_1790176426923_rzsj7l17i","6a833397cee036cbf121a879","68c5583b9869e837e80ceac0","sess_explore_1790176426923_r44sy2","view",1,84,"2026-09-04T21:29:33.318Z"
"int_1790176426921_npoika0pb","6a833392cee036cbf121a82f","68c5583b9869e837e80cea59","sess_explore_1790176426921_7vz47w","search_click",2,68,"2026-09-04T23:14:42.709Z"
"int_1790176426921_llneeoelh","6a833392cee036cbf121a82f","68c5583b9869e837e80cea59","sess_explore_1790176426921_7vz47w","like",3,0,"2026-09-04T23:14:52.709Z"
"int_1790176426485_gqwulihqy","6a833393cee036cbf121a839","68c5583b9869e837e80ce9f5","sess_1790176426484_bwl2kec","view",1,80,"2026-09-05T00:33:48.246Z"
"int_1790176426485_mkfx79m50","6a833393cee036cbf121a839","68c5583b9869e837e80ce9c1","sess_1790176426484_bwl2kec","view",1,167,"2026-09-05T00:33:48.246Z"
"int_1790176426485_2zkcourn2","6a833393cee036cbf121a839","68c5583b9869e837e80ce9e6","sess_1790176426484_bwl2kec","view",1,163,"2026-09-05T00:33:48.246Z"
"int_1790176426485_q5t8dljen","6a833393cee036cbf121a839","68c5583b9869e837e80ce9f5","sess_1790176426484_bwl2kec","like",3,0,"2026-09-05T00:34:03.246Z"
"int_1790176426923_tpi8j2vmd","6a833396cee036cbf121a86d","68c5583b9869e837e80ceac1","sess_explore_1790176426923_fs8j1d","view",1,90,"2026-09-05T01:13:30.598Z"
"int_1790176426923_tqt9223n9","6a833396cee036cbf121a86d","68c5583b9869e837e80ceac1","sess_explore_1790176426923_fs8j1d","like",3,0,"2026-09-05T01:13:40.598Z"
"int_1790176426920_ad4wrcdol","6a833397cee036cbf121a875","68c5583b9869e837e80ce9fd","sess_explore_1790176426920_qlifmd","search_click",2,39,"2026-09-05T01:56:28.388Z"
"int_1790176426920_91jdqkeiz","6a833397cee036cbf121a875","68c5583b9869e837e80ce9fd","sess_explore_1790176426920_qlifmd","like",3,0,"2026-09-05T01:56:38.388Z"
"int_1790176426919_o6uuurg3e","6a833396cee036cbf121a865","68c5583b9869e837e80ce9bd","sess_explore_1790176426919_ljanme","search_click",2,41,"2026-09-05T04:03:50.233Z"
"int_1790176426919_4izmbnmho","6a833396cee036cbf121a865","68c5583b9869e837e80ce9bd","sess_explore_1790176426919_ljanme","like",3,0,"2026-09-05T04:04:00.233Z"
"int_1790176426924_pu5isowmc","6a833398cee036cbf121a87f","68c5583b9869e837e80cead8","sess_explore_1790176426924_3tt6pz","view",1,56,"2026-09-05T04:20:21.344Z"
"int_1790176426925_k15djih09","6a833392cee036cbf121a833","68c5583b9869e837e80ceaed","sess_explore_1790176426925_b8b3z0","view",1,49,"2026-09-05T09:31:52.640Z"
"int_1790176426925_1qt0aa63j","6a833392cee036cbf121a833","68c5583b9869e837e80ceaed","sess_explore_1790176426925_b8b3z0","like",3,0,"2026-09-05T09:32:02.640Z"
"int_1790176426923_85x0bhtbo","6a833398cee036cbf121a885","68c5583b9869e837e80ceabe","sess_explore_1790176426923_4324uz","search_click",2,68,"2026-09-05T10:24:24.428Z"
"int_1790176426923_ty8xk9i5e","6a833398cee036cbf121a885","68c5583b9869e837e80ceabe","sess_explore_1790176426923_4324uz","like",3,0,"2026-09-05T10:24:34.428Z"
"int_1790176426922_8xce898l6","6a833393cee036cbf121a83f","68c5583b9869e837e80cea90","sess_explore_1790176426922_h06l6v","view",1,74,"2026-09-05T11:14:44.741Z"
"int_1790176426922_i9dcrjzel","6a833392cee036cbf121a829","68c5583b9869e837e80ceab0","sess_explore_1790176426922_8cxp6x","view",1,54,"2026-09-05T11:50:23.402Z"
"int_1790176426919_rqmi3vfib","68e37500fb43e827078c759c","68c5583b9869e837e80ce9c7","sess_explore_1790176426919_ymfz1n","view",1,51,"2026-09-05T12:19:07.789Z"
"int_1790176426919_6fvlqci2w","6a833396cee036cbf121a865","68c5583b9869e837e80ce9bb","sess_explore_1790176426919_qj89lc","search_click",2,46,"2026-09-05T13:12:59.351Z"
"int_1790176426919_ankni53da","6a833396cee036cbf121a865","68c5583b9869e837e80ce9bb","sess_explore_1790176426919_qj89lc","like",3,0,"2026-09-05T13:13:09.351Z"
"int_1790176426469_k64ny80mv","6a833392cee036cbf121a833","68c5583b9869e837e80cea03","sess_1790176426468_zmaf928","view",1,89,"2026-09-05T14:33:31.748Z"
"int_1790176426469_lbtm5w7e1","6a833392cee036cbf121a833","68c5583b9869e837e80ce97d","sess_1790176426468_zmaf928","view",1,62,"2026-09-05T14:33:31.748Z"
"int_1790176426469_8wb6e08co","6a833392cee036cbf121a833","68c5583b9869e837e80ce9df","sess_1790176426468_zmaf928","view",1,50,"2026-09-05T14:33:31.748Z"
"int_1790176426469_1lvmgh2cd","6a833392cee036cbf121a833","68c5583b9869e837e80cea00","sess_1790176426468_zmaf928","view",1,40,"2026-09-05T14:33:31.748Z"
"int_1790176426469_9bh0314nb","6a833392cee036cbf121a833","68c5583b9869e837e80ce97d","sess_1790176426468_zmaf928","like",3,0,"2026-09-05T14:33:46.748Z"
"int_1790176426469_mh9w1yqyr","6a833392cee036cbf121a833","68c5583b9869e837e80cea00","sess_1790176426468_zmaf928","like",3,0,"2026-09-05T14:33:46.748Z"
"int_1790176426469_f6wv2jpai","6a833392cee036cbf121a833","68c5583b9869e837e80ce9df","sess_1790176426468_zmaf928","add_to_cart",5,0,"2026-09-05T14:34:06.748Z"
"int_1790176426922_s4wt72v8p","6a27ed55b6d7638a2acaa654","68c5583b9869e837e80cea8b","sess_explore_1790176426922_24l89s","search_click",2,64,"2026-09-05T16:12:27.424Z"
"int_1790176426923_8ium8amkb","6a833396cee036cbf121a86d","68c5583b9869e837e80ceac4","sess_explore_1790176426923_zr7ww7","view",1,31,"2026-09-05T16:56:33.051Z"
"int_1790176426921_2kbod836x","6a833396cee036cbf121a86b","68c5583b9869e837e80cea74","sess_explore_1790176426921_ew7snu","view",1,72,"2026-09-05T17:54:29.216Z"
"int_1790176426919_l2tg9sgvw","6a833397cee036cbf121a87b","68c5583b9869e837e80ce984","sess_explore_1790176426919_iszvs8","search_click",2,54,"2026-09-05T20:13:25.683Z"
"int_1790176426921_c71bm7fsg","6a833397cee036cbf121a879","68c5583b9869e837e80cea4c","sess_explore_1790176426921_yk3yhm","view",1,83,"2026-09-05T20:18:14.459Z"
"int_1790176426921_ybzl2fvzl","6a833395cee036cbf121a855","68c5583b9869e837e80cea5e","sess_explore_1790176426921_3r87h4","search_click",2,46,"2026-09-05T21:09:06.249Z"
"int_1790176426924_jsw69yx8p","6a833397cee036cbf121a873","68c5583b9869e837e80ceade","sess_explore_1790176426924_1461ku","view",1,72,"2026-09-05T21:25:17.105Z"
"int_1790176426923_y682coq77","6a833392cee036cbf121a82b","68c5583b9869e837e80ceac8","sess_explore_1790176426923_dw7qyz","view",1,63,"2026-09-05T21:43:36.187Z"
"int_1790176426924_q588apnv5","6a833397cee036cbf121a87b","68c5583b9869e837e80ceadd","sess_explore_1790176426924_9y5wzk","view",1,29,"2026-09-05T22:50:48.207Z"
"int_1790176426924_bg0ty5m8g","6a833397cee036cbf121a87b","68c5583b9869e837e80ceadd","sess_explore_1790176426924_9y5wzk","like",3,0,"2026-09-05T22:50:58.207Z"
"int_1790176426921_wfdrhqlxc","6a833393cee036cbf121a83b","68c5583b9869e837e80cea57","sess_explore_1790176426921_ea4hg4","view",1,30,"2026-09-05T23:47:36.571Z"
"int_1790176426922_2a44xwypc","6a833391cee036cbf121a825","68c5583b9869e837e80ceaa1","sess_explore_1790176426922_8dr8fn","view",1,25,"2026-09-06T00:06:17.709Z"
"int_1790176426922_jf6wrfb4m","6a833391cee036cbf121a825","68c5583b9869e837e80ceaa1","sess_explore_1790176426922_8dr8fn","like",3,0,"2026-09-06T00:06:27.709Z"
"int_1790176426694_85rvwvvkp","6a833395cee036cbf121a85f","68c5583b9869e837e80cea56","sess_1790176426693_pdfkgwa","view",1,127,"2026-09-06T02:51:05.736Z"
"int_1790176426694_5byuflu1b","6a833395cee036cbf121a85f","68c5583b9869e837e80ce9d6","sess_1790176426693_pdfkgwa","view",1,179,"2026-09-06T02:51:05.736Z"
"int_1790176426694_gnbj4o8yu","6a833395cee036cbf121a85f","68c5583b9869e837e80cea93","sess_1790176426693_pdfkgwa","view",1,129,"2026-09-06T02:51:05.736Z"
"int_1790176426694_ipgtriews","6a833395cee036cbf121a85f","68c5583b9869e837e80cea56","sess_1790176426693_pdfkgwa","like",3,0,"2026-09-06T02:51:20.736Z"
"int_1790176426694_tud0skolz","6a833395cee036cbf121a85f","68c5583b9869e837e80ce9d6","sess_1790176426693_pdfkgwa","like",3,0,"2026-09-06T02:51:20.736Z"
"int_1790176426694_plz4ypnk0","6a833395cee036cbf121a85f","68c5583b9869e837e80ce9d6","sess_1790176426693_pdfkgwa","add_to_cart",5,0,"2026-09-06T02:51:40.736Z"
"int_1790176426925_q5t7a7ke3","6a833398cee036cbf121a883","68c5583b9869e837e80ceaf5","sess_explore_1790176426925_n89e59","search_click",2,27,"2026-09-06T03:03:13.338Z"
"int_1790176426341_htwx4d8rl","68e37500fb43e827078c759c","68c5583b9869e837e80ce9d7","sess_1790176426336_cwh0cu1","view",1,119,"2026-09-06T03:56:25.882Z"
"int_1790176426341_o1rsee64v","68e37500fb43e827078c759c","68c5583b9869e837e80ce99e","sess_1790176426336_cwh0cu1","view",1,35,"2026-09-06T03:56:25.882Z"
"int_1790176426341_e6csjdjgc","68e37500fb43e827078c759c","68c5583b9869e837e80ce9b2","sess_1790176426336_cwh0cu1","view",1,123,"2026-09-06T03:56:25.882Z"
"int_1790176426341_amf8o5hpp","68e37500fb43e827078c759c","68c5583b9869e837e80cea1b","sess_1790176426336_cwh0cu1","view",1,66,"2026-09-06T03:56:25.882Z"
"int_1790176426341_kioslu0zj","68e37500fb43e827078c759c","68c5583b9869e837e80cea58","sess_1790176426336_cwh0cu1","view",1,99,"2026-09-06T03:56:25.882Z"
"int_1790176426341_j63vfsdgg","68e37500fb43e827078c759c","68c5583b9869e837e80cea69","sess_1790176426336_cwh0cu1","view",1,118,"2026-09-06T03:56:25.882Z"
"int_1790176426341_nae0xrj0e","68e37500fb43e827078c759c","68c5583b9869e837e80cea58","sess_1790176426336_cwh0cu1","like",3,0,"2026-09-06T03:56:40.882Z"
"int_1790176426341_b83y9izsp","68e37500fb43e827078c759c","68c5583b9869e837e80cea69","sess_1790176426336_cwh0cu1","like",3,0,"2026-09-06T03:56:40.882Z"
"int_1790176426920_jw93qkbvr","6a833392cee036cbf121a829","68c5583b9869e837e80cea09","sess_explore_1790176426920_blfxrq","search_click",2,83,"2026-09-06T04:27:17.619Z"
"int_1790176426920_xukn269wf","6a833392cee036cbf121a829","68c5583b9869e837e80cea09","sess_explore_1790176426920_blfxrq","like",3,0,"2026-09-06T04:27:27.619Z"
"int_1790176426919_ntotzf5vx","6a833396cee036cbf121a867","68c5583b9869e837e80ce9c5","sess_explore_1790176426919_bcs07z","view",1,53,"2026-09-06T04:57:13.869Z"
"int_1790176426514_1ltfgu5vz","6a833393cee036cbf121a83f","68c5583b9869e837e80cea9f","sess_1790176426512_6ndaqdb","view",1,61,"2026-09-06T06:41:30.719Z"
"int_1790176426514_y08dkkuba","6a833393cee036cbf121a83f","68c5583b9869e837e80cea70","sess_1790176426512_6ndaqdb","view",1,105,"2026-09-06T06:41:30.719Z"
"int_1790176426514_8jgtlyan8","6a833393cee036cbf121a83f","68c5583b9869e837e80cea3a","sess_1790176426512_6ndaqdb","view",1,126,"2026-09-06T06:41:30.719Z"
"int_1790176426514_itzy5fd1l","6a833393cee036cbf121a83f","68c5583b9869e837e80cea1c","sess_1790176426512_6ndaqdb","view",1,37,"2026-09-06T06:41:30.719Z"
"int_1790176426514_nfrkvly9g","6a833393cee036cbf121a83f","68c5583b9869e837e80cea9f","sess_1790176426512_6ndaqdb","like",3,0,"2026-09-06T06:41:45.719Z"
"int_1790176426514_t0bhq3n99","6a833393cee036cbf121a83f","68c5583b9869e837e80cea70","sess_1790176426512_6ndaqdb","like",3,0,"2026-09-06T06:41:45.719Z"
"int_1790176426514_6vffv5o7b","6a833393cee036cbf121a83f","68c5583b9869e837e80cea1c","sess_1790176426512_6ndaqdb","like",3,0,"2026-09-06T06:41:45.719Z"
"int_1790176426514_3hj5t75ww","6a833393cee036cbf121a83f","68c5583b9869e837e80cea9f","sess_1790176426512_6ndaqdb","add_to_cart",5,0,"2026-09-06T06:42:05.719Z"
"int_1790176426514_gbzisbn7w","6a833393cee036cbf121a83f","68c5583b9869e837e80cea70","sess_1790176426512_6ndaqdb","add_to_cart",5,0,"2026-09-06T06:42:05.719Z"
"int_1790176426514_4hm0rk28k","6a833393cee036cbf121a83f","68c5583b9869e837e80cea3a","sess_1790176426512_6ndaqdb","add_to_cart",5,0,"2026-09-06T06:42:05.719Z"
"int_1790176426514_8dctwtimh","6a833393cee036cbf121a83f","68c5583b9869e837e80cea1c","sess_1790176426512_6ndaqdb","add_to_cart",5,0,"2026-09-06T06:42:05.719Z"
"int_1790176426514_6i1bwhvue","6a833393cee036cbf121a83f","68c5583b9869e837e80cea9f","sess_1790176426512_6ndaqdb","purchase",10,0,"2026-09-06T06:42:30.719Z"
"int_1790176426922_2q3whb8lh","6a833392cee036cbf121a831","68c5583b9869e837e80ceabb","sess_explore_1790176426922_b247pu","search_click",2,39,"2026-09-06T06:58:09.794Z"
"int_1790176426922_c3cqmp0ky","68e5331e5186f04dcdf2e9f6","68c5583b9869e837e80cea81","sess_explore_1790176426922_zxl35k","view",1,90,"2026-09-06T07:09:18.465Z"
"int_1790176426922_j1zz6xp7y","68e5331e5186f04dcdf2e9f6","68c5583b9869e837e80cea81","sess_explore_1790176426922_zxl35k","like",3,0,"2026-09-06T07:09:28.465Z"
"int_1790176426919_e3o0rk38r","6a833396cee036cbf121a86b","68c5583b9869e837e80ce9ce","sess_explore_1790176426919_dw28em","view",1,70,"2026-09-06T08:44:09.687Z"
"int_1790176426924_b9r0vgcje","6a83085d4d4fb77855083406","68c5583b9869e837e80ceadf","sess_explore_1790176426924_v61w7d","view",1,46,"2026-09-06T08:46:32.080Z"
"int_1790176426921_j5l84c329","6a833397cee036cbf121a873","68c5583b9869e837e80cea55","sess_explore_1790176426921_9qgnor","view",1,26,"2026-09-06T08:50:10.361Z"
"int_1790176426922_h47479a2x","6a833396cee036cbf121a861","68c5583b9869e837e80ceaaf","sess_explore_1790176426922_j8zwih","view",1,71,"2026-09-06T09:09:54.603Z"
"int_1790176426925_obydn5hvk","6a833392cee036cbf121a82b","68c5583b9869e837e80ceaef","sess_explore_1790176426925_ca5nak","view",1,71,"2026-09-06T09:41:58.751Z"
"int_1790176426925_kk03rvnw9","6a833395cee036cbf121a85d","68c5583b9869e837e80ceaff","sess_explore_1790176426925_yxgv9x","search_click",2,90,"2026-09-06T10:37:27.140Z"
"int_1790176426612_almjsog22","6a833394cee036cbf121a84f","68c5583b9869e837e80cea24","sess_1790176426609_cvl3sp2","view",1,175,"2026-09-06T10:45:12.867Z"
"int_1790176426612_a50w7td3z","6a833394cee036cbf121a84f","68c5583b9869e837e80cea23","sess_1790176426609_cvl3sp2","view",1,128,"2026-09-06T10:45:12.867Z"
"int_1790176426612_13xnojnaz","6a833394cee036cbf121a84f","68c5583b9869e837e80cea9d","sess_1790176426609_cvl3sp2","view",1,48,"2026-09-06T10:45:12.867Z"
"int_1790176426612_w9mq6lilp","6a833394cee036cbf121a84f","68c5583b9869e837e80ce97d","sess_1790176426609_cvl3sp2","view",1,62,"2026-09-06T10:45:12.867Z"
"int_1790176426612_zchy91bxd","6a833394cee036cbf121a84f","68c5583b9869e837e80cea00","sess_1790176426609_cvl3sp2","view",1,121,"2026-09-06T10:45:12.867Z"
"int_1790176426612_e0b7wfvfg","6a833394cee036cbf121a84f","68c5583b9869e837e80cea00","sess_1790176426609_cvl3sp2","like",3,0,"2026-09-06T10:45:27.867Z"
"int_1790176426612_02wtccwkx","6a833394cee036cbf121a84f","68c5583b9869e837e80cea00","sess_1790176426609_cvl3sp2","add_to_cart",5,0,"2026-09-06T10:45:47.867Z"
"int_1790176426612_5lg0h37ht","6a833394cee036cbf121a84f","68c5583b9869e837e80cea00","sess_1790176426609_cvl3sp2","purchase",10,0,"2026-09-06T10:46:12.867Z"
"int_1790176426924_sa9g5k0l9","6a833394cee036cbf121a84d","68c5583b9869e837e80ceae6","sess_explore_1790176426924_o12pra","view",1,70,"2026-09-06T11:15:30.869Z"
"int_1790176426924_polh4zo5h","6a833394cee036cbf121a84d","68c5583b9869e837e80ceae6","sess_explore_1790176426924_o12pra","like",3,0,"2026-09-06T11:15:40.869Z"
"int_1790176426925_hj2v2h7dh","6a833394cee036cbf121a847","68c5583b9869e837e80ceaea","sess_explore_1790176426925_j13nx9","view",1,40,"2026-09-06T13:38:55.926Z"
"int_1790176426925_pzqubgeg3","6a833394cee036cbf121a847","68c5583b9869e837e80ceaea","sess_explore_1790176426925_j13nx9","like",3,0,"2026-09-06T13:39:05.926Z"
"int_1790176426920_yn8vlizco","6a833398cee036cbf121a887","68c5583b9869e837e80ce9f1","sess_explore_1790176426920_tvy7w0","view",1,68,"2026-09-06T13:46:21.093Z"
"int_1790176426921_bpz1l57zi","6a833397cee036cbf121a871","68c5583b9869e837e80cea68","sess_explore_1790176426921_2mc8xx","view",1,42,"2026-09-06T13:48:02.986Z"
"int_1790176426921_s73qnt7ci","6a833393cee036cbf121a835","68c5583b9869e837e80cea75","sess_explore_1790176426921_z91xub","view",1,43,"2026-09-06T13:57:04.757Z"
"int_1790176426919_ksugz7up5","6a833392cee036cbf121a82d","68c5583b9869e837e80ce9c4","sess_explore_1790176426919_w78g5g","view",1,72,"2026-09-06T14:41:27.814Z"
"int_1790176426920_b8cyquhnu","6a833393cee036cbf121a843","68c5583b9869e837e80cea18","sess_explore_1790176426920_v2ceqr","view",1,31,"2026-09-06T15:20:39.263Z"
"int_1790176426921_tr2j48q8u","6a833392cee036cbf121a831","68c5583b9869e837e80cea49","sess_explore_1790176426921_7ozzt7","search_click",2,85,"2026-09-06T15:43:51.893Z"
"int_1790176426920_6qhg1ssof","6a833395cee036cbf121a85f","68c5583b9869e837e80ce9e3","sess_explore_1790176426920_zd3agw","view",1,85,"2026-09-06T15:51:38.523Z"
"int_1790176426920_5obnf6ckn","6a833395cee036cbf121a85f","68c5583b9869e837e80ce9e3","sess_explore_1790176426920_zd3agw","like",3,0,"2026-09-06T15:51:48.523Z"
"int_1790176426919_2qt3y5tru","6a833395cee036cbf121a857","68c5583b9869e837e80ce9b7","sess_explore_1790176426919_ge8p2i","view",1,45,"2026-09-06T16:29:35.899Z"
"int_1790176426920_9elx05r42","68e37500fb43e827078c759c","68c5583b9869e837e80ce9e3","sess_explore_1790176426920_vpcl77","view",1,51,"2026-09-06T18:34:24.419Z"
"int_1790176426922_udhfcvbx8","6a833397cee036cbf121a87b","68c5583b9869e837e80ceabb","sess_explore_1790176426922_znl6el","view",1,58,"2026-09-06T19:30:46.211Z"
"int_1790176426922_xczxentsh","6a833397cee036cbf121a87b","68c5583b9869e837e80ceabb","sess_explore_1790176426922_znl6el","like",3,0,"2026-09-06T19:30:56.211Z"
"int_1790176426921_a2fz6q33l","6a833397cee036cbf121a879","68c5583b9869e837e80cea68","sess_explore_1790176426921_dd1ndw","view",1,67,"2026-09-06T19:44:04.332Z"
"int_1790176426921_wijuw0urg","6a833397cee036cbf121a879","68c5583b9869e837e80cea68","sess_explore_1790176426921_dd1ndw","like",3,0,"2026-09-06T19:44:14.332Z"
"int_1790176426451_frw4wkpzw","6a833392cee036cbf121a82f","68c5583b9869e837e80cea9f","sess_1790176426450_mojv0h4","view",1,92,"2026-09-06T21:09:07.213Z"
"int_1790176426451_cg8nbhgal","6a833392cee036cbf121a82f","68c5583b9869e837e80cea3a","sess_1790176426450_mojv0h4","view",1,62,"2026-09-06T21:09:07.213Z"
"int_1790176426451_4ib0lqn34","6a833392cee036cbf121a82f","68c5583b9869e837e80cea7a","sess_1790176426450_mojv0h4","view",1,102,"2026-09-06T21:09:07.213Z"
"int_1790176426451_96dqhdqq0","6a833392cee036cbf121a82f","68c5583b9869e837e80ce97d","sess_1790176426450_mojv0h4","view",1,79,"2026-09-06T21:09:07.213Z"
"int_1790176426451_ipycotfvm","6a833392cee036cbf121a82f","68c5583b9869e837e80cea9f","sess_1790176426450_mojv0h4","like",3,0,"2026-09-06T21:09:22.213Z"
"int_1790176426451_ciglhwa6u","6a833392cee036cbf121a82f","68c5583b9869e837e80ce97d","sess_1790176426450_mojv0h4","like",3,0,"2026-09-06T21:09:22.213Z"
"int_1790176426925_fjz5q2vbi","6a833393cee036cbf121a843","68c5583b9869e837e80ceaf6","sess_explore_1790176426925_f3t5fn","view",1,63,"2026-09-06T21:25:05.257Z"
"int_1790176426922_ash546vzg","6a833397cee036cbf121a87b","68c5583b9869e837e80ceabc","sess_explore_1790176426922_gwttsa","view",1,71,"2026-09-06T21:35:13.807Z"
"int_1790176426921_23ixcwbpb","6914018db8d9d9ea54857a42","68c5583b9869e837e80cea75","sess_explore_1790176426921_w9i1ec","search_click",2,38,"2026-09-06T22:51:42.044Z"
"int_1790176426921_ikm19x2du","6914018db8d9d9ea54857a42","68c5583b9869e837e80cea75","sess_explore_1790176426921_w9i1ec","like",3,0,"2026-09-06T22:51:52.044Z"
"int_1790176426921_2c10otd33","6a833393cee036cbf121a83d","68c5583b9869e837e80cea49","sess_explore_1790176426921_g8blmi","search_click",2,78,"2026-09-06T23:34:57.182Z"
"int_1790176426921_zb3zfwqwf","6a833393cee036cbf121a83d","68c5583b9869e837e80cea49","sess_explore_1790176426921_g8blmi","like",3,0,"2026-09-06T23:35:07.182Z"
"int_1790176426921_5y1fxcdvb","6a833397cee036cbf121a87d","68c5583b9869e837e80cea3f","sess_explore_1790176426921_oh7d2d","view",1,60,"2026-09-06T23:56:59.954Z"
"int_1790176426921_e292eb0fp","6a833397cee036cbf121a87d","68c5583b9869e837e80cea3f","sess_explore_1790176426921_oh7d2d","like",3,0,"2026-09-06T23:57:09.954Z"
"int_1790176426401_jube0cq0w","6a833391cee036cbf121a825","68c5583b9869e837e80ceaa4","sess_1790176426400_grwe4ok","view",1,90,"2026-09-07T00:37:23.667Z"
"int_1790176426401_ewjrvfmh8","6a833391cee036cbf121a825","68c5583b9869e837e80cea1c","sess_1790176426400_grwe4ok","view",1,138,"2026-09-07T00:37:23.667Z"
"int_1790176426401_k6yu4gq7a","6a833391cee036cbf121a825","68c5583b9869e837e80ce9e0","sess_1790176426400_grwe4ok","view",1,99,"2026-09-07T00:37:23.667Z"
"int_1790176426401_r9sujpszc","6a833391cee036cbf121a825","68c5583b9869e837e80ce989","sess_1790176426400_grwe4ok","view",1,78,"2026-09-07T00:37:23.667Z"
"int_1790176426401_ymvkalsk2","6a833391cee036cbf121a825","68c5583b9869e837e80ceaa4","sess_1790176426400_grwe4ok","like",3,0,"2026-09-07T00:37:38.667Z"
"int_1790176426401_82ghjjd9c","6a833391cee036cbf121a825","68c5583b9869e837e80ceaa4","sess_1790176426400_grwe4ok","add_to_cart",5,0,"2026-09-07T00:37:58.667Z"
"int_1790176426776_6wddmaarn","6a833396cee036cbf121a86f","68c5583b9869e837e80cea3a","sess_1790176426772_xmal2gn","view",1,80,"2026-09-07T01:48:31.228Z"
"int_1790176426776_zv796mpnu","6a833396cee036cbf121a86f","68c5583b9869e837e80cea10","sess_1790176426772_xmal2gn","view",1,123,"2026-09-07T01:48:31.228Z"
"int_1790176426776_phyzn0gfc","6a833396cee036cbf121a86f","68c5583b9869e837e80cea5c","sess_1790176426772_xmal2gn","view",1,33,"2026-09-07T01:48:31.228Z"
"int_1790176426776_zb4zcmiw1","6a833396cee036cbf121a86f","68c5583b9869e837e80cea5c","sess_1790176426772_xmal2gn","like",3,0,"2026-09-07T01:48:46.228Z"
"int_1790176426776_oxfwfe90o","6a833396cee036cbf121a86f","68c5583b9869e837e80cea10","sess_1790176426772_xmal2gn","add_to_cart",5,0,"2026-09-07T01:49:06.228Z"
"int_1790176426776_a6r5wk17z","6a833396cee036cbf121a86f","68c5583b9869e837e80cea10","sess_1790176426772_xmal2gn","purchase",10,0,"2026-09-07T01:49:31.228Z"
"int_1790176426920_itifgw6k0","6a833398cee036cbf121a885","68c5583b9869e837e80cea36","sess_explore_1790176426920_nrizv5","view",1,27,"2026-09-07T02:17:36.590Z"
"int_1790176426919_4vofwyylx","6a833395cee036cbf121a855","68c5583b9869e837e80ce987","sess_explore_1790176426919_boigrx","view",1,39,"2026-09-07T02:32:12.948Z"
"int_1790176426920_a8mjgmygq","6a833393cee036cbf121a839","68c5583b9869e837e80cea36","sess_explore_1790176426920_jyouly","view",1,36,"2026-09-07T03:02:35.728Z"
"int_1790176426921_0ghhiomkl","6a833394cee036cbf121a84f","68c5583b9869e837e80cea3f","sess_explore_1790176426921_txnxgk","view",1,85,"2026-09-07T04:09:26.938Z"
"int_1790176426922_j7ig4spx7","6a833395cee036cbf121a85d","68c5583b9869e837e80cea91","sess_explore_1790176426922_ahp7sc","search_click",2,46,"2026-09-07T05:11:43.932Z"
"int_1790176426800_tlqf14j5f","6a833397cee036cbf121a873","68c5583b9869e837e80ceab8","sess_1790176426797_5s6ot2u","view",1,86,"2026-09-07T05:45:30.748Z"
"int_1790176426800_cgy09ar0l","6a833397cee036cbf121a873","68c5583b9869e837e80ce9e0","sess_1790176426797_5s6ot2u","view",1,140,"2026-09-07T05:45:30.748Z"
"int_1790176426800_j3apuel8v","6a833397cee036cbf121a873","68c5583b9869e837e80cea7a","sess_1790176426797_5s6ot2u","view",1,94,"2026-09-07T05:45:30.748Z"
"int_1790176426921_zydi75m5u","68e37500fb43e827078c759c","68c5583b9869e837e80cea59","sess_explore_1790176426921_fv7xqh","search_click",2,33,"2026-09-07T06:07:05.116Z"
"int_1790176426922_5kwx6t8n1","6a833392cee036cbf121a82b","68c5583b9869e837e80cea87","sess_explore_1790176426922_raf6hp","view",1,86,"2026-09-07T06:56:44.274Z"
"int_1790176426922_wgij26lh2","6a833392cee036cbf121a82b","68c5583b9869e837e80cea87","sess_explore_1790176426922_raf6hp","like",3,0,"2026-09-07T06:56:54.274Z"
"int_1790176426919_bp8qmnpos","6a833393cee036cbf121a83b","68c5583b9869e837e80ce9c4","sess_explore_1790176426919_4a1syp","search_click",2,58,"2026-09-07T07:10:10.447Z"
"int_1790176426494_8cipfvqrb","6a833393cee036cbf121a83b","68c5583b9869e837e80ce9a2","sess_1790176426493_1b1xhth","view",1,33,"2026-09-07T08:38:41.410Z"
"int_1790176426494_4ofosy8uu","6a833393cee036cbf121a83b","68c5583b9869e837e80ce9b6","sess_1790176426493_1b1xhth","view",1,144,"2026-09-07T08:38:41.410Z"
"int_1790176426494_ox8pb451x","6a833393cee036cbf121a83b","68c5583b9869e837e80cea0a","sess_1790176426493_1b1xhth","view",1,171,"2026-09-07T08:38:41.410Z"
"int_1790176426494_psmlqd9t9","6a833393cee036cbf121a83b","68c5583b9869e837e80cea6e","sess_1790176426493_1b1xhth","view",1,91,"2026-09-07T08:38:41.410Z"
"int_1790176426494_znw3esjgy","6a833393cee036cbf121a83b","68c5583b9869e837e80ce9b6","sess_1790176426493_1b1xhth","like",3,0,"2026-09-07T08:38:56.410Z"
"int_1790176426494_4hpxkoror","6a833393cee036cbf121a83b","68c5583b9869e837e80ce9a2","sess_1790176426493_1b1xhth","add_to_cart",5,0,"2026-09-07T08:39:16.410Z"
"int_1790176426494_fvv6gh00a","6a833393cee036cbf121a83b","68c5583b9869e837e80ce9a2","sess_1790176426493_1b1xhth","purchase",10,0,"2026-09-07T08:39:41.410Z"
"int_1790176426604_4z5o2gn14","6a833394cee036cbf121a84d","68c5583b9869e837e80ce985","sess_1790176426601_rii0k5g","view",1,50,"2026-09-07T10:06:18.461Z"
"int_1790176426604_nq2yrdat0","6a833394cee036cbf121a84d","68c5583b9869e837e80ce9a4","sess_1790176426601_rii0k5g","view",1,92,"2026-09-07T10:06:18.461Z"
"int_1790176426604_luzhf06j9","6a833394cee036cbf121a84d","68c5583b9869e837e80cea40","sess_1790176426601_rii0k5g","view",1,108,"2026-09-07T10:06:18.461Z"
"int_1790176426604_dht3gnkfm","6a833394cee036cbf121a84d","68c5583b9869e837e80ce9a4","sess_1790176426601_rii0k5g","add_to_cart",5,0,"2026-09-07T10:06:53.461Z"
"int_1790176426920_j3tahh610","6a833395cee036cbf121a853","68c5583b9869e837e80ce9ef","sess_explore_1790176426920_wyifil","search_click",2,76,"2026-09-07T11:37:17.277Z"
"int_1790176426809_6n2cd55up","6a833397cee036cbf121a875","68c5583b9869e837e80ce9e2","sess_1790176426807_wsfrm91","view",1,71,"2026-09-07T12:50:53.380Z"
"int_1790176426809_gl5lw98wt","6a833397cee036cbf121a875","68c5583b9869e837e80ce99c","sess_1790176426807_wsfrm91","view",1,38,"2026-09-07T12:50:53.380Z"
"int_1790176426809_1w7f5zo6a","6a833397cee036cbf121a875","68c5583b9869e837e80ce9a4","sess_1790176426807_wsfrm91","view",1,154,"2026-09-07T12:50:53.380Z"
"int_1790176426809_lrzwk53gm","6a833397cee036cbf121a875","68c5583b9869e837e80ce99c","sess_1790176426807_wsfrm91","like",3,0,"2026-09-07T12:51:08.380Z"
"int_1790176426809_63st6iyif","6a833397cee036cbf121a875","68c5583b9869e837e80ce9a4","sess_1790176426807_wsfrm91","like",3,0,"2026-09-07T12:51:08.380Z"
"int_1790176426708_bj4g1if4x","6a833396cee036cbf121a863","68c5583b9869e837e80cea17","sess_1790176426707_oi4r4ii","view",1,176,"2026-09-07T21:23:00.506Z"
"int_1790176426708_cqmeif2ok","6a833396cee036cbf121a863","68c5583b9869e837e80ce988","sess_1790176426707_oi4r4ii","view",1,73,"2026-09-07T21:23:00.506Z"
"int_1790176426708_uzvxm4h0j","6a833396cee036cbf121a863","68c5583b9869e837e80cea02","sess_1790176426707_oi4r4ii","view",1,172,"2026-09-07T21:23:00.506Z"
"int_1790176426708_unxu1xbsn","6a833396cee036cbf121a863","68c5583b9869e837e80cea23","sess_1790176426707_oi4r4ii","view",1,71,"2026-09-07T21:23:00.506Z"
"int_1790176426708_a9c83slss","6a833396cee036cbf121a863","68c5583b9869e837e80cea17","sess_1790176426707_oi4r4ii","like",3,0,"2026-09-07T21:23:15.506Z"
"int_1790176426708_nmpg24wd7","6a833396cee036cbf121a863","68c5583b9869e837e80cea17","sess_1790176426707_oi4r4ii","add_to_cart",5,0,"2026-09-07T21:23:35.506Z"
"int_1790176426922_y1vq0o0n2","6a833398cee036cbf121a87f","68c5583b9869e837e80ceaaa","sess_explore_1790176426922_6qluay","search_click",2,66,"2026-09-07T21:50:48.275Z"
"int_1790176426922_ooqsjhhny","6a833398cee036cbf121a87f","68c5583b9869e837e80ceaaa","sess_explore_1790176426922_6qluay","like",3,0,"2026-09-07T21:50:58.275Z"
"int_1790176426407_mlqq7bs96","6a833392cee036cbf121a829","68c5583b9869e837e80ce9d1","sess_1790176426405_mrp075s","view",1,118,"2026-09-07T22:02:19.884Z"
"int_1790176426407_vzkzkkgnc","6a833392cee036cbf121a829","68c5583b9869e837e80cea04","sess_1790176426405_mrp075s","view",1,28,"2026-09-07T22:02:19.884Z"
"int_1790176426407_kg1z6ukyz","6a833392cee036cbf121a829","68c5583b9869e837e80ce9e6","sess_1790176426405_mrp075s","view",1,117,"2026-09-07T22:02:19.884Z"
"int_1790176426407_bi205m29r","6a833392cee036cbf121a829","68c5583b9869e837e80cea04","sess_1790176426405_mrp075s","like",3,0,"2026-09-07T22:02:34.884Z"
"int_1790176426407_ypapkd24k","6a833392cee036cbf121a829","68c5583b9869e837e80ce9e6","sess_1790176426405_mrp075s","like",3,0,"2026-09-07T22:02:34.884Z"
"int_1790176426407_prk1g5bmc","6a833392cee036cbf121a829","68c5583b9869e837e80ce9d1","sess_1790176426405_mrp075s","add_to_cart",5,0,"2026-09-07T22:02:54.884Z"
"int_1790176426922_jovhgeowb","6a833393cee036cbf121a83d","68c5583b9869e837e80cea89","sess_explore_1790176426922_qtm8qa","view",1,64,"2026-09-07T22:26:58.412Z"
"int_1790176426922_haxsiqd5r","6a833393cee036cbf121a83d","68c5583b9869e837e80cea89","sess_explore_1790176426922_qtm8qa","like",3,0,"2026-09-07T22:27:08.412Z"
"int_1790176426925_juk8g9mnk","6a833395cee036cbf121a85d","68c5583b9869e837e80ceaee","sess_explore_1790176426925_yjkxxv","view",1,48,"2026-09-08T02:07:26.140Z"
"int_1790176426925_mwvg4wtkv","68e37500fb43e827078c759c","68c5583b9869e837e80ceaf5","sess_explore_1790176426925_vv1uq7","view",1,69,"2026-09-08T02:24:20.981Z"
"int_1790176426925_i9jlruifo","68e37500fb43e827078c759c","68c5583b9869e837e80ceaf5","sess_explore_1790176426925_vv1uq7","like",3,0,"2026-09-08T02:24:30.981Z"
"int_1790176426920_a7rdqozkv","6a833394cee036cbf121a845","68c5583b9869e837e80cea2b","sess_explore_1790176426920_n6twhq","search_click",2,39,"2026-09-08T04:53:06.496Z"
"int_1790176426922_2t541kf1w","6a833395cee036cbf121a85f","68c5583b9869e837e80cea87","sess_explore_1790176426922_b7mbmx","search_click",2,83,"2026-09-08T05:33:52.647Z"
"int_1790176426920_r30sv3tit","6a833396cee036cbf121a86d","68c5583b9869e837e80cea18","sess_explore_1790176426920_mwnh6c","search_click",2,51,"2026-09-08T07:07:58.973Z"
"int_1790176426919_1t4hen2j8","6a833393cee036cbf121a83f","68c5583b9869e837e80ce9c8","sess_explore_1790176426919_zppzdy","view",1,26,"2026-09-08T07:21:58.705Z"
"int_1790176426925_en119q7vn","6a833393cee036cbf121a83d","68c5583b9869e837e80ceafd","sess_explore_1790176426925_7iazvh","search_click",2,76,"2026-09-08T07:41:04.987Z"
"int_1790176426925_u9t17z1xx","6a833395cee036cbf121a85d","68c5583b9869e837e80ceaec","sess_explore_1790176426925_oqq4in","search_click",2,85,"2026-09-08T08:49:37.679Z"
"int_1790176426869_lqtoq13no","6a833398cee036cbf121a87f","68c5583b9869e837e80cea94","sess_1790176426867_dcehzou","view",1,120,"2026-09-08T09:01:22.428Z"
"int_1790176426870_pujrb4kak","6a833398cee036cbf121a87f","68c5583b9869e837e80ce9fe","sess_1790176426867_dcehzou","view",1,135,"2026-09-08T09:01:22.428Z"
"int_1790176426870_lt04twk25","6a833398cee036cbf121a87f","68c5583b9869e837e80ce9f7","sess_1790176426867_dcehzou","view",1,134,"2026-09-08T09:01:22.428Z"
"int_1790176426870_d77knen0w","6a833398cee036cbf121a87f","68c5583b9869e837e80ce97d","sess_1790176426867_dcehzou","view",1,36,"2026-09-08T09:01:22.428Z"
"int_1790176426870_wec47bpkt","6a833398cee036cbf121a87f","68c5583b9869e837e80ce97d","sess_1790176426867_dcehzou","like",3,0,"2026-09-08T09:01:37.428Z"
"int_1790176426870_hxsfz328y","6a833398cee036cbf121a87f","68c5583b9869e837e80cea94","sess_1790176426867_dcehzou","add_to_cart",5,0,"2026-09-08T09:01:57.428Z"
"int_1790176426922_v6dtxkc2y","6a27ed55b6d7638a2acaa654","68c5583b9869e837e80ceaa0","sess_explore_1790176426922_fyp8tb","search_click",2,27,"2026-09-08T10:14:14.977Z"
"int_1790176426922_ot4f6dmcx","6914018db8d9d9ea54857a42","68c5583b9869e837e80ceabb","sess_explore_1790176426922_dvpn77","view",1,37,"2026-09-08T10:41:49.671Z"
"int_1790176426923_3ll9p978r","6a833398cee036cbf121a885","68c5583b9869e837e80ceac5","sess_explore_1790176426923_43cv8v","search_click",2,33,"2026-09-08T13:46:47.064Z"
"int_1790176426682_d5zgwle2q","6a833395cee036cbf121a85d","68c5583b9869e837e80ce97a","sess_1790176426680_7bwrxef","view",1,76,"2026-09-08T15:25:47.526Z"
"int_1790176426682_qobufbzbl","6a833395cee036cbf121a85d","68c5583b9869e837e80ce985","sess_1790176426680_7bwrxef","view",1,59,"2026-09-08T15:25:47.526Z"
"int_1790176426682_veju5exqs","6a833395cee036cbf121a85d","68c5583b9869e837e80ceaf8","sess_1790176426680_7bwrxef","view",1,145,"2026-09-08T15:25:47.526Z"
"int_1790176426682_9gd4wr542","6a833395cee036cbf121a85d","68c5583b9869e837e80ce985","sess_1790176426680_7bwrxef","like",3,0,"2026-09-08T15:26:02.526Z"
"int_1790176426682_ud4b95sc7","6a833395cee036cbf121a85d","68c5583b9869e837e80ceaf8","sess_1790176426680_7bwrxef","like",3,0,"2026-09-08T15:26:02.526Z"
"int_1790176426682_xmdjw486k","6a833395cee036cbf121a85d","68c5583b9869e837e80ce97a","sess_1790176426680_7bwrxef","add_to_cart",5,0,"2026-09-08T15:26:22.526Z"
"int_1790176426682_511tt1esk","6a833395cee036cbf121a85d","68c5583b9869e837e80ceaf8","sess_1790176426680_7bwrxef","add_to_cart",5,0,"2026-09-08T15:26:22.526Z"
"int_1790176426923_wk2zma4ld","6a833396cee036cbf121a86d","68c5583b9869e837e80ceac8","sess_explore_1790176426923_kukj4o","view",1,73,"2026-09-08T15:37:44.824Z"
"int_1790176426609_mzpqemyff","6a833394cee036cbf121a84d","68c5583b9869e837e80ce9b1","sess_1790176426606_ddzr4xf","view",1,29,"2026-09-08T15:55:46.884Z"
"int_1790176426609_q37ld22tm","6a833394cee036cbf121a84d","68c5583b9869e837e80ce97e","sess_1790176426606_ddzr4xf","view",1,59,"2026-09-08T15:55:46.884Z"
"int_1790176426609_6lpihxe2g","6a833394cee036cbf121a84d","68c5583b9869e837e80ce9a6","sess_1790176426606_ddzr4xf","view",1,69,"2026-09-08T15:55:46.884Z"
"int_1790176426609_fjo49hj8q","6a833394cee036cbf121a84d","68c5583b9869e837e80ceaf8","sess_1790176426606_ddzr4xf","view",1,70,"2026-09-08T15:55:46.884Z"
"int_1790176426609_apazqn6io","6a833394cee036cbf121a84d","68c5583b9869e837e80ce986","sess_1790176426606_ddzr4xf","view",1,81,"2026-09-08T15:55:46.884Z"
"int_1790176426609_n2j8uadtd","6a833394cee036cbf121a84d","68c5583b9869e837e80ce9b1","sess_1790176426606_ddzr4xf","like",3,0,"2026-09-08T15:56:01.884Z"
"int_1790176426609_21371ot4a","6a833394cee036cbf121a84d","68c5583b9869e837e80ce986","sess_1790176426606_ddzr4xf","like",3,0,"2026-09-08T15:56:01.884Z"
"int_1790176426609_jbtskyt0l","6a833394cee036cbf121a84d","68c5583b9869e837e80ceaf8","sess_1790176426606_ddzr4xf","add_to_cart",5,0,"2026-09-08T15:56:21.884Z"
"int_1790176426920_xsqsrhrvf","6a833397cee036cbf121a879","68c5583b9869e837e80ce9fd","sess_explore_1790176426920_b4lu82","view",1,59,"2026-09-08T16:05:01.219Z"
"int_1790176426920_aun1dm15y","6a833397cee036cbf121a879","68c5583b9869e837e80ce9fd","sess_explore_1790176426920_b4lu82","like",3,0,"2026-09-08T16:05:11.219Z"
"int_1790176426779_ccoomhbzg","6a833396cee036cbf121a86f","68c5583b9869e837e80cea3e","sess_1790176426776_cwh1okc","view",1,110,"2026-09-08T16:26:24.528Z"
"int_1790176426779_sscianlph","6a833396cee036cbf121a86f","68c5583b9869e837e80cea1d","sess_1790176426776_cwh1okc","view",1,84,"2026-09-08T16:26:24.528Z"
"int_1790176426779_j2d18grr9","6a833396cee036cbf121a86f","68c5583b9869e837e80cea10","sess_1790176426776_cwh1okc","view",1,148,"2026-09-08T16:26:24.528Z"
"int_1790176426779_spmu7oad2","6a833396cee036cbf121a86f","68c5583b9869e837e80cea93","sess_1790176426776_cwh1okc","view",1,132,"2026-09-08T16:26:24.528Z"
"int_1790176426779_h3mcwwduq","6a833396cee036cbf121a86f","68c5583b9869e837e80cea5c","sess_1790176426776_cwh1okc","view",1,102,"2026-09-08T16:26:24.528Z"
"int_1790176426779_dsehj3h3s","6a833396cee036cbf121a86f","68c5583b9869e837e80cea93","sess_1790176426776_cwh1okc","like",3,0,"2026-09-08T16:26:39.528Z"
"int_1790176426779_kdidc94jw","6a833396cee036cbf121a86f","68c5583b9869e837e80cea5c","sess_1790176426776_cwh1okc","like",3,0,"2026-09-08T16:26:39.528Z"
"int_1790176426779_itvdc6756","6a833396cee036cbf121a86f","68c5583b9869e837e80cea3e","sess_1790176426776_cwh1okc","add_to_cart",5,0,"2026-09-08T16:26:59.528Z"
"int_1790176426779_h634u3lmn","6a833396cee036cbf121a86f","68c5583b9869e837e80cea3e","sess_1790176426776_cwh1okc","purchase",10,0,"2026-09-08T16:27:24.528Z"
"int_1790176426919_mim32znv0","6a833396cee036cbf121a86d","68c5583b9869e837e80ce9ad","sess_explore_1790176426919_5ueklu","view",1,37,"2026-09-08T17:46:47.495Z"
"int_1790176426922_ksncg0d6c","6a833393cee036cbf121a839","68c5583b9869e837e80ceaaa","sess_explore_1790176426922_mweep8","view",1,52,"2026-09-08T19:21:07.981Z"
"int_1790176426921_zw56twqe8","6a833397cee036cbf121a879","68c5583b9869e837e80cea61","sess_explore_1790176426921_tv36ev","view",1,73,"2026-09-08T20:23:45.062Z"
"int_1790176426921_qz8jan96g","6a833397cee036cbf121a879","68c5583b9869e837e80cea61","sess_explore_1790176426921_tv36ev","like",3,0,"2026-09-08T20:23:55.062Z"
"int_1790176426853_pumr632ul","6a833397cee036cbf121a87b","68c5583b9869e837e80ce977","sess_1790176426851_k3xod19","view",1,64,"2026-09-08T20:31:24.561Z"
"int_1790176426853_24a8ch2xt","6a833397cee036cbf121a87b","68c5583b9869e837e80cea58","sess_1790176426851_k3xod19","view",1,80,"2026-09-08T20:31:24.561Z"
"int_1790176426853_ib6a3256b","6a833397cee036cbf121a87b","68c5583b9869e837e80ce9dc","sess_1790176426851_k3xod19","view",1,180,"2026-09-08T20:31:24.561Z"
"int_1790176426853_9azd1ndgp","6a833397cee036cbf121a87b","68c5583b9869e837e80ce9af","sess_1790176426851_k3xod19","view",1,28,"2026-09-08T20:31:24.561Z"
"int_1790176426853_n5dbbcerc","6a833397cee036cbf121a87b","68c5583b9869e837e80cea0a","sess_1790176426851_k3xod19","view",1,20,"2026-09-08T20:31:24.561Z"
"int_1790176426853_tpyfb00of","6a833397cee036cbf121a87b","68c5583b9869e837e80cea41","sess_1790176426851_k3xod19","view",1,122,"2026-09-08T20:31:24.561Z"
"int_1790176426853_b5ubj8tlc","6a833397cee036cbf121a87b","68c5583b9869e837e80ce977","sess_1790176426851_k3xod19","like",3,0,"2026-09-08T20:31:39.561Z"
"int_1790176426853_8384eiiek","6a833397cee036cbf121a87b","68c5583b9869e837e80cea0a","sess_1790176426851_k3xod19","like",3,0,"2026-09-08T20:31:39.561Z"
"int_1790176426853_d3q81f59b","6a833397cee036cbf121a87b","68c5583b9869e837e80cea41","sess_1790176426851_k3xod19","like",3,0,"2026-09-08T20:31:39.561Z"
"int_1790176426751_rtkhrwrs0","6a833396cee036cbf121a86b","68c5583b9869e837e80ce98a","sess_1790176426748_yhua4pu","view",1,59,"2026-09-08T21:32:49.228Z"
"int_1790176426751_hu63bv5cs","6a833396cee036cbf121a86b","68c5583b9869e837e80cea63","sess_1790176426748_yhua4pu","view",1,170,"2026-09-08T21:32:49.228Z"
"int_1790176426751_oeqti3yys","6a833396cee036cbf121a86b","68c5583b9869e837e80ce9b2","sess_1790176426748_yhua4pu","view",1,84,"2026-09-08T21:32:49.228Z"
"int_1790176426751_ppk8iuvnz","6a833396cee036cbf121a86b","68c5583b9869e837e80ce9b2","sess_1790176426748_yhua4pu","like",3,0,"2026-09-08T21:33:04.228Z"
"int_1790176426751_cvtnys7dd","6a833396cee036cbf121a86b","68c5583b9869e837e80ce9b2","sess_1790176426748_yhua4pu","add_to_cart",5,0,"2026-09-08T21:33:24.228Z"
"int_1790176426498_18gfjs48l","6a833393cee036cbf121a83b","68c5583b9869e837e80ce9e7","sess_1790176426496_jy8ai4o","view",1,69,"2026-09-08T22:50:17.521Z"
"int_1790176426498_6omhqfcrf","6a833393cee036cbf121a83b","68c5583b9869e837e80cea58","sess_1790176426496_jy8ai4o","view",1,74,"2026-09-08T22:50:17.521Z"
"int_1790176426498_4uk3fdcxi","6a833393cee036cbf121a83b","68c5583b9869e837e80cea2c","sess_1790176426496_jy8ai4o","view",1,180,"2026-09-08T22:50:17.521Z"
"int_1790176426498_04nmd584p","6a833393cee036cbf121a83b","68c5583b9869e837e80cea15","sess_1790176426496_jy8ai4o","view",1,45,"2026-09-08T22:50:17.521Z"
"int_1790176426498_hi3rx8z30","6a833393cee036cbf121a83b","68c5583b9869e837e80cea58","sess_1790176426496_jy8ai4o","like",3,0,"2026-09-08T22:50:32.521Z"
"int_1790176426498_lpprdfgk8","6a833393cee036cbf121a83b","68c5583b9869e837e80cea2c","sess_1790176426496_jy8ai4o","like",3,0,"2026-09-08T22:50:32.521Z"
"int_1790176426498_ysb9baje4","6a833393cee036cbf121a83b","68c5583b9869e837e80cea15","sess_1790176426496_jy8ai4o","like",3,0,"2026-09-08T22:50:32.521Z"
"int_1790176426498_w0rmiygc3","6a833393cee036cbf121a83b","68c5583b9869e837e80cea2c","sess_1790176426496_jy8ai4o","add_to_cart",5,0,"2026-09-08T22:50:52.521Z"
"int_1790176426498_o29uv8h8q","6a833393cee036cbf121a83b","68c5583b9869e837e80cea2c","sess_1790176426496_jy8ai4o","purchase",10,0,"2026-09-08T22:51:17.521Z"
"int_1790176426565_m057zv6cj","6a833394cee036cbf121a847","68c5583b9869e837e80ceaf6","sess_1790176426563_zp83iod","view",1,145,"2026-09-09T01:00:55.295Z"
"int_1790176426565_3rnja38xx","6a833394cee036cbf121a847","68c5583b9869e837e80ce97f","sess_1790176426563_zp83iod","view",1,93,"2026-09-09T01:00:55.295Z"
"int_1790176426565_mu5ot0fx8","6a833394cee036cbf121a847","68c5583b9869e837e80cea04","sess_1790176426563_zp83iod","view",1,100,"2026-09-09T01:00:55.295Z"
"int_1790176426565_76viau2xj","6a833394cee036cbf121a847","68c5583b9869e837e80ce9aa","sess_1790176426563_zp83iod","view",1,42,"2026-09-09T01:00:55.295Z"
"int_1790176426565_mamps04xp","6a833394cee036cbf121a847","68c5583b9869e837e80ce97f","sess_1790176426563_zp83iod","like",3,0,"2026-09-09T01:01:10.295Z"
"int_1790176426565_s9uis1lso","6a833394cee036cbf121a847","68c5583b9869e837e80ce9aa","sess_1790176426563_zp83iod","like",3,0,"2026-09-09T01:01:10.295Z"
"int_1790176426925_wyf334zcn","6a833397cee036cbf121a875","68c5583b9869e837e80ceafb","sess_explore_1790176426925_pfd2de","search_click",2,81,"2026-09-09T01:02:50.851Z"
"int_1790176426925_d1mnksk5n","6a833397cee036cbf121a875","68c5583b9869e837e80ceafb","sess_explore_1790176426925_pfd2de","like",3,0,"2026-09-09T01:03:00.851Z"
"int_1790176426922_j8i1ot5k1","6a833392cee036cbf121a82d","68c5583b9869e837e80cea8e","sess_explore_1790176426922_tjwgsq","view",1,66,"2026-09-09T01:48:45.563Z"
"int_1790176426919_h6q1vt1hr","6a833395cee036cbf121a855","68c5583b9869e837e80ce9c4","sess_explore_1790176426919_bpvaqz","search_click",2,86,"2026-09-09T01:59:32.277Z"
"int_1790176426920_5bwvxrjke","6a833394cee036cbf121a84d","68c5583b9869e837e80cea08","sess_explore_1790176426920_o6fmmv","view",1,57,"2026-09-09T02:25:35.445Z"
"int_1790176426925_jp6csje9o","6a833396cee036cbf121a86d","68c5583b9869e837e80ceaec","sess_explore_1790176426925_vafc9m","view",1,78,"2026-09-09T03:52:33.904Z"
"int_1790176426686_4270pus6p","6a833395cee036cbf121a85f","68c5583b9869e837e80cea7a","sess_1790176426684_utf5qzt","view",1,109,"2026-09-09T03:58:31.355Z"
"int_1790176426686_e2nuevvjp","6a833395cee036cbf121a85f","68c5583b9869e837e80cea3e","sess_1790176426684_utf5qzt","view",1,174,"2026-09-09T03:58:31.355Z"
"int_1790176426686_rjiftrgj0","6a833395cee036cbf121a85f","68c5583b9869e837e80cea10","sess_1790176426684_utf5qzt","view",1,162,"2026-09-09T03:58:31.355Z"
"int_1790176426686_pfxvhdtxq","6a833395cee036cbf121a85f","68c5583b9869e837e80cea10","sess_1790176426684_utf5qzt","like",3,0,"2026-09-09T03:58:46.355Z"
"int_1790176426686_tdzxzboyq","6a833395cee036cbf121a85f","68c5583b9869e837e80cea10","sess_1790176426684_utf5qzt","add_to_cart",5,0,"2026-09-09T03:59:06.355Z"
"int_1790176426922_dr3slxrkt","6a833398cee036cbf121a887","68c5583b9869e837e80cea85","sess_explore_1790176426922_r3yc3b","view",1,72,"2026-09-09T04:19:15.760Z"
"int_1790176426413_17e59y71k","6a833392cee036cbf121a82b","68c5583b9869e837e80cea63","sess_1790176426412_kkqoi66","view",1,42,"2026-09-09T04:23:12.138Z"
"int_1790176426413_amz8uhq5j","6a833392cee036cbf121a82b","68c5583b9869e837e80ce9de","sess_1790176426412_kkqoi66","view",1,118,"2026-09-09T04:23:12.138Z"
"int_1790176426413_kqrt7niaw","6a833392cee036cbf121a82b","68c5583b9869e837e80ce9f0","sess_1790176426412_kkqoi66","view",1,53,"2026-09-09T04:23:12.138Z"
"int_1790176426413_74jtyk628","6a833392cee036cbf121a82b","68c5583b9869e837e80ce979","sess_1790176426412_kkqoi66","view",1,38,"2026-09-09T04:23:12.138Z"
"int_1790176426413_6hc6vnz79","6a833392cee036cbf121a82b","68c5583b9869e837e80cea63","sess_1790176426412_kkqoi66","like",3,0,"2026-09-09T04:23:27.138Z"
"int_1790176426921_zc1dlsn6j","6a83085d4d4fb77855083406","68c5583b9869e837e80cea4e","sess_explore_1790176426921_2114w9","view",1,67,"2026-09-09T05:35:13.176Z"
"int_1790176426921_iv8bh0a9f","6a833393cee036cbf121a835","68c5583b9869e837e80cea68","sess_explore_1790176426921_m6mv9z","search_click",2,51,"2026-09-09T05:46:41.537Z"
"int_1790176426921_5h71tzqnp","6a833392cee036cbf121a831","68c5583b9869e837e80cea54","sess_explore_1790176426921_gknuqh","view",1,31,"2026-09-09T06:10:06.405Z"
"int_1790176426921_hotaillcv","6a833392cee036cbf121a831","68c5583b9869e837e80cea54","sess_explore_1790176426921_gknuqh","like",3,0,"2026-09-09T06:10:16.405Z"
"int_1790176426919_go61ih640","6a833396cee036cbf121a86d","68c5583b9869e837e80ce99b","sess_explore_1790176426919_oo904q","view",1,81,"2026-09-09T08:42:03.229Z"
"int_1790176426552_vk8uehn53","6a833394cee036cbf121a845","68c5583b9869e837e80ceabf","sess_1790176426551_9w9okja","view",1,178,"2026-09-09T10:08:14.563Z"
"int_1790176426552_909uw6gwu","6a833394cee036cbf121a845","68c5583b9869e837e80ce98b","sess_1790176426551_9w9okja","view",1,62,"2026-09-09T10:08:14.563Z"
"int_1790176426552_y3gfjric1","6a833394cee036cbf121a845","68c5583b9869e837e80ceb00","sess_1790176426551_9w9okja","view",1,94,"2026-09-09T10:08:14.563Z"
"int_1790176426552_hbz3soy88","6a833394cee036cbf121a845","68c5583b9869e837e80ceabf","sess_1790176426551_9w9okja","like",3,0,"2026-09-09T10:08:29.563Z"
"int_1790176426718_j5emm6huo","6a833396cee036cbf121a865","68c5583b9869e837e80ce99a","sess_1790176426717_z843e7u","view",1,57,"2026-09-09T10:21:01.418Z"
"int_1790176426718_k2d8cxv2t","6a833396cee036cbf121a865","68c5583b9869e837e80ce99c","sess_1790176426717_z843e7u","view",1,61,"2026-09-09T10:21:01.418Z"
"int_1790176426718_f3wwruujj","6a833396cee036cbf121a865","68c5583b9869e837e80ce999","sess_1790176426717_z843e7u","view",1,32,"2026-09-09T10:21:01.418Z"
"int_1790176426923_0znueicsh","6a833398cee036cbf121a881","68c5583b9869e837e80ceac9","sess_explore_1790176426923_35f9uo","search_click",2,85,"2026-09-09T11:50:49.462Z"
"int_1790176426923_tzw5k5u2r","6a833398cee036cbf121a881","68c5583b9869e837e80ceac9","sess_explore_1790176426923_35f9uo","like",3,0,"2026-09-09T11:50:59.462Z"
"int_1790176426448_6d2usqiej","6a833392cee036cbf121a82f","68c5583b9869e837e80cea56","sess_1790176426446_j47p9gi","view",1,53,"2026-09-09T12:01:16.071Z"
"int_1790176426448_sbu2zbrpm","6a833392cee036cbf121a82f","68c5583b9869e837e80ce9f7","sess_1790176426446_j47p9gi","view",1,68,"2026-09-09T12:01:16.071Z"
"int_1790176426448_t5b142a2d","6a833392cee036cbf121a82f","68c5583b9869e837e80cea25","sess_1790176426446_j47p9gi","view",1,59,"2026-09-09T12:01:16.071Z"
"int_1790176426448_mn2zcvn25","6a833392cee036cbf121a82f","68c5583b9869e837e80cea56","sess_1790176426446_j47p9gi","like",3,0,"2026-09-09T12:01:31.071Z"
"int_1790176426448_afopohtf8","6a833392cee036cbf121a82f","68c5583b9869e837e80ce9f7","sess_1790176426446_j47p9gi","like",3,0,"2026-09-09T12:01:31.071Z"
"int_1790176426448_x7faef7zp","6a833392cee036cbf121a82f","68c5583b9869e837e80cea25","sess_1790176426446_j47p9gi","like",3,0,"2026-09-09T12:01:31.071Z"
"int_1790176426921_nnbofvjbs","6a833397cee036cbf121a879","68c5583b9869e837e80cea5e","sess_explore_1790176426921_y2z57g","view",1,32,"2026-09-09T12:07:26.859Z"
"int_1790176426921_7j9f53le7","6a833397cee036cbf121a879","68c5583b9869e837e80cea5e","sess_explore_1790176426921_y2z57g","like",3,0,"2026-09-09T12:07:36.859Z"
"int_1790176426820_qg90xkxvm","6a833397cee036cbf121a877","68c5583b9869e837e80ce9b9","sess_1790176426818_72z77bp","view",1,29,"2026-09-09T12:17:09.187Z"
"int_1790176426820_bk65uazwm","6a833397cee036cbf121a877","68c5583b9869e837e80ce9e5","sess_1790176426818_72z77bp","view",1,46,"2026-09-09T12:17:09.187Z"
"int_1790176426820_t1j1vdtae","6a833397cee036cbf121a877","68c5583b9869e837e80ceaa9","sess_1790176426818_72z77bp","view",1,123,"2026-09-09T12:17:09.187Z"
"int_1790176426820_rdczsactu","6a833397cee036cbf121a877","68c5583b9869e837e80cea6c","sess_1790176426818_72z77bp","view",1,84,"2026-09-09T12:17:09.187Z"
"int_1790176426820_phm3mrwpj","6a833397cee036cbf121a877","68c5583b9869e837e80ce9e5","sess_1790176426818_72z77bp","like",3,0,"2026-09-09T12:17:24.187Z"
"int_1790176426820_dia5xt3l5","6a833397cee036cbf121a877","68c5583b9869e837e80ceaa9","sess_1790176426818_72z77bp","like",3,0,"2026-09-09T12:17:24.187Z"
"int_1790176426820_s4wxue7ro","6a833397cee036cbf121a877","68c5583b9869e837e80cea6c","sess_1790176426818_72z77bp","add_to_cart",5,0,"2026-09-09T12:17:44.187Z"
"int_1790176426627_fo1f56n95","6a833394cee036cbf121a851","68c5583b9869e837e80cea5b","sess_1790176426624_1e7rutm","view",1,136,"2026-09-09T12:54:14.614Z"
"int_1790176426627_2vwewcmig","6a833394cee036cbf121a851","68c5583b9869e837e80cea03","sess_1790176426624_1e7rutm","view",1,160,"2026-09-09T12:54:14.614Z"
"int_1790176426627_1ujls0cns","6a833394cee036cbf121a851","68c5583b9869e837e80ce9e0","sess_1790176426624_1e7rutm","view",1,177,"2026-09-09T12:54:14.614Z"
"int_1790176426627_hokcpwy52","6a833394cee036cbf121a851","68c5583b9869e837e80cea03","sess_1790176426624_1e7rutm","add_to_cart",5,0,"2026-09-09T12:54:49.614Z"
"int_1790176426628_dp9os6tpp","6a833394cee036cbf121a851","68c5583b9869e837e80cea03","sess_1790176426624_1e7rutm","purchase",10,0,"2026-09-09T12:55:14.614Z"
"int_1790176426924_v7m5qjxs9","6a833393cee036cbf121a83b","68c5583b9869e837e80ceae5","sess_explore_1790176426924_7q8vad","view",1,60,"2026-09-09T13:07:01.114Z"
"int_1790176426924_zy48ib8qv","6a833392cee036cbf121a82f","68c5583b9869e837e80cead5","sess_explore_1790176426924_1gcbtn","view",1,59,"2026-09-09T13:35:33.140Z"
"int_1790176426920_628o6yl7j","6a833398cee036cbf121a885","68c5583b9869e837e80cea16","sess_explore_1790176426920_nw3k09","view",1,65,"2026-09-09T14:10:02.830Z"
"int_1790176426920_xf0y70ne0","6a833398cee036cbf121a885","68c5583b9869e837e80cea16","sess_explore_1790176426920_nw3k09","like",3,0,"2026-09-09T14:10:12.830Z"
"int_1790176426922_puunyphz8","6a833394cee036cbf121a84d","68c5583b9869e837e80ceab7","sess_explore_1790176426922_8o8olv","search_click",2,89,"2026-09-09T16:35:52.825Z"
"int_1790176426922_vf60nchg8","6a833396cee036cbf121a863","68c5583b9869e837e80cea92","sess_explore_1790176426922_tywhf6","view",1,46,"2026-09-09T16:37:06.802Z"
"int_1790176426922_t8l9btbia","6a833397cee036cbf121a877","68c5583b9869e837e80cea97","sess_explore_1790176426922_0ekrl4","view",1,67,"2026-09-09T17:39:37.920Z"
"int_1790176426922_32nuha1ti","6a833397cee036cbf121a877","68c5583b9869e837e80cea97","sess_explore_1790176426922_0ekrl4","like",3,0,"2026-09-09T17:39:47.920Z"
"int_1790176426812_ual1mlef4","6a833397cee036cbf121a875","68c5583b9869e837e80ceb00","sess_1790176426810_ttnd937","view",1,108,"2026-09-09T18:57:07.440Z"
"int_1790176426812_0u91kbzvn","6a833397cee036cbf121a875","68c5583b9869e837e80ce999","sess_1790176426810_ttnd937","view",1,92,"2026-09-09T18:57:07.440Z"
"int_1790176426812_7ampqcc5k","6a833397cee036cbf121a875","68c5583b9869e837e80cea06","sess_1790176426810_ttnd937","view",1,74,"2026-09-09T18:57:07.440Z"
"int_1790176426812_prxr2dl0o","6a833397cee036cbf121a875","68c5583b9869e837e80ceb00","sess_1790176426810_ttnd937","like",3,0,"2026-09-09T18:57:22.440Z"
"int_1790176426812_90tazzrry","6a833397cee036cbf121a875","68c5583b9869e837e80ce999","sess_1790176426810_ttnd937","like",3,0,"2026-09-09T18:57:22.440Z"
"int_1790176426812_anusancv7","6a833397cee036cbf121a875","68c5583b9869e837e80ce999","sess_1790176426810_ttnd937","add_to_cart",5,0,"2026-09-09T18:57:42.440Z"
"int_1790176426812_s44iz14y1","6a833397cee036cbf121a875","68c5583b9869e837e80cea06","sess_1790176426810_ttnd937","add_to_cart",5,0,"2026-09-09T18:57:42.440Z"
"int_1790176426923_z2kmz7663","6a833396cee036cbf121a869","68c5583b9869e837e80ceac0","sess_explore_1790176426923_l0p37i","search_click",2,66,"2026-09-09T22:15:51.642Z"
"int_1790176426925_n0h4lqyfl","6a833393cee036cbf121a83d","68c5583b9869e837e80ceaee","sess_explore_1790176426925_7ro5db","view",1,76,"2026-09-09T23:20:59.896Z"
"int_1790176426925_0rvs4poff","6a833393cee036cbf121a83d","68c5583b9869e837e80ceaee","sess_explore_1790176426925_7ro5db","like",3,0,"2026-09-09T23:21:09.896Z"
"int_1790176426920_dhkfod1e4","6a833391cee036cbf121a825","68c5583b9869e837e80cea1f","sess_explore_1790176426920_j4ja2x","search_click",2,56,"2026-09-09T23:41:47.893Z"
"int_1790176426920_zqmb11yw3","6a833391cee036cbf121a825","68c5583b9869e837e80cea1f","sess_explore_1790176426920_j4ja2x","like",3,0,"2026-09-09T23:41:57.893Z"
"int_1790176426589_o2g7u300n","6a833394cee036cbf121a84b","68c5583b9869e837e80ce9f0","sess_1790176426587_eelvps5","view",1,147,"2026-09-09T23:42:41.749Z"
"int_1790176426589_ks253f94p","6a833394cee036cbf121a84b","68c5583b9869e837e80cea2c","sess_1790176426587_eelvps5","view",1,91,"2026-09-09T23:42:41.749Z"
"int_1790176426589_3x9xq974d","6a833394cee036cbf121a84b","68c5583b9869e837e80ce9cb","sess_1790176426587_eelvps5","view",1,180,"2026-09-09T23:42:41.749Z"
"int_1790176426589_ebkjohksj","6a833394cee036cbf121a84b","68c5583b9869e837e80ce977","sess_1790176426587_eelvps5","view",1,101,"2026-09-09T23:42:41.749Z"
"int_1790176426589_v4gobfll4","6a833394cee036cbf121a84b","68c5583b9869e837e80cea6e","sess_1790176426587_eelvps5","view",1,159,"2026-09-09T23:42:41.749Z"
"int_1790176426589_9juofbzy6","6a833394cee036cbf121a84b","68c5583b9869e837e80ce977","sess_1790176426587_eelvps5","like",3,0,"2026-09-09T23:42:56.749Z"
"int_1790176426589_yy6jiu47f","6a833394cee036cbf121a84b","68c5583b9869e837e80cea2c","sess_1790176426587_eelvps5","add_to_cart",5,0,"2026-09-09T23:43:16.749Z"
"int_1790176426589_vc81oq1nl","6a833394cee036cbf121a84b","68c5583b9869e837e80ce977","sess_1790176426587_eelvps5","add_to_cart",5,0,"2026-09-09T23:43:16.749Z"
"int_1790176426920_0d3z6pb2u","6a833395cee036cbf121a859","68c5583b9869e837e80ce9e4","sess_explore_1790176426920_bbccx1","search_click",2,84,"2026-09-10T01:18:11.218Z"
"int_1790176426925_93f0cibjx","6a833395cee036cbf121a853","68c5583b9869e837e80ceaeb","sess_explore_1790176426925_e35169","view",1,72,"2026-09-10T02:59:47.228Z"
"int_1790176426920_h3r9w2ca1","6a833397cee036cbf121a87b","68c5583b9869e837e80cea33","sess_explore_1790176426920_gu7tr7","search_click",2,81,"2026-09-10T03:40:01.907Z"
"int_1790176426922_czm55h0fh","6a833396cee036cbf121a863","68c5583b9869e837e80cea89","sess_explore_1790176426922_2z1a2c","view",1,55,"2026-09-10T03:44:57.801Z"
"int_1790176426920_52bc4mvc0","6a833396cee036cbf121a865","68c5583b9869e837e80ce9e3","sess_explore_1790176426920_0e9bv7","search_click",2,74,"2026-09-10T03:52:53.641Z"
"int_1790176426921_kw6dr55f7","6a833394cee036cbf121a851","68c5583b9869e837e80cea43","sess_explore_1790176426921_tpm7ny","search_click",2,84,"2026-09-10T04:40:03.861Z"
"int_1790176426921_9zhi3ivkl","6a833397cee036cbf121a87b","68c5583b9869e837e80cea52","sess_explore_1790176426921_icyap4","view",1,60,"2026-09-10T05:14:42.888Z"
"int_1790176426921_z2hv9qisn","6a833397cee036cbf121a87b","68c5583b9869e837e80cea52","sess_explore_1790176426921_icyap4","like",3,0,"2026-09-10T05:14:52.888Z"
"int_1790176426920_0lznjrdno","6a833398cee036cbf121a881","68c5583b9869e837e80ce9ef","sess_explore_1790176426920_fudmdf","view",1,57,"2026-09-10T06:12:58.329Z"
"int_1790176426533_dtefzg485","6a833393cee036cbf121a841","68c5583b9869e837e80cea13","sess_1790176426531_pn5o5jr","view",1,37,"2026-09-10T06:19:17.070Z"
"int_1790176426533_sse0ei2dy","6a833393cee036cbf121a841","68c5583b9869e837e80cea23","sess_1790176426531_pn5o5jr","view",1,64,"2026-09-10T06:19:17.070Z"
"int_1790176426533_riwyq97e4","6a833393cee036cbf121a841","68c5583b9869e837e80cea1d","sess_1790176426531_pn5o5jr","view",1,63,"2026-09-10T06:19:17.070Z"
"int_1790176426533_g6bti8fj2","6a833393cee036cbf121a841","68c5583b9869e837e80cea23","sess_1790176426531_pn5o5jr","like",3,0,"2026-09-10T06:19:32.070Z"
"int_1790176426533_kzm5l3rwo","6a833393cee036cbf121a841","68c5583b9869e837e80cea1d","sess_1790176426531_pn5o5jr","like",3,0,"2026-09-10T06:19:32.070Z"
"int_1790176426921_q9m2hqv48","6a833392cee036cbf121a82f","68c5583b9869e837e80cea6b","sess_explore_1790176426921_479k14","view",1,42,"2026-09-10T08:24:19.616Z"
"int_1790176426920_2hoob4a23","6a833397cee036cbf121a87b","68c5583b9869e837e80ce9fd","sess_explore_1790176426920_oehdhw","view",1,89,"2026-09-10T09:29:54.769Z"
"int_1790176426922_vz6cxlhm1","6a833393cee036cbf121a83b","68c5583b9869e837e80ceabc","sess_explore_1790176426922_511oe8","view",1,73,"2026-09-10T10:39:33.983Z"
"int_1790176426919_6luxvojlb","6a833393cee036cbf121a83b","68c5583b9869e837e80ce9c7","sess_explore_1790176426919_9pjpgv","view",1,45,"2026-09-10T10:45:11.501Z"
"int_1790176426920_4hk4871ik","6a833393cee036cbf121a83f","68c5583b9869e837e80cea16","sess_explore_1790176426920_jxwph2","view",1,70,"2026-09-10T11:05:48.293Z"
"int_1790176426920_yll95vvba","6a833395cee036cbf121a853","68c5583b9869e837e80cea26","sess_explore_1790176426920_vz72id","search_click",2,87,"2026-09-10T11:39:26.370Z"
"int_1790176426920_998qfywpt","6a833395cee036cbf121a853","68c5583b9869e837e80cea26","sess_explore_1790176426920_vz72id","like",3,0,"2026-09-10T11:39:36.370Z"
"int_1790176426920_p16fa04f0","6a833395cee036cbf121a855","68c5583b9869e837e80cea35","sess_explore_1790176426920_b6nk2a","search_click",2,78,"2026-09-10T11:57:23.469Z"
"int_1790176426920_ogj7krw78","6a833395cee036cbf121a855","68c5583b9869e837e80cea35","sess_explore_1790176426920_b6nk2a","like",3,0,"2026-09-10T11:57:33.469Z"
"int_1790176426919_ar91kznwd","6a833395cee036cbf121a85f","68c5583b9869e837e80ce981","sess_explore_1790176426919_euv7q9","view",1,35,"2026-09-10T14:16:51.267Z"
"int_1790176426919_xm6zc51f4","6a833395cee036cbf121a85f","68c5583b9869e837e80ce981","sess_explore_1790176426919_euv7q9","like",3,0,"2026-09-10T14:17:01.267Z"
"int_1790176426920_8i0xxkuit","6a833396cee036cbf121a86d","68c5583b9869e837e80ce9db","sess_explore_1790176426920_kjyo04","view",1,58,"2026-09-10T15:20:36.292Z"
"int_1790176426711_yzvsl45bz","6a833396cee036cbf121a863","68c5583b9869e837e80ce9e0","sess_1790176426708_bm04v4j","view",1,75,"2026-09-10T15:44:58.592Z"
"int_1790176426711_eclnn6z3v","6a833396cee036cbf121a863","68c5583b9869e837e80ce9df","sess_1790176426708_bm04v4j","view",1,44,"2026-09-10T15:44:58.592Z"
"int_1790176426711_1wu4yxy4e","6a833396cee036cbf121a863","68c5583b9869e837e80ce989","sess_1790176426708_bm04v4j","view",1,93,"2026-09-10T15:44:58.592Z"
"int_1790176426711_wpd1tgtjy","6a833396cee036cbf121a863","68c5583b9869e837e80ce9e2","sess_1790176426708_bm04v4j","view",1,35,"2026-09-10T15:44:58.592Z"
"int_1790176426711_jjq6r95l1","6a833396cee036cbf121a863","68c5583b9869e837e80ce9e0","sess_1790176426708_bm04v4j","like",3,0,"2026-09-10T15:45:13.592Z"
"int_1790176426711_283l4r2lb","6a833396cee036cbf121a863","68c5583b9869e837e80ce9df","sess_1790176426708_bm04v4j","like",3,0,"2026-09-10T15:45:13.592Z"
"int_1790176426711_xfauv1ogm","6a833396cee036cbf121a863","68c5583b9869e837e80ce989","sess_1790176426708_bm04v4j","like",3,0,"2026-09-10T15:45:13.592Z"
"int_1790176426921_bomp08q1x","6a833397cee036cbf121a875","68c5583b9869e837e80cea39","sess_explore_1790176426921_ex5z02","view",1,30,"2026-09-10T18:55:15.691Z"
"int_1790176426921_qqi0ec8kt","6a833398cee036cbf121a887","68c5583b9869e837e80cea47","sess_explore_1790176426921_tael6b","search_click",2,78,"2026-09-10T19:12:49.125Z"
"int_1790176426567_1b7h2j2u6","6a833394cee036cbf121a849","68c5583b9869e837e80ce9d2","sess_1790176426565_2swsgvl","view",1,106,"2026-09-10T19:21:27.893Z"
"int_1790176426567_zae4chny1","6a833394cee036cbf121a849","68c5583b9869e837e80ce9eb","sess_1790176426565_2swsgvl","view",1,62,"2026-09-10T19:21:27.893Z"
"int_1790176426567_nbygp0yyu","6a833394cee036cbf121a849","68c5583b9869e837e80ce9f8","sess_1790176426565_2swsgvl","view",1,171,"2026-09-10T19:21:27.893Z"
"int_1790176426567_j3uvx5rlw","6a833394cee036cbf121a849","68c5583b9869e837e80ce9eb","sess_1790176426565_2swsgvl","like",3,0,"2026-09-10T19:21:42.893Z"
"int_1790176426567_llq7uokwt","6a833394cee036cbf121a849","68c5583b9869e837e80ce9f8","sess_1790176426565_2swsgvl","like",3,0,"2026-09-10T19:21:42.893Z"
"int_1790176426567_d530mp7uv","6a833394cee036cbf121a849","68c5583b9869e837e80ce9d2","sess_1790176426565_2swsgvl","add_to_cart",5,0,"2026-09-10T19:22:02.893Z"
"int_1790176426567_tsa2n5a36","6a833394cee036cbf121a849","68c5583b9869e837e80ce9eb","sess_1790176426565_2swsgvl","add_to_cart",5,0,"2026-09-10T19:22:02.893Z"
"int_1790176426924_exo23l9r4","6a833396cee036cbf121a86b","68c5583b9869e837e80ceae1","sess_explore_1790176426924_p0vse4","search_click",2,54,"2026-09-10T19:51:11.606Z"
"int_1790176426715_bpd1fyxk7","6a833396cee036cbf121a865","68c5583b9869e837e80ce989","sess_1790176426713_kxabaoc","view",1,168,"2026-09-10T21:35:23.321Z"
"int_1790176426715_lqcd0at80","6a833396cee036cbf121a865","68c5583b9869e837e80cea1c","sess_1790176426713_kxabaoc","view",1,148,"2026-09-10T21:35:23.321Z"
"int_1790176426715_t1wnci7jg","6a833396cee036cbf121a865","68c5583b9869e837e80ceabf","sess_1790176426713_kxabaoc","view",1,21,"2026-09-10T21:35:23.321Z"
"int_1790176426715_8p2wljfw3","6a833396cee036cbf121a865","68c5583b9869e837e80ce9e1","sess_1790176426713_kxabaoc","view",1,57,"2026-09-10T21:35:23.321Z"
"int_1790176426921_5wkyi6g75","6a833396cee036cbf121a861","68c5583b9869e837e80cea4f","sess_explore_1790176426921_ea7dq2","view",1,76,"2026-09-10T21:40:09.135Z"
"int_1790176426921_6bgt3ct1v","6a833396cee036cbf121a861","68c5583b9869e837e80cea4f","sess_explore_1790176426921_ea7dq2","like",3,0,"2026-09-10T21:40:19.135Z"
"int_1790176426919_lrkmlpnkf","6a833398cee036cbf121a887","68c5583b9869e837e80ce9bb","sess_explore_1790176426919_norkhl","search_click",2,75,"2026-09-10T23:06:52.723Z"
"int_1790176426920_kyn53014a","6a833398cee036cbf121a885","68c5583b9869e837e80cea20","sess_explore_1790176426920_g7iu00","view",1,60,"2026-09-11T01:33:31.526Z"
"int_1790176426920_9jarpsdk4","6a833398cee036cbf121a885","68c5583b9869e837e80cea20","sess_explore_1790176426920_g7iu00","like",3,0,"2026-09-11T01:33:41.526Z"
"int_1790176426925_g266yjo5n","6a833393cee036cbf121a841","68c5583b9869e837e80ceafb","sess_explore_1790176426925_ozf5kq","view",1,35,"2026-09-11T01:41:01.508Z"
"int_1790176426919_4ro3jzafs","6a833395cee036cbf121a85f","68c5583b9869e837e80ce990","sess_explore_1790176426919_pxcr1e","view",1,33,"2026-09-11T01:43:26.933Z"
"int_1790176426921_ob965dmwu","6a833396cee036cbf121a869","68c5583b9869e837e80cea57","sess_explore_1790176426921_spiyp1","view",1,66,"2026-09-11T03:43:38.515Z"
"int_1790176426569_tp3fffq5y","6a833394cee036cbf121a849","68c5583b9869e837e80ce9ba","sess_1790176426567_c7ob8i5","view",1,167,"2026-09-11T04:01:33.168Z"
"int_1790176426569_vb2jmz1xi","6a833394cee036cbf121a849","68c5583b9869e837e80ce9a8","sess_1790176426567_c7ob8i5","view",1,49,"2026-09-11T04:01:33.168Z"
"int_1790176426569_z441zdyxi","6a833394cee036cbf121a849","68c5583b9869e837e80ce98d","sess_1790176426567_c7ob8i5","view",1,172,"2026-09-11T04:01:33.168Z"
"int_1790176426569_j3b91ynfh","6a833394cee036cbf121a849","68c5583b9869e837e80ce9f3","sess_1790176426567_c7ob8i5","view",1,141,"2026-09-11T04:01:33.168Z"
"int_1790176426569_52apo1a3z","6a833394cee036cbf121a849","68c5583b9869e837e80ce9ba","sess_1790176426567_c7ob8i5","add_to_cart",5,0,"2026-09-11T04:02:08.168Z"
"int_1790176426922_mwmjwdvq1","6a833395cee036cbf121a853","68c5583b9869e837e80cea90","sess_explore_1790176426922_rytu3q","search_click",2,29,"2026-09-11T04:46:23.316Z"
"int_1790176426924_dm80izkeg","68e37500fb43e827078c759c","68c5583b9869e837e80cead3","sess_explore_1790176426924_xpxgp5","search_click",2,38,"2026-09-11T05:16:27.044Z"
"int_1790176426924_qivojae3p","68e37500fb43e827078c759c","68c5583b9869e837e80cead3","sess_explore_1790176426924_xpxgp5","like",3,0,"2026-09-11T05:16:37.044Z"
"int_1790176426919_k5l2fg67t","6a833395cee036cbf121a857","68c5583b9869e837e80ce9c9","sess_explore_1790176426919_qd39kz","search_click",2,50,"2026-09-11T06:12:58.116Z"
"int_1790176426921_c4lkiueh1","6a7fc9164585d7fd0f495064","68c5583b9869e837e80cea4a","sess_explore_1790176426921_tidy0q","search_click",2,45,"2026-09-11T06:51:51.543Z"
"int_1790176426921_yn49hroqr","6a7fc9164585d7fd0f495064","68c5583b9869e837e80cea4a","sess_explore_1790176426921_tidy0q","like",3,0,"2026-09-11T06:52:01.543Z"
"int_1790176426925_z9wsymu7w","6a833391cee036cbf121a825","68c5583b9869e837e80ceb01","sess_explore_1790176426925_psci7f","search_click",2,27,"2026-09-11T07:25:25.342Z"
"int_1790176426919_4q0rtn2dc","6a7fc9164585d7fd0f495064","68c5583b9869e837e80ce9ae","sess_explore_1790176426919_b56tly","search_click",2,25,"2026-09-11T08:31:54.048Z"
"int_1790176426919_jodb7exrh","6a7fc9164585d7fd0f495064","68c5583b9869e837e80ce9ae","sess_explore_1790176426919_b56tly","like",3,0,"2026-09-11T08:32:04.048Z"
"int_1790176426924_6snkxja5o","6a833398cee036cbf121a883","68c5583b9869e837e80ceae1","sess_explore_1790176426924_q5r36g","search_click",2,69,"2026-09-11T09:26:55.869Z"
"int_1790176426924_qvr7tezvg","6a833398cee036cbf121a883","68c5583b9869e837e80ceae1","sess_explore_1790176426924_q5r36g","like",3,0,"2026-09-11T09:27:05.869Z"
"int_1790176426920_2mkfjdrcc","6a833397cee036cbf121a879","68c5583b9869e837e80cea22","sess_explore_1790176426920_5jy54c","view",1,76,"2026-09-11T10:14:57.276Z"
"int_1790176426920_w0slpqtmg","6a833397cee036cbf121a879","68c5583b9869e837e80cea22","sess_explore_1790176426920_5jy54c","like",3,0,"2026-09-11T10:15:07.276Z"
"int_1790176426923_r9dgy3vnn","6a833392cee036cbf121a82b","68c5583b9869e837e80ceac7","sess_explore_1790176426923_xry4v2","search_click",2,34,"2026-09-11T10:40:35.240Z"
"int_1790176426402_xpojk3v8w","6a833392cee036cbf121a827","68c5583b9869e837e80ceaa9","sess_1790176426401_nxbxutb","view",1,113,"2026-09-11T13:52:08.322Z"
"int_1790176426402_5dfdw7jih","6a833392cee036cbf121a827","68c5583b9869e837e80ce9f2","sess_1790176426401_nxbxutb","view",1,82,"2026-09-11T13:52:08.322Z"
"int_1790176426402_h7la85hs6","6a833392cee036cbf121a827","68c5583b9869e837e80cea0b","sess_1790176426401_nxbxutb","view",1,37,"2026-09-11T13:52:08.322Z"
"int_1790176426402_s68uju5z8","6a833392cee036cbf121a827","68c5583b9869e837e80ce9a0","sess_1790176426401_nxbxutb","view",1,83,"2026-09-11T13:52:08.322Z"
"int_1790176426402_7ov82ght6","6a833392cee036cbf121a827","68c5583b9869e837e80ceaa9","sess_1790176426401_nxbxutb","like",3,0,"2026-09-11T13:52:23.322Z"
"int_1790176426919_bn51kdm82","6a833396cee036cbf121a867","68c5583b9869e837e80ce9c6","sess_explore_1790176426919_fp1ltl","search_click",2,27,"2026-09-11T15:43:30.460Z"
"int_1790176426919_z63b8j5p2","6a833396cee036cbf121a867","68c5583b9869e837e80ce9c6","sess_explore_1790176426919_fp1ltl","like",3,0,"2026-09-11T15:43:40.460Z"
"int_1790176426921_91yocgg5s","6a833396cee036cbf121a86d","68c5583b9869e837e80cea55","sess_explore_1790176426921_0kepbu","search_click",2,86,"2026-09-11T15:50:26.068Z"
"int_1790176426921_fba67dqnt","6a833396cee036cbf121a86d","68c5583b9869e837e80cea55","sess_explore_1790176426921_0kepbu","like",3,0,"2026-09-11T15:50:36.068Z"
"int_1790176426919_dguwls2v7","6a833396cee036cbf121a86b","68c5583b9869e837e80ce9c9","sess_explore_1790176426919_7qu47z","search_click",2,84,"2026-09-11T15:56:22.108Z"
"int_1790176426919_vtmunivw7","6a833396cee036cbf121a86b","68c5583b9869e837e80ce9c9","sess_explore_1790176426919_7qu47z","like",3,0,"2026-09-11T15:56:32.108Z"
"int_1790176426921_vrwlc5d0a","6a833394cee036cbf121a851","68c5583b9869e837e80cea5a","sess_explore_1790176426921_1f4prz","view",1,49,"2026-09-11T16:05:36.385Z"
"int_1790176426921_ol26ic5aw","6a833394cee036cbf121a851","68c5583b9869e837e80cea5a","sess_explore_1790176426921_1f4prz","like",3,0,"2026-09-11T16:05:46.385Z"
"int_1790176426698_jxp2vppxe","6a833396cee036cbf121a861","68c5583b9869e837e80ce995","sess_1790176426697_czisgdl","view",1,126,"2026-09-11T17:09:20.287Z"
"int_1790176426698_wta93rfkp","6a833396cee036cbf121a861","68c5583b9869e837e80ce997","sess_1790176426697_czisgdl","view",1,86,"2026-09-11T17:09:20.287Z"
"int_1790176426698_hpat35jti","6a833396cee036cbf121a861","68c5583b9869e837e80cea1e","sess_1790176426697_czisgdl","view",1,114,"2026-09-11T17:09:20.287Z"
"int_1790176426698_x2oe3n2j3","6a833396cee036cbf121a861","68c5583b9869e837e80ce989","sess_1790176426697_czisgdl","view",1,32,"2026-09-11T17:09:20.287Z"
"int_1790176426698_sgc3r22v9","6a833396cee036cbf121a861","68c5583b9869e837e80ce995","sess_1790176426697_czisgdl","like",3,0,"2026-09-11T17:09:35.287Z"
"int_1790176426698_fpgngmcsm","6a833396cee036cbf121a861","68c5583b9869e837e80ce995","sess_1790176426697_czisgdl","add_to_cart",5,0,"2026-09-11T17:09:55.287Z"
"int_1790176426921_kzrkhblr9","6914018db8d9d9ea54857a42","68c5583b9869e837e80cea4a","sess_explore_1790176426921_ytvxwe","view",1,66,"2026-09-11T18:29:40.271Z"
"int_1790176426921_c9l0udw6n","6914018db8d9d9ea54857a42","68c5583b9869e837e80cea4a","sess_explore_1790176426921_ytvxwe","like",3,0,"2026-09-11T18:29:50.271Z"
"int_1790176426920_33cpmin4o","6a833396cee036cbf121a86b","68c5583b9869e837e80ce9e3","sess_explore_1790176426920_1x35ec","search_click",2,78,"2026-09-11T19:46:47.008Z"
"int_1790176426920_hugknovev","6a833397cee036cbf121a875","68c5583b9869e837e80ce9fd","sess_explore_1790176426920_6cco1i","view",1,87,"2026-09-11T20:15:27.892Z"
"int_1790176426919_kr8cp2eds","6a833394cee036cbf121a849","68c5583b9869e837e80ce9d3","sess_explore_1790176426919_rlpzyh","view",1,61,"2026-09-11T21:28:54.795Z"
"int_1790176426924_rudhk8tdn","6a833392cee036cbf121a833","68c5583b9869e837e80ceae0","sess_explore_1790176426924_0t8wuw","search_click",2,68,"2026-09-11T21:35:50.367Z"
"int_1790176426920_5g66xaz3t","6a833393cee036cbf121a837","68c5583b9869e837e80cea11","sess_explore_1790176426920_340gpv","view",1,74,"2026-09-11T22:04:51.083Z"
"int_1790176426920_g28l7z52o","6a833393cee036cbf121a837","68c5583b9869e837e80cea11","sess_explore_1790176426920_340gpv","like",3,0,"2026-09-11T22:05:01.083Z"
"int_1790176426922_wvbnfvjm1","6a833393cee036cbf121a837","68c5583b9869e837e80cea8c","sess_explore_1790176426922_mgbu1d","view",1,26,"2026-09-11T22:36:50.834Z"
"int_1790176426335_4xydx2fol","6914018db8d9d9ea54857a42","68c5583b9869e837e80ce9eb","sess_1790176426331_1ckd7cl","view",1,79,"2026-09-11T22:42:28.111Z"
"int_1790176426335_v2ciuyei8","6914018db8d9d9ea54857a42","68c5583b9869e837e80ce97f","sess_1790176426331_1ckd7cl","view",1,150,"2026-09-11T22:42:28.111Z"
"int_1790176426335_f7y971jnq","6914018db8d9d9ea54857a42","68c5583b9869e837e80ce9d9","sess_1790176426331_1ckd7cl","view",1,22,"2026-09-11T22:42:28.111Z"
"int_1790176426335_9uv4cyabx","6914018db8d9d9ea54857a42","68c5583b9869e837e80ce9dd","sess_1790176426331_1ckd7cl","view",1,33,"2026-09-11T22:42:28.111Z"
"int_1790176426335_087lmoqol","6914018db8d9d9ea54857a42","68c5583b9869e837e80ce9eb","sess_1790176426331_1ckd7cl","like",3,0,"2026-09-11T22:42:43.111Z"
"int_1790176426335_pryjsbob1","6914018db8d9d9ea54857a42","68c5583b9869e837e80ce9dd","sess_1790176426331_1ckd7cl","like",3,0,"2026-09-11T22:42:43.111Z"
"int_1790176426335_f6ns219re","6914018db8d9d9ea54857a42","68c5583b9869e837e80ce9d9","sess_1790176426331_1ckd7cl","add_to_cart",5,0,"2026-09-11T22:43:03.111Z"
"int_1790176426335_4dnml46r9","6914018db8d9d9ea54857a42","68c5583b9869e837e80ce9dd","sess_1790176426331_1ckd7cl","add_to_cart",5,0,"2026-09-11T22:43:03.111Z"
"int_1790176426871_9id8fm93a","6a833398cee036cbf121a87f","68c5583b9869e837e80ce9e1","sess_1790176426870_lp5sjwf","view",1,160,"2026-09-11T23:12:12.911Z"
"int_1790176426871_svl2ndeb4","6a833398cee036cbf121a87f","68c5583b9869e837e80cea10","sess_1790176426870_lp5sjwf","view",1,83,"2026-09-11T23:12:12.911Z"
"int_1790176426871_b8wj6vojh","6a833398cee036cbf121a87f","68c5583b9869e837e80cea02","sess_1790176426870_lp5sjwf","view",1,47,"2026-09-11T23:12:12.911Z"
"int_1790176426871_q3osny16t","6a833398cee036cbf121a87f","68c5583b9869e837e80cea10","sess_1790176426870_lp5sjwf","like",3,0,"2026-09-11T23:12:27.911Z"
"int_1790176426871_srogcho8v","6a833398cee036cbf121a87f","68c5583b9869e837e80cea10","sess_1790176426870_lp5sjwf","add_to_cart",5,0,"2026-09-11T23:12:47.911Z"
"int_1790176426921_jd46rvpss","6914018db8d9d9ea54857a42","68c5583b9869e837e80cea4a","sess_explore_1790176426921_pzm4ti","view",1,67,"2026-09-11T23:35:03.295Z"
"int_1790176426922_8xxklomd5","6a833395cee036cbf121a85b","68c5583b9869e837e80cea86","sess_explore_1790176426922_wyah72","view",1,57,"2026-09-12T00:12:08.999Z"
"int_1790176426921_14elnkcwv","6a833393cee036cbf121a83b","68c5583b9869e837e80cea4c","sess_explore_1790176426921_46vyy4","view",1,76,"2026-09-12T01:52:36.642Z"
"int_1790176426922_mwp2letux","6a833397cee036cbf121a87d","68c5583b9869e837e80cea88","sess_explore_1790176426922_j8ytax","view",1,82,"2026-09-12T03:44:58.331Z"
"int_1790176426824_5wsnnt6as","6a833397cee036cbf121a879","68c5583b9869e837e80ce992","sess_1790176426820_leh7gul","view",1,70,"2026-09-12T04:24:00.334Z"
"int_1790176426824_au8nuqnwo","6a833397cee036cbf121a879","68c5583b9869e837e80ce9a0","sess_1790176426820_leh7gul","view",1,142,"2026-09-12T04:24:00.334Z"
"int_1790176426824_rkt9jea7h","6a833397cee036cbf121a879","68c5583b9869e837e80ce98d","sess_1790176426820_leh7gul","view",1,176,"2026-09-12T04:24:00.334Z"
"int_1790176426824_pc7vhlgyl","6a833397cee036cbf121a879","68c5583b9869e837e80ce98d","sess_1790176426820_leh7gul","like",3,0,"2026-09-12T04:24:15.334Z"
"int_1790176426824_krdiapzb9","6a833397cee036cbf121a879","68c5583b9869e837e80ce98d","sess_1790176426820_leh7gul","add_to_cart",5,0,"2026-09-12T04:24:35.334Z"
"int_1790176426920_i4thwqryk","6a833396cee036cbf121a861","68c5583b9869e837e80ce9ef","sess_explore_1790176426920_dekl8u","view",1,25,"2026-09-12T05:12:29.262Z"
"int_1790176426923_2vvwl79co","6a833397cee036cbf121a875","68c5583b9869e837e80ceabe","sess_explore_1790176426923_7n40lz","view",1,49,"2026-09-12T05:31:16.106Z"
"int_1790176426922_ylu3k7fsl","6a833397cee036cbf121a87d","68c5583b9869e837e80cea85","sess_explore_1790176426922_21brgb","view",1,82,"2026-09-12T05:53:34.546Z"
"int_1790176426922_k2km8nyfc","6a83085d4d4fb77855083406","68c5583b9869e837e80cea83","sess_explore_1790176426922_eizstt","view",1,43,"2026-09-12T06:10:00.125Z"
"int_1790176426720_0cmm76c3g","6a833396cee036cbf121a867","68c5583b9869e837e80ce97f","sess_1790176426718_iq76x5i","view",1,101,"2026-09-12T06:20:00.600Z"
"int_1790176426720_wosjtlzte","6a833396cee036cbf121a867","68c5583b9869e837e80ce98f","sess_1790176426718_iq76x5i","view",1,123,"2026-09-12T06:20:00.600Z"
"int_1790176426720_l8mk9ysq0","6a833396cee036cbf121a867","68c5583b9869e837e80cea5a","sess_1790176426718_iq76x5i","view",1,150,"2026-09-12T06:20:00.600Z"
"int_1790176426720_7qhqcy93b","6a833396cee036cbf121a867","68c5583b9869e837e80ce9b9","sess_1790176426718_iq76x5i","view",1,131,"2026-09-12T06:20:00.600Z"
"int_1790176426720_icp9hw0d2","6a833396cee036cbf121a867","68c5583b9869e837e80ce97f","sess_1790176426718_iq76x5i","like",3,0,"2026-09-12T06:20:15.600Z"
"int_1790176426720_38m4t0vf8","6a833396cee036cbf121a867","68c5583b9869e837e80ce97f","sess_1790176426718_iq76x5i","add_to_cart",5,0,"2026-09-12T06:20:35.600Z"
"int_1790176426924_ew1yrmgfe","6a833396cee036cbf121a867","68c5583b9869e837e80ceae5","sess_explore_1790176426924_f2nxpi","search_click",2,59,"2026-09-12T06:30:46.154Z"
"int_1790176426921_jd221a0jv","6a833394cee036cbf121a84f","68c5583b9869e837e80cea67","sess_explore_1790176426921_q87f2i","view",1,42,"2026-09-12T06:47:21.207Z"
"int_1790176426925_rc9agmkzj","6a83085d4d4fb77855083406","68c5583b9869e837e80ceaff","sess_explore_1790176426925_5y318q","search_click",2,31,"2026-09-12T07:13:30.775Z"
"int_1790176426925_9tdtg1pzf","6a83085d4d4fb77855083406","68c5583b9869e837e80ceaff","sess_explore_1790176426925_5y318q","like",3,0,"2026-09-12T07:13:40.775Z"
"int_1790176426902_lhw1umk00","6a833398cee036cbf121a885","68c5583b9869e837e80ce997","sess_1790176426901_wyr4na8","view",1,154,"2026-09-12T07:49:37.343Z"
"int_1790176426902_abjnz24hi","6a833398cee036cbf121a885","68c5583b9869e837e80ceaa5","sess_1790176426901_wyr4na8","view",1,101,"2026-09-12T07:49:37.343Z"
"int_1790176426902_f14qay4u0","6a833398cee036cbf121a885","68c5583b9869e837e80ce98b","sess_1790176426901_wyr4na8","view",1,87,"2026-09-12T07:49:37.343Z"
"int_1790176426902_t3lokqphj","6a833398cee036cbf121a885","68c5583b9869e837e80ceacc","sess_1790176426901_wyr4na8","view",1,75,"2026-09-12T07:49:37.343Z"
"int_1790176426921_0wvur9rc6","6a833396cee036cbf121a869","68c5583b9869e837e80cea57","sess_explore_1790176426921_bfdzek","search_click",2,35,"2026-09-12T08:17:54.567Z"
"int_1790176426921_sfk20asim","6a833393cee036cbf121a835","68c5583b9869e837e80cea53","sess_explore_1790176426921_oz25fw","search_click",2,28,"2026-09-12T08:46:20.973Z"
"int_1790176426921_z6jo9soo3","6a833392cee036cbf121a82b","68c5583b9869e837e80cea61","sess_explore_1790176426921_6s7qi7","view",1,39,"2026-09-12T09:04:58.003Z"
"int_1790176426921_fvw3k5x5g","6a833392cee036cbf121a82b","68c5583b9869e837e80cea61","sess_explore_1790176426921_6s7qi7","like",3,0,"2026-09-12T09:05:08.003Z"
"int_1790176426555_yk3spm4tm","6a833394cee036cbf121a847","68c5583b9869e837e80cea71","sess_1790176426554_gcihyh1","view",1,84,"2026-09-12T09:17:52.499Z"
"int_1790176426555_it9mf9eov","6a833394cee036cbf121a847","68c5583b9869e837e80cea21","sess_1790176426554_gcihyh1","view",1,95,"2026-09-12T09:17:52.499Z"
"int_1790176426555_0ao1a0hrp","6a833394cee036cbf121a847","68c5583b9869e837e80ce9e8","sess_1790176426554_gcihyh1","view",1,77,"2026-09-12T09:17:52.499Z"
"int_1790176426555_o626uco3g","6a833394cee036cbf121a847","68c5583b9869e837e80ce9e6","sess_1790176426554_gcihyh1","view",1,74,"2026-09-12T09:17:52.499Z"
"int_1790176426555_4pkvlmww1","6a833394cee036cbf121a847","68c5583b9869e837e80cea71","sess_1790176426554_gcihyh1","like",3,0,"2026-09-12T09:18:07.499Z"
"int_1790176426555_pr806bikl","6a833394cee036cbf121a847","68c5583b9869e837e80ce9e6","sess_1790176426554_gcihyh1","like",3,0,"2026-09-12T09:18:07.499Z"
"int_1790176426555_7cm8rmm09","6a833394cee036cbf121a847","68c5583b9869e837e80cea21","sess_1790176426554_gcihyh1","add_to_cart",5,0,"2026-09-12T09:18:27.499Z"
"int_1790176426555_qngmvwvfx","6a833394cee036cbf121a847","68c5583b9869e837e80ce9e8","sess_1790176426554_gcihyh1","add_to_cart",5,0,"2026-09-12T09:18:27.499Z"
"int_1790176426555_eofdbbvfa","6a833394cee036cbf121a847","68c5583b9869e837e80cea21","sess_1790176426554_gcihyh1","purchase",10,0,"2026-09-12T09:18:52.499Z"
"int_1790176426437_b7sfdmsxc","6a833392cee036cbf121a82d","68c5583b9869e837e80ceaba","sess_1790176426435_kwyh4mv","view",1,124,"2026-09-12T09:26:28.431Z"
"int_1790176426437_sluzvg82y","6a833392cee036cbf121a82d","68c5583b9869e837e80ce97b","sess_1790176426435_kwyh4mv","view",1,28,"2026-09-12T09:26:28.431Z"
"int_1790176426437_fvzbiaa9j","6a833392cee036cbf121a82d","68c5583b9869e837e80cea96","sess_1790176426435_kwyh4mv","view",1,35,"2026-09-12T09:26:28.431Z"
"int_1790176426437_3t44e98hn","6a833392cee036cbf121a82d","68c5583b9869e837e80cea19","sess_1790176426435_kwyh4mv","view",1,93,"2026-09-12T09:26:28.431Z"
"int_1790176426437_plz48axxn","6a833392cee036cbf121a82d","68c5583b9869e837e80ceaba","sess_1790176426435_kwyh4mv","like",3,0,"2026-09-12T09:26:43.431Z"
"int_1790176426437_h36rtu3c8","6a833392cee036cbf121a82d","68c5583b9869e837e80ce97b","sess_1790176426435_kwyh4mv","like",3,0,"2026-09-12T09:26:43.431Z"
"int_1790176426920_1tack1oxu","6a833395cee036cbf121a859","68c5583b9869e837e80cea2f","sess_explore_1790176426920_7rucxm","view",1,41,"2026-09-12T09:43:50.168Z"
"int_1790176426920_anf04zr8j","6a833395cee036cbf121a859","68c5583b9869e837e80cea2f","sess_explore_1790176426920_7rucxm","like",3,0,"2026-09-12T09:44:00.168Z"
"int_1790176426874_2264tr3kw","6a833398cee036cbf121a87f","68c5583b9869e837e80ce9df","sess_1790176426873_6y7d1v1","view",1,179,"2026-09-12T10:36:30.248Z"
"int_1790176426874_zfqn67zy0","6a833398cee036cbf121a87f","68c5583b9869e837e80ce9e2","sess_1790176426873_6y7d1v1","view",1,100,"2026-09-12T10:36:30.248Z"
"int_1790176426874_5kbavzt2p","6a833398cee036cbf121a87f","68c5583b9869e837e80cea9f","sess_1790176426873_6y7d1v1","view",1,155,"2026-09-12T10:36:30.248Z"
"int_1790176426874_hxnyg3nx1","6a833398cee036cbf121a87f","68c5583b9869e837e80ce9df","sess_1790176426873_6y7d1v1","like",3,0,"2026-09-12T10:36:45.248Z"
"int_1790176426874_yknoqan49","6a833398cee036cbf121a87f","68c5583b9869e837e80cea9f","sess_1790176426873_6y7d1v1","like",3,0,"2026-09-12T10:36:45.248Z"
"int_1790176426658_3tm6ed58e","6a833395cee036cbf121a857","68c5583b9869e837e80ceab3","sess_1790176426657_h22fu3a","view",1,48,"2026-09-12T10:36:45.913Z"
"int_1790176426658_idkpherni","6a833395cee036cbf121a857","68c5583b9869e837e80ce9e6","sess_1790176426657_h22fu3a","view",1,42,"2026-09-12T10:36:45.913Z"
"int_1790176426658_28ps8xray","6a833395cee036cbf121a857","68c5583b9869e837e80cea0b","sess_1790176426657_h22fu3a","view",1,134,"2026-09-12T10:36:45.913Z"
"int_1790176426658_m8e2nq7tt","6a833395cee036cbf121a857","68c5583b9869e837e80ce97f","sess_1790176426657_h22fu3a","view",1,153,"2026-09-12T10:36:45.913Z"
"int_1790176426658_ul0u63d0a","6a833395cee036cbf121a857","68c5583b9869e837e80ceab3","sess_1790176426657_h22fu3a","like",3,0,"2026-09-12T10:37:00.913Z"
"int_1790176426658_18ijp0wqz","6a833395cee036cbf121a857","68c5583b9869e837e80cea0b","sess_1790176426657_h22fu3a","like",3,0,"2026-09-12T10:37:00.913Z"
"int_1790176426874_lv4adt19a","6a833398cee036cbf121a87f","68c5583b9869e837e80ce9e2","sess_1790176426873_6y7d1v1","add_to_cart",5,0,"2026-09-12T10:37:05.248Z"
"int_1790176426658_sn4ssjza3","6a833395cee036cbf121a857","68c5583b9869e837e80cea0b","sess_1790176426657_h22fu3a","add_to_cart",5,0,"2026-09-12T10:37:20.913Z"
"int_1790176426658_mbwjis8u9","6a833395cee036cbf121a857","68c5583b9869e837e80cea0b","sess_1790176426657_h22fu3a","purchase",10,0,"2026-09-12T10:37:45.913Z"
"int_1790176426923_z29r3i3bb","6a833393cee036cbf121a835","68c5583b9869e837e80ceace","sess_explore_1790176426923_xyqym6","search_click",2,35,"2026-09-12T10:39:51.052Z"
"int_1790176426389_j34z93v33","6a83085d4d4fb77855083406","68c5583b9869e837e80cea13","sess_1790176426388_l93xz3y","view",1,100,"2026-09-12T10:49:15.509Z"
"int_1790176426389_9ka28ynh4","6a83085d4d4fb77855083406","68c5583b9869e837e80ce9fe","sess_1790176426388_l93xz3y","view",1,38,"2026-09-12T10:49:15.509Z"
"int_1790176426389_d1nvokqkz","6a83085d4d4fb77855083406","68c5583b9869e837e80ce9ab","sess_1790176426388_l93xz3y","view",1,40,"2026-09-12T10:49:15.509Z"
"int_1790176426389_rpl03pym4","6a83085d4d4fb77855083406","68c5583b9869e837e80ce9fe","sess_1790176426388_l93xz3y","like",3,0,"2026-09-12T10:49:30.509Z"
"int_1790176426389_d84qyeo0s","6a83085d4d4fb77855083406","68c5583b9869e837e80cea13","sess_1790176426388_l93xz3y","add_to_cart",5,0,"2026-09-12T10:49:50.509Z"
"int_1790176426389_p7z33lx6o","6a83085d4d4fb77855083406","68c5583b9869e837e80ce9fe","sess_1790176426388_l93xz3y","add_to_cart",5,0,"2026-09-12T10:49:50.509Z"
"int_1790176426389_ytgqu4s73","6a83085d4d4fb77855083406","68c5583b9869e837e80ce9ab","sess_1790176426388_l93xz3y","add_to_cart",5,0,"2026-09-12T10:49:50.509Z"
"int_1790176426925_y37a98lfo","6a833397cee036cbf121a873","68c5583b9869e837e80ceaf0","sess_explore_1790176426925_we2roi","search_click",2,89,"2026-09-12T12:36:39.528Z"
"int_1790176426446_zfckl5yix","6a833392cee036cbf121a82f","68c5583b9869e837e80ce9df","sess_1790176426444_9pgx4l4","view",1,160,"2026-09-12T12:38:20.646Z"
"int_1790176426446_2kg9l1uoj","6a833392cee036cbf121a82f","68c5583b9869e837e80cea1c","sess_1790176426444_9pgx4l4","view",1,72,"2026-09-12T12:38:20.646Z"
"int_1790176426446_be0to049y","6a833392cee036cbf121a82f","68c5583b9869e837e80cea7d","sess_1790176426444_9pgx4l4","view",1,37,"2026-09-12T12:38:20.646Z"
"int_1790176426446_uiy09omre","6a833392cee036cbf121a82f","68c5583b9869e837e80cea56","sess_1790176426444_9pgx4l4","view",1,170,"2026-09-12T12:38:20.646Z"
"int_1790176426446_ddb2vdj59","6a833392cee036cbf121a82f","68c5583b9869e837e80cea9f","sess_1790176426444_9pgx4l4","view",1,22,"2026-09-12T12:38:20.646Z"
"int_1790176426919_iuouwbog0","6a833396cee036cbf121a869","68c5583b9869e837e80ce9ae","sess_explore_1790176426919_5jf7z5","view",1,43,"2026-09-12T13:49:35.964Z"
"int_1790176426920_osm6287hz","6a833397cee036cbf121a87b","68c5583b9869e837e80cea34","sess_explore_1790176426920_ec6byq","search_click",2,75,"2026-09-12T14:06:27.142Z"
"int_1790176426922_yth6wiipa","6a833394cee036cbf121a84d","68c5583b9869e837e80ceab5","sess_explore_1790176426922_n9qgr8","search_click",2,64,"2026-09-12T15:22:01.666Z"
"int_1790176426921_8pstrl6jv","6a833395cee036cbf121a859","68c5583b9869e837e80cea4e","sess_explore_1790176426921_pgbi6p","view",1,34,"2026-09-12T15:40:46.470Z"
"int_1790176426921_i6b1xm8zf","6a833395cee036cbf121a859","68c5583b9869e837e80cea4e","sess_explore_1790176426921_pgbi6p","like",3,0,"2026-09-12T15:40:56.470Z"
"int_1790176426802_g7gsriscz","6a833397cee036cbf121a873","68c5583b9869e837e80ce9a9","sess_1790176426800_8ohb6th","view",1,26,"2026-09-12T16:02:58.892Z"
"int_1790176426802_6ykf30tvx","6a833397cee036cbf121a873","68c5583b9869e837e80ce989","sess_1790176426800_8ohb6th","view",1,179,"2026-09-12T16:02:58.892Z"
"int_1790176426802_3kywkijx5","6a833397cee036cbf121a873","68c5583b9869e837e80ce97d","sess_1790176426800_8ohb6th","view",1,58,"2026-09-12T16:02:58.892Z"
"int_1790176426924_elu1hszyv","6a833393cee036cbf121a839","68c5583b9869e837e80ceae6","sess_explore_1790176426924_u3k6jl","view",1,37,"2026-09-12T17:38:55.605Z"
"int_1790176426919_e0es1emk1","6a833398cee036cbf121a87f","68c5583b9869e837e80ce9c2","sess_explore_1790176426919_a94fu1","view",1,86,"2026-09-12T17:46:47.243Z"
"int_1790176426920_ytf39qvi5","6914018db8d9d9ea54857a42","68c5583b9869e837e80cea09","sess_explore_1790176426920_lxdl4i","view",1,28,"2026-09-12T18:04:25.726Z"
"int_1790176426921_0se403mt0","6a833395cee036cbf121a857","68c5583b9869e837e80cea71","sess_explore_1790176426921_ncd8dr","search_click",2,39,"2026-09-12T18:25:34.292Z"
"int_1790176426511_g6bgxj7w8","6a833393cee036cbf121a83d","68c5583b9869e837e80cea3e","sess_1790176426508_j6ioo8a","view",1,91,"2026-09-12T18:27:48.616Z"
"int_1790176426511_v748n2my2","6a833393cee036cbf121a83d","68c5583b9869e837e80ce97d","sess_1790176426508_j6ioo8a","view",1,33,"2026-09-12T18:27:48.616Z"
"int_1790176426511_lsoqb7p2h","6a833393cee036cbf121a83d","68c5583b9869e837e80ce9ee","sess_1790176426508_j6ioo8a","view",1,172,"2026-09-12T18:27:48.616Z"
"int_1790176426511_be3a6ue0v","6a833393cee036cbf121a83d","68c5583b9869e837e80ce9a7","sess_1790176426508_j6ioo8a","view",1,82,"2026-09-12T18:27:48.616Z"
"int_1790176426511_mu4tvzyeb","6a833393cee036cbf121a83d","68c5583b9869e837e80ceafc","sess_1790176426508_j6ioo8a","view",1,32,"2026-09-12T18:27:48.616Z"
"int_1790176426511_02m0vmrz5","6a833393cee036cbf121a83d","68c5583b9869e837e80ce9a7","sess_1790176426508_j6ioo8a","like",3,0,"2026-09-12T18:28:03.616Z"
"int_1790176426511_w7082y0bf","6a833393cee036cbf121a83d","68c5583b9869e837e80ce97d","sess_1790176426508_j6ioo8a","add_to_cart",5,0,"2026-09-12T18:28:23.616Z"
"int_1790176426748_lp6n738ch","6a833396cee036cbf121a86b","68c5583b9869e837e80cea5f","sess_1790176426745_g70jl98","view",1,59,"2026-09-12T19:19:40.270Z"
"int_1790176426748_psgw9ypj5","6a833396cee036cbf121a86b","68c5583b9869e837e80ce9a2","sess_1790176426745_g70jl98","view",1,71,"2026-09-12T19:19:40.270Z"
"int_1790176426748_fxdnhef4c","6a833396cee036cbf121a86b","68c5583b9869e837e80ce9f0","sess_1790176426745_g70jl98","view",1,180,"2026-09-12T19:19:40.270Z"
"int_1790176426748_xepizfzh8","6a833396cee036cbf121a86b","68c5583b9869e837e80ce9b0","sess_1790176426745_g70jl98","view",1,154,"2026-09-12T19:19:40.270Z"
"int_1790176426748_z053zvs97","6a833396cee036cbf121a86b","68c5583b9869e837e80ce9f0","sess_1790176426745_g70jl98","add_to_cart",5,0,"2026-09-12T19:20:15.270Z"
"int_1790176426394_8tvbq2g3r","6a83085d4d4fb77855083406","68c5583b9869e837e80ce9ab","sess_1790176426393_l9z1zd4","view",1,81,"2026-09-12T20:05:20.251Z"
"int_1790176426394_rpv44tyk3","6a83085d4d4fb77855083406","68c5583b9869e837e80ce9e2","sess_1790176426393_l9z1zd4","view",1,93,"2026-09-12T20:05:20.251Z"
"int_1790176426394_wf7ie7zob","6a83085d4d4fb77855083406","68c5583b9869e837e80ce9df","sess_1790176426393_l9z1zd4","view",1,42,"2026-09-12T20:05:20.251Z"
"int_1790176426394_hih8zyade","6a83085d4d4fb77855083406","68c5583b9869e837e80ce9ab","sess_1790176426393_l9z1zd4","like",3,0,"2026-09-12T20:05:35.251Z"
"int_1790176426394_2sqhpryic","6a83085d4d4fb77855083406","68c5583b9869e837e80ce9ab","sess_1790176426393_l9z1zd4","add_to_cart",5,0,"2026-09-12T20:05:55.251Z"
"int_1790176426394_i5j5k2s3v","6a83085d4d4fb77855083406","68c5583b9869e837e80ce9e2","sess_1790176426393_l9z1zd4","add_to_cart",5,0,"2026-09-12T20:05:55.251Z"
"int_1790176426365_4u3mclu1b","68e5331e5186f04dcdf2e9f6","68c5583b9869e837e80ce97c","sess_1790176426363_gx77irx","view",1,169,"2026-09-12T21:08:37.374Z"
"int_1790176426365_771u5a24k","68e5331e5186f04dcdf2e9f6","68c5583b9869e837e80cea9c","sess_1790176426363_gx77irx","view",1,111,"2026-09-12T21:08:37.374Z"
"int_1790176426365_ul93abpit","68e5331e5186f04dcdf2e9f6","68c5583b9869e837e80ce9b5","sess_1790176426363_gx77irx","view",1,85,"2026-09-12T21:08:37.374Z"
"int_1790176426365_rlmeva9mk","68e5331e5186f04dcdf2e9f6","68c5583b9869e837e80ce980","sess_1790176426363_gx77irx","view",1,50,"2026-09-12T21:08:37.374Z"
"int_1790176426365_h9dq4zdyg","68e5331e5186f04dcdf2e9f6","68c5583b9869e837e80ceaba","sess_1790176426363_gx77irx","view",1,35,"2026-09-12T21:08:37.374Z"
"int_1790176426365_lm1wdja49","68e5331e5186f04dcdf2e9f6","68c5583b9869e837e80cea8f","sess_1790176426363_gx77irx","view",1,21,"2026-09-12T21:08:37.374Z"
"int_1790176426365_o5rigthjj","68e5331e5186f04dcdf2e9f6","68c5583b9869e837e80ce97c","sess_1790176426363_gx77irx","like",3,0,"2026-09-12T21:08:52.374Z"
"int_1790176426365_cazoqfvcl","68e5331e5186f04dcdf2e9f6","68c5583b9869e837e80ceaba","sess_1790176426363_gx77irx","like",3,0,"2026-09-12T21:08:52.374Z"
"int_1790176426365_gu3pd2jt2","68e5331e5186f04dcdf2e9f6","68c5583b9869e837e80cea9c","sess_1790176426363_gx77irx","add_to_cart",5,0,"2026-09-12T21:09:12.374Z"
"int_1790176426365_n8teszk43","68e5331e5186f04dcdf2e9f6","68c5583b9869e837e80ce9b5","sess_1790176426363_gx77irx","add_to_cart",5,0,"2026-09-12T21:09:12.374Z"
"int_1790176426365_dcsxebkp6","68e5331e5186f04dcdf2e9f6","68c5583b9869e837e80ce980","sess_1790176426363_gx77irx","add_to_cart",5,0,"2026-09-12T21:09:12.374Z"
"int_1790176426587_n3yrua0fg","6a833394cee036cbf121a84b","68c5583b9869e837e80ce9c0","sess_1790176426584_4yv5uuk","view",1,174,"2026-09-12T21:14:30.262Z"
"int_1790176426587_3omuxpr6i","6a833394cee036cbf121a84b","68c5583b9869e837e80ce9dc","sess_1790176426584_4yv5uuk","view",1,21,"2026-09-12T21:14:30.262Z"
"int_1790176426587_lwbujgpak","6a833394cee036cbf121a84b","68c5583b9869e837e80cea6e","sess_1790176426584_4yv5uuk","view",1,33,"2026-09-12T21:14:30.262Z"
"int_1790176426587_cx1or9lt8","6a833394cee036cbf121a84b","68c5583b9869e837e80ce9c0","sess_1790176426584_4yv5uuk","like",3,0,"2026-09-12T21:14:45.262Z"
"int_1790176426925_z1eukitbz","6a833396cee036cbf121a86d","68c5583b9869e837e80ceafd","sess_explore_1790176426925_q5fa1x","view",1,46,"2026-09-12T21:38:02.185Z"
"int_1790176426925_nr4u4o46e","6a833396cee036cbf121a86d","68c5583b9869e837e80ceafd","sess_explore_1790176426925_q5fa1x","like",3,0,"2026-09-12T21:38:12.185Z"
"int_1790176426922_vy4golgio","6a833397cee036cbf121a871","68c5583b9869e837e80ceaae","sess_explore_1790176426922_yafxm6","view",1,76,"2026-09-12T22:32:49.948Z"
"int_1790176426467_m0b8ququw","6a833392cee036cbf121a831","68c5583b9869e837e80ce99c","sess_1790176426465_ew9h3of","view",1,87,"2026-09-12T23:55:55.593Z"
"int_1790176426467_br0vx9h1f","6a833392cee036cbf121a831","68c5583b9869e837e80ce988","sess_1790176426465_ew9h3of","view",1,71,"2026-09-12T23:55:55.593Z"
"int_1790176426467_hkarfcw6a","6a833392cee036cbf121a831","68c5583b9869e837e80cea3b","sess_1790176426465_ew9h3of","view",1,168,"2026-09-12T23:55:55.593Z"
"int_1790176426467_ame21jnzl","6a833392cee036cbf121a831","68c5583b9869e837e80cea3b","sess_1790176426465_ew9h3of","like",3,0,"2026-09-12T23:56:10.593Z"
"int_1790176426923_a5vcpbr6i","6a833391cee036cbf121a825","68c5583b9869e837e80ceac7","sess_explore_1790176426923_sah55h","view",1,52,"2026-09-13T01:21:08.919Z"
"int_1790176426919_pzfscqxdi","6a833394cee036cbf121a84f","68c5583b9869e837e80ce99b","sess_explore_1790176426919_4n571h","search_click",2,55,"2026-09-13T02:06:32.163Z"
"int_1790176426922_mgbl1lnq8","6a833397cee036cbf121a87d","68c5583b9869e837e80ceaae","sess_explore_1790176426922_hznu6g","view",1,28,"2026-09-13T04:11:44.874Z"
"int_1790176426923_vg16p9kx9","6a7fc9164585d7fd0f495064","68c5583b9869e837e80ceac0","sess_explore_1790176426923_aepbfp","view",1,57,"2026-09-13T05:18:09.824Z"
"int_1790176426919_lnm803ecj","6a833396cee036cbf121a863","68c5583b9869e837e80ce9ad","sess_explore_1790176426919_v9279x","search_click",2,60,"2026-09-13T05:44:15.929Z"
"int_1790176426919_4gg83nej2","6a833396cee036cbf121a863","68c5583b9869e837e80ce9ad","sess_explore_1790176426919_v9279x","like",3,0,"2026-09-13T05:44:25.929Z"
"int_1790176426922_uu6mauwxg","6a833396cee036cbf121a86f","68c5583b9869e837e80ceabb","sess_explore_1790176426922_dtjwd1","search_click",2,67,"2026-09-13T05:59:12.034Z"
"int_1790176426921_6rk4onus4","6a833392cee036cbf121a827","68c5583b9869e837e80cea53","sess_explore_1790176426921_mztiaw","view",1,27,"2026-09-13T06:13:51.593Z"
"int_1790176426919_7h4gxtfs2","6a833393cee036cbf121a83d","68c5583b9869e837e80ce993","sess_explore_1790176426919_bwspqk","view",1,71,"2026-09-13T07:48:37.981Z"
"int_1790176426755_9v8iszfi7","6a833396cee036cbf121a86d","68c5583b9869e837e80ce994","sess_1790176426751_inq0xhf","view",1,117,"2026-09-13T09:02:07.238Z"
"int_1790176426755_a3fm1x9uv","6a833396cee036cbf121a86d","68c5583b9869e837e80ceaf8","sess_1790176426751_inq0xhf","view",1,34,"2026-09-13T09:02:07.238Z"
"int_1790176426755_e1prforts","6a833396cee036cbf121a86d","68c5583b9869e837e80cea7c","sess_1790176426751_inq0xhf","view",1,119,"2026-09-13T09:02:07.238Z"
"int_1790176426755_9mlhv7qgk","6a833396cee036cbf121a86d","68c5583b9869e837e80cea7c","sess_1790176426751_inq0xhf","like",3,0,"2026-09-13T09:02:22.238Z"
"int_1790176426554_ejbrv91rm","6a833394cee036cbf121a845","68c5583b9869e837e80cead7","sess_1790176426552_96nqsya","view",1,36,"2026-09-13T09:12:59.141Z"
"int_1790176426554_2y4xcyrg5","6a833394cee036cbf121a845","68c5583b9869e837e80cea1e","sess_1790176426552_96nqsya","view",1,172,"2026-09-13T09:12:59.141Z"
"int_1790176426554_s26hkjy40","6a833394cee036cbf121a845","68c5583b9869e837e80ce9a6","sess_1790176426552_96nqsya","view",1,132,"2026-09-13T09:12:59.141Z"
"int_1790176426554_7z88a3408","6a833394cee036cbf121a845","68c5583b9869e837e80ce9a7","sess_1790176426552_96nqsya","view",1,74,"2026-09-13T09:12:59.141Z"
"int_1790176426554_gi9w7uucx","6a833394cee036cbf121a845","68c5583b9869e837e80ce9a6","sess_1790176426552_96nqsya","like",3,0,"2026-09-13T09:13:14.141Z"
"int_1790176426554_c7qlt8cao","6a833394cee036cbf121a845","68c5583b9869e837e80ce9a7","sess_1790176426552_96nqsya","like",3,0,"2026-09-13T09:13:14.141Z"
"int_1790176426554_xvov9h5qt","6a833394cee036cbf121a845","68c5583b9869e837e80cead7","sess_1790176426552_96nqsya","add_to_cart",5,0,"2026-09-13T09:13:34.141Z"
"int_1790176426382_jsnbrybi1","6a27ed55b6d7638a2acaa654","68c5583b9869e837e80cea1d","sess_1790176426380_dnne68e","view",1,174,"2026-09-13T10:25:35.614Z"
"int_1790176426382_fs4b8u871","6a27ed55b6d7638a2acaa654","68c5583b9869e837e80ce983","sess_1790176426380_dnne68e","view",1,114,"2026-09-13T10:25:35.614Z"
"int_1790176426382_pzr4l9j3m","6a27ed55b6d7638a2acaa654","68c5583b9869e837e80ce9e0","sess_1790176426380_dnne68e","view",1,22,"2026-09-13T10:25:35.614Z"
"int_1790176426382_e7mpytwxj","6a27ed55b6d7638a2acaa654","68c5583b9869e837e80cea50","sess_1790176426380_dnne68e","view",1,51,"2026-09-13T10:25:35.614Z"
"int_1790176426382_txgn7o3rk","6a27ed55b6d7638a2acaa654","68c5583b9869e837e80cea1d","sess_1790176426380_dnne68e","like",3,0,"2026-09-13T10:25:50.614Z"
"int_1790176426382_7wkskwk8d","6a27ed55b6d7638a2acaa654","68c5583b9869e837e80ce983","sess_1790176426380_dnne68e","like",3,0,"2026-09-13T10:25:50.614Z"
"int_1790176426382_qczxe4dpu","6a27ed55b6d7638a2acaa654","68c5583b9869e837e80ce9e0","sess_1790176426380_dnne68e","like",3,0,"2026-09-13T10:25:50.614Z"
"int_1790176426382_je5dos2yf","6a27ed55b6d7638a2acaa654","68c5583b9869e837e80cea50","sess_1790176426380_dnne68e","like",3,0,"2026-09-13T10:25:50.614Z"
"int_1790176426382_egyj5zk9k","6a27ed55b6d7638a2acaa654","68c5583b9869e837e80ce983","sess_1790176426380_dnne68e","add_to_cart",5,0,"2026-09-13T10:26:10.614Z"
"int_1790176426382_pc13u313m","6a27ed55b6d7638a2acaa654","68c5583b9869e837e80ce983","sess_1790176426380_dnne68e","purchase",10,0,"2026-09-13T10:26:35.614Z"
"int_1790176426706_1huctka9p","6a833396cee036cbf121a863","68c5583b9869e837e80ceab8","sess_1790176426705_bw4dkpz","view",1,71,"2026-09-13T10:44:09.402Z"
"int_1790176426706_mahqvbpva","6a833396cee036cbf121a863","68c5583b9869e837e80cea23","sess_1790176426705_bw4dkpz","view",1,58,"2026-09-13T10:44:09.402Z"
"int_1790176426706_dmp1wrdrf","6a833396cee036cbf121a863","68c5583b9869e837e80cea79","sess_1790176426705_bw4dkpz","view",1,54,"2026-09-13T10:44:09.402Z"
"int_1790176426706_perwu2x09","6a833396cee036cbf121a863","68c5583b9869e837e80ceab1","sess_1790176426705_bw4dkpz","view",1,42,"2026-09-13T10:44:09.402Z"
"int_1790176426706_sdkssb4p1","6a833396cee036cbf121a863","68c5583b9869e837e80ceab8","sess_1790176426705_bw4dkpz","like",3,0,"2026-09-13T10:44:24.402Z"
"int_1790176426706_ikvpjepsm","6a833396cee036cbf121a863","68c5583b9869e837e80cea23","sess_1790176426705_bw4dkpz","like",3,0,"2026-09-13T10:44:24.402Z"
"int_1790176426706_3u515s9x4","6a833396cee036cbf121a863","68c5583b9869e837e80cea79","sess_1790176426705_bw4dkpz","like",3,0,"2026-09-13T10:44:24.402Z"
"int_1790176426706_64jfb488w","6a833396cee036cbf121a863","68c5583b9869e837e80ceab1","sess_1790176426705_bw4dkpz","like",3,0,"2026-09-13T10:44:24.402Z"
"int_1790176426322_j2cjs1a1e","6914018db8d9d9ea54857a42","68c5583b9869e837e80ce9aa","sess_1790176426319_4f3pcdm","view",1,68,"2026-09-13T11:57:05.512Z"
"int_1790176426322_xo0ifqmry","6914018db8d9d9ea54857a42","68c5583b9869e837e80ce9ba","sess_1790176426319_4f3pcdm","view",1,43,"2026-09-13T11:57:05.512Z"
"int_1790176426322_x6gkkbqpm","6914018db8d9d9ea54857a42","68c5583b9869e837e80ce9b8","sess_1790176426319_4f3pcdm","view",1,177,"2026-09-13T11:57:05.512Z"
"int_1790176426322_b3uzie8vd","6914018db8d9d9ea54857a42","68c5583b9869e837e80ce9b8","sess_1790176426319_4f3pcdm","add_to_cart",5,0,"2026-09-13T11:57:40.512Z"
"int_1790176426322_uzbezz1pb","6914018db8d9d9ea54857a42","68c5583b9869e837e80ce9b8","sess_1790176426319_4f3pcdm","purchase",10,0,"2026-09-13T11:58:05.512Z"
"int_1790176426922_taikj9jh7","6a833394cee036cbf121a84b","68c5583b9869e837e80cea9e","sess_explore_1790176426922_8e2r9g","view",1,35,"2026-09-13T13:30:24.615Z"
"int_1790176426921_5nafxzq04","6a833393cee036cbf121a835","68c5583b9869e837e80cea54","sess_explore_1790176426921_55zksu","view",1,32,"2026-09-13T13:30:43.330Z"
"int_1790176426920_bpq8cxcf6","6a833394cee036cbf121a845","68c5583b9869e837e80cea11","sess_explore_1790176426920_62zv7z","view",1,87,"2026-09-13T14:28:14.039Z"
"int_1790176426428_89cg3c7o5","6a833392cee036cbf121a82d","68c5583b9869e837e80cea19","sess_1790176426426_cebxi2w","view",1,36,"2026-09-13T15:21:56.998Z"
"int_1790176426428_jbbxlyjnm","6a833392cee036cbf121a82d","68c5583b9869e837e80ce97d","sess_1790176426426_cebxi2w","view",1,158,"2026-09-13T15:21:56.998Z"
"int_1790176426428_8l1uco9c4","6a833392cee036cbf121a82d","68c5583b9869e837e80cea4d","sess_1790176426426_cebxi2w","view",1,123,"2026-09-13T15:21:56.998Z"
"int_1790176426428_iipa4adae","6a833392cee036cbf121a82d","68c5583b9869e837e80cea19","sess_1790176426426_cebxi2w","like",3,0,"2026-09-13T15:22:11.998Z"
"int_1790176426428_83hxy6y29","6a833392cee036cbf121a82d","68c5583b9869e837e80cea4d","sess_1790176426426_cebxi2w","like",3,0,"2026-09-13T15:22:11.998Z"
"int_1790176426428_m4r7bame4","6a833392cee036cbf121a82d","68c5583b9869e837e80ce97d","sess_1790176426426_cebxi2w","add_to_cart",5,0,"2026-09-13T15:22:31.998Z"
"int_1790176426428_0rv4xzxpe","6a833392cee036cbf121a82d","68c5583b9869e837e80cea4d","sess_1790176426426_cebxi2w","add_to_cart",5,0,"2026-09-13T15:22:31.998Z"
"int_1790176426314_xd1nvzi00","6914018db8d9d9ea54857a42","68c5583b9869e837e80ce98c","sess_1790176426308_ednpgya","view",1,166,"2026-09-13T16:31:30.579Z"
"int_1790176426314_v6ziw47gb","6914018db8d9d9ea54857a42","68c5583b9869e837e80cea07","sess_1790176426308_ednpgya","view",1,93,"2026-09-13T16:31:30.579Z"
"int_1790176426314_kkosatwpi","6914018db8d9d9ea54857a42","68c5583b9869e837e80ce9c1","sess_1790176426308_ednpgya","view",1,161,"2026-09-13T16:31:30.579Z"
"int_1790176426314_tgv6btqpg","6914018db8d9d9ea54857a42","68c5583b9869e837e80ce98c","sess_1790176426308_ednpgya","like",3,0,"2026-09-13T16:31:45.579Z"
"int_1790176426314_dsw225rm4","6914018db8d9d9ea54857a42","68c5583b9869e837e80cea07","sess_1790176426308_ednpgya","like",3,0,"2026-09-13T16:31:45.579Z"
"int_1790176426314_hpp8budlu","6914018db8d9d9ea54857a42","68c5583b9869e837e80ce9c1","sess_1790176426308_ednpgya","like",3,0,"2026-09-13T16:31:45.579Z"
"int_1790176426314_dmgzz77nx","6914018db8d9d9ea54857a42","68c5583b9869e837e80cea07","sess_1790176426308_ednpgya","add_to_cart",5,0,"2026-09-13T16:32:05.579Z"
"int_1790176426314_u1p39pcfh","6914018db8d9d9ea54857a42","68c5583b9869e837e80ce9c1","sess_1790176426308_ednpgya","add_to_cart",5,0,"2026-09-13T16:32:05.579Z"
"int_1790176426314_4kni157ng","6914018db8d9d9ea54857a42","68c5583b9869e837e80cea07","sess_1790176426308_ednpgya","purchase",10,0,"2026-09-13T16:32:30.579Z"
"int_1790176426920_5wbwdbmlv","6a833397cee036cbf121a87b","68c5583b9869e837e80cea2b","sess_explore_1790176426920_jwi128","view",1,85,"2026-09-13T17:24:09.519Z"
"int_1790176426920_37sbtusvm","6a833397cee036cbf121a87b","68c5583b9869e837e80cea2b","sess_explore_1790176426920_jwi128","like",3,0,"2026-09-13T17:24:19.519Z"
"int_1790176426921_d35wk64ge","6a833397cee036cbf121a871","68c5583b9869e837e80cea61","sess_explore_1790176426921_fwvavl","search_click",2,90,"2026-09-13T17:33:06.511Z"
"int_1790176426921_vdoq58c3b","6a833397cee036cbf121a871","68c5583b9869e837e80cea61","sess_explore_1790176426921_fwvavl","like",3,0,"2026-09-13T17:33:16.511Z"
"int_1790176426372_ql445utas","6a27ed55b6d7638a2acaa654","68c5583b9869e837e80cea1c","sess_1790176426371_qv4giii","view",1,178,"2026-09-13T18:13:08.776Z"
"int_1790176426372_cbrwbathk","6a27ed55b6d7638a2acaa654","68c5583b9869e837e80cea3a","sess_1790176426371_qv4giii","view",1,36,"2026-09-13T18:13:08.776Z"
"int_1790176426372_bil3xxmmj","6a27ed55b6d7638a2acaa654","68c5583b9869e837e80ce9df","sess_1790176426371_qv4giii","view",1,137,"2026-09-13T18:13:08.776Z"
"int_1790176426372_olxk5079p","6a27ed55b6d7638a2acaa654","68c5583b9869e837e80cea7d","sess_1790176426371_qv4giii","view",1,25,"2026-09-13T18:13:08.776Z"
"int_1790176426372_9cn64phd6","6a27ed55b6d7638a2acaa654","68c5583b9869e837e80cea3a","sess_1790176426371_qv4giii","like",3,0,"2026-09-13T18:13:23.776Z"
"int_1790176426372_dioj3rspw","6a27ed55b6d7638a2acaa654","68c5583b9869e837e80cea1c","sess_1790176426371_qv4giii","add_to_cart",5,0,"2026-09-13T18:13:43.776Z"
"int_1790176426372_46zp3puyc","6a27ed55b6d7638a2acaa654","68c5583b9869e837e80ce9df","sess_1790176426371_qv4giii","add_to_cart",5,0,"2026-09-13T18:13:43.776Z"
"int_1790176426920_hrvrux4k4","6a833396cee036cbf121a867","68c5583b9869e837e80cea37","sess_explore_1790176426920_ghic5s","view",1,80,"2026-09-13T23:59:49.940Z"
"int_1790176426920_tdcrllgmt","6a833396cee036cbf121a867","68c5583b9869e837e80cea37","sess_explore_1790176426920_ghic5s","like",3,0,"2026-09-13T23:59:59.940Z"
"int_1790176426772_sd7lwypwa","6a833396cee036cbf121a86d","68c5583b9869e837e80ce985","sess_1790176426768_pmyrkas","view",1,108,"2026-09-14T01:22:08.566Z"
"int_1790176426772_6cvgpt8rn","6a833396cee036cbf121a86d","68c5583b9869e837e80ce9a6","sess_1790176426768_pmyrkas","view",1,67,"2026-09-14T01:22:08.566Z"
"int_1790176426772_wav78efoe","6a833396cee036cbf121a86d","68c5583b9869e837e80ce986","sess_1790176426768_pmyrkas","view",1,130,"2026-09-14T01:22:08.566Z"
"int_1790176426772_t5nkeru5a","6a833396cee036cbf121a86d","68c5583b9869e837e80ceafc","sess_1790176426768_pmyrkas","view",1,54,"2026-09-14T01:22:08.566Z"
"int_1790176426772_o9j1gp88k","6a833396cee036cbf121a86d","68c5583b9869e837e80ce986","sess_1790176426768_pmyrkas","like",3,0,"2026-09-14T01:22:23.566Z"
"int_1790176426922_unl7yeadp","6a833393cee036cbf121a83f","68c5583b9869e837e80ceab4","sess_explore_1790176426922_nu5o1c","view",1,71,"2026-09-14T02:45:27.416Z"
"int_1790176426925_vci8khrlz","6a833397cee036cbf121a873","68c5583b9869e837e80ceafa","sess_explore_1790176426925_gwg5vv","search_click",2,64,"2026-09-14T04:38:33.751Z"
"int_1790176426925_4vfnqsmpf","6a833397cee036cbf121a873","68c5583b9869e837e80ceafa","sess_explore_1790176426925_gwg5vv","like",3,0,"2026-09-14T04:38:43.751Z"
"int_1790176426925_7x09s1pjq","6a833393cee036cbf121a841","68c5583b9869e837e80ceafa","sess_explore_1790176426925_stg3c2","search_click",2,61,"2026-09-14T04:57:45.806Z"
"int_1790176426925_p2fjpna3p","6a833393cee036cbf121a841","68c5583b9869e837e80ceafa","sess_explore_1790176426925_stg3c2","like",3,0,"2026-09-14T04:57:55.806Z"
"int_1790176426661_gdp0m5nhi","6a833395cee036cbf121a857","68c5583b9869e837e80ce9a8","sess_1790176426659_sfg0ybf","view",1,154,"2026-09-14T05:02:46.070Z"
"int_1790176426661_0f4utgia3","6a833395cee036cbf121a857","68c5583b9869e837e80ce9b9","sess_1790176426659_sfg0ybf","view",1,27,"2026-09-14T05:02:46.070Z"
"int_1790176426661_4s65d2fca","6a833395cee036cbf121a857","68c5583b9869e837e80ce9f4","sess_1790176426659_sfg0ybf","view",1,147,"2026-09-14T05:02:46.070Z"
"int_1790176426661_nizfhuwjw","6a833395cee036cbf121a857","68c5583b9869e837e80cea65","sess_1790176426659_sfg0ybf","view",1,32,"2026-09-14T05:02:46.070Z"
"int_1790176426661_uar8wcjko","6a833395cee036cbf121a857","68c5583b9869e837e80ce9a8","sess_1790176426659_sfg0ybf","like",3,0,"2026-09-14T05:03:01.070Z"
"int_1790176426661_inxhzbkoy","6a833395cee036cbf121a857","68c5583b9869e837e80cea65","sess_1790176426659_sfg0ybf","like",3,0,"2026-09-14T05:03:01.070Z"
"int_1790176426922_gnsuwurki","6a833396cee036cbf121a867","68c5583b9869e837e80ceaa2","sess_explore_1790176426922_rks34d","search_click",2,77,"2026-09-14T08:07:06.153Z"
"int_1790176426920_ykinewn4v","6a7fc9164585d7fd0f495064","68c5583b9869e837e80cea26","sess_explore_1790176426920_reipnc","search_click",2,29,"2026-09-14T10:07:01.408Z"
"int_1790176426920_a6q73vyy3","6a7fc9164585d7fd0f495064","68c5583b9869e837e80cea26","sess_explore_1790176426920_reipnc","like",3,0,"2026-09-14T10:07:11.408Z"
"int_1790176426923_qn0o01hhu","6a833397cee036cbf121a871","68c5583b9869e837e80ceac3","sess_explore_1790176426923_ygfera","view",1,53,"2026-09-14T11:17:41.605Z"
"int_1790176426455_djb3g3tex","6a833392cee036cbf121a82f","68c5583b9869e837e80cea25","sess_1790176426451_3g6soa5","view",1,42,"2026-09-14T11:29:30.395Z"
"int_1790176426455_td3fxdnqa","6a833392cee036cbf121a82f","68c5583b9869e837e80cea70","sess_1790176426451_3g6soa5","view",1,112,"2026-09-14T11:29:30.395Z"
"int_1790176426455_pycauafxu","6a833392cee036cbf121a82f","68c5583b9869e837e80cea94","sess_1790176426451_3g6soa5","view",1,102,"2026-09-14T11:29:30.395Z"
"int_1790176426455_kqw8d30fe","6a833392cee036cbf121a82f","68c5583b9869e837e80cea25","sess_1790176426451_3g6soa5","like",3,0,"2026-09-14T11:29:45.395Z"
"int_1790176426919_pk6fj4rxa","6a833395cee036cbf121a859","68c5583b9869e837e80ce9cf","sess_explore_1790176426919_837hxx","view",1,70,"2026-09-14T14:29:32.007Z"
"int_1790176426919_dxecoetra","6a833395cee036cbf121a859","68c5583b9869e837e80ce9cf","sess_explore_1790176426919_837hxx","like",3,0,"2026-09-14T14:29:42.007Z"
"int_1790176426924_di73zwwvi","6a833392cee036cbf121a82d","68c5583b9869e837e80ceadc","sess_explore_1790176426924_6au6qj","view",1,83,"2026-09-14T15:48:17.340Z"
"int_1790176426745_5cjlq91qc","6a833396cee036cbf121a86b","68c5583b9869e837e80cea41","sess_1790176426742_m5j400u","view",1,85,"2026-09-14T16:10:10.391Z"
"int_1790176426745_9gjhnudye","6a833396cee036cbf121a86b","68c5583b9869e837e80ce9dc","sess_1790176426742_m5j400u","view",1,165,"2026-09-14T16:10:10.391Z"
"int_1790176426745_6law1dn18","6a833396cee036cbf121a86b","68c5583b9869e837e80cea62","sess_1790176426742_m5j400u","view",1,25,"2026-09-14T16:10:10.391Z"
"int_1790176426745_bqquszgtq","6a833396cee036cbf121a86b","68c5583b9869e837e80ce9a2","sess_1790176426742_m5j400u","view",1,75,"2026-09-14T16:10:10.391Z"
"int_1790176426745_p4eoqw09b","6a833396cee036cbf121a86b","68c5583b9869e837e80cea62","sess_1790176426742_m5j400u","like",3,0,"2026-09-14T16:10:25.391Z"
"int_1790176426707_j7yqqi80a","6a833396cee036cbf121a863","68c5583b9869e837e80ceab1","sess_1790176426706_qsistu3","view",1,96,"2026-09-14T17:54:58.078Z"
"int_1790176426707_6srsv5uec","6a833396cee036cbf121a863","68c5583b9869e837e80ce97d","sess_1790176426706_qsistu3","view",1,110,"2026-09-14T17:54:58.078Z"
"int_1790176426707_6ezdh9skg","6a833396cee036cbf121a863","68c5583b9869e837e80ce995","sess_1790176426706_qsistu3","view",1,67,"2026-09-14T17:54:58.078Z"
"int_1790176426707_qs7w6ao8p","6a833396cee036cbf121a863","68c5583b9869e837e80cea79","sess_1790176426706_qsistu3","view",1,88,"2026-09-14T17:54:58.078Z"
"int_1790176426707_rvtnql0zs","6a833396cee036cbf121a863","68c5583b9869e837e80ceab1","sess_1790176426706_qsistu3","like",3,0,"2026-09-14T17:55:13.078Z"
"int_1790176426924_xxozh65m6","6a833398cee036cbf121a881","68c5583b9869e837e80ceae0","sess_explore_1790176426924_cs1xrm","view",1,76,"2026-09-14T18:44:20.575Z"
"int_1790176426924_4h4lfur0g","6a833398cee036cbf121a881","68c5583b9869e837e80ceae0","sess_explore_1790176426924_cs1xrm","like",3,0,"2026-09-14T18:44:30.575Z"
"int_1790176426919_gbnftvtff","6a7fc9164585d7fd0f495064","68c5583b9869e837e80ce9c9","sess_explore_1790176426919_3gcjba","search_click",2,64,"2026-09-14T19:03:43.696Z"
"int_1790176426922_l6idrv9yg","6a833395cee036cbf121a857","68c5583b9869e837e80cea85","sess_explore_1790176426922_ewvl7n","search_click",2,57,"2026-09-14T19:23:02.669Z"
"int_1790176426677_niqmp1tvn","6a833395cee036cbf121a85d","68c5583b9869e837e80ce998","sess_1790176426676_a0zy77b","view",1,55,"2026-09-14T20:35:14.144Z"
"int_1790176426677_g8sdrprqa","6a833395cee036cbf121a85d","68c5583b9869e837e80ce9b5","sess_1790176426676_a0zy77b","view",1,59,"2026-09-14T20:35:14.144Z"
"int_1790176426677_sx2yi22vk","6a833395cee036cbf121a85d","68c5583b9869e837e80ceafc","sess_1790176426676_a0zy77b","view",1,170,"2026-09-14T20:35:14.144Z"
"int_1790176426677_09wtei697","6a833395cee036cbf121a85d","68c5583b9869e837e80ce998","sess_1790176426676_a0zy77b","like",3,0,"2026-09-14T20:35:29.144Z"
"int_1790176426677_qxba1sj7p","6a833395cee036cbf121a85d","68c5583b9869e837e80ce9b5","sess_1790176426676_a0zy77b","add_to_cart",5,0,"2026-09-14T20:35:49.144Z"
"int_1790176426677_262jw3k3i","6a833395cee036cbf121a85d","68c5583b9869e837e80ceafc","sess_1790176426676_a0zy77b","add_to_cart",5,0,"2026-09-14T20:35:49.144Z"
"int_1790176426922_381edf5hl","6a833397cee036cbf121a873","68c5583b9869e837e80ceab5","sess_explore_1790176426922_bc9qfu","view",1,50,"2026-09-14T20:44:47.874Z"
"int_1790176426922_plzgngkcv","6a833397cee036cbf121a873","68c5583b9869e837e80ceab5","sess_explore_1790176426922_bc9qfu","like",3,0,"2026-09-14T20:44:57.874Z"
"int_1790176426921_yhvrhx446","6a833395cee036cbf121a855","68c5583b9869e837e80cea77","sess_explore_1790176426921_ato06z","view",1,84,"2026-09-14T20:59:19.785Z"
"int_1790176426922_a0p79uffy","68e5331e5186f04dcdf2e9f6","68c5583b9869e837e80ceaa2","sess_explore_1790176426922_nkp5fz","view",1,87,"2026-09-14T23:40:00.507Z"
"int_1790176426922_vyzyghscs","68e5331e5186f04dcdf2e9f6","68c5583b9869e837e80ceaa2","sess_explore_1790176426922_nkp5fz","like",3,0,"2026-09-14T23:40:10.507Z"
"int_1790176426919_exa84temy","6a833392cee036cbf121a831","68c5583b9869e837e80ce9b3","sess_explore_1790176426919_rnsutb","view",1,47,"2026-09-15T01:09:26.860Z"
"int_1790176426925_r7sb1fiqc","6a833395cee036cbf121a859","68c5583b9869e837e80ceaea","sess_explore_1790176426925_ahzw57","view",1,39,"2026-09-15T01:22:20.542Z"
"int_1790176426925_0lqz09cec","6a833395cee036cbf121a859","68c5583b9869e837e80ceaea","sess_explore_1790176426925_ahzw57","like",3,0,"2026-09-15T01:22:30.542Z"
"int_1790176426922_xzks4cpy8","68e5331e5186f04dcdf2e9f6","68c5583b9869e837e80cea97","sess_explore_1790176426922_0y7tyx","search_click",2,79,"2026-09-15T01:37:41.347Z"
"int_1790176426922_ltm88bzfd","68e5331e5186f04dcdf2e9f6","68c5583b9869e837e80cea97","sess_explore_1790176426922_0y7tyx","like",3,0,"2026-09-15T01:37:51.347Z"
"int_1790176426814_oiwkmq0y9","6a833397cee036cbf121a877","68c5583b9869e837e80ce9d2","sess_1790176426812_cu6dyz4","view",1,85,"2026-09-15T01:42:22.665Z"
"int_1790176426814_cvsr0hxsh","6a833397cee036cbf121a877","68c5583b9869e837e80ce9dd","sess_1790176426812_cu6dyz4","view",1,172,"2026-09-15T01:42:22.665Z"
"int_1790176426814_hy4j2u7w5","6a833397cee036cbf121a877","68c5583b9869e837e80ce9ea","sess_1790176426812_cu6dyz4","view",1,38,"2026-09-15T01:42:22.665Z"
"int_1790176426814_5szmd7pky","6a833397cee036cbf121a877","68c5583b9869e837e80cea66","sess_1790176426812_cu6dyz4","view",1,159,"2026-09-15T01:42:22.665Z"
"int_1790176426814_d3u4u90zn","6a833397cee036cbf121a877","68c5583b9869e837e80ce9d2","sess_1790176426812_cu6dyz4","like",3,0,"2026-09-15T01:42:37.665Z"
"int_1790176426920_sd9i1wupe","6a7fc9164585d7fd0f495064","68c5583b9869e837e80cea2e","sess_explore_1790176426920_e7wh0f","view",1,56,"2026-09-15T01:56:05.919Z"
"int_1790176426920_c4j6w4ltw","6a833392cee036cbf121a82d","68c5583b9869e837e80cea2e","sess_explore_1790176426920_hicmaw","view",1,77,"2026-09-15T03:57:08.030Z"
"int_1790176426919_fldoyx4zj","6a833394cee036cbf121a84f","68c5583b9869e837e80ce982","sess_explore_1790176426919_5e08i3","view",1,44,"2026-09-15T04:12:55.969Z"
"int_1790176426924_dyjfa1tcs","6a833396cee036cbf121a867","68c5583b9869e837e80ceae7","sess_explore_1790176426924_u2pdcw","search_click",2,63,"2026-09-15T04:50:11.610Z"
"int_1790176426922_88xpqrjj5","6a833394cee036cbf121a847","68c5583b9869e837e80ceaad","sess_explore_1790176426922_yxy00w","search_click",2,60,"2026-09-15T04:50:24.491Z"
"int_1790176426922_69j70mlqb","6a833394cee036cbf121a847","68c5583b9869e837e80ceaad","sess_explore_1790176426922_yxy00w","like",3,0,"2026-09-15T04:50:34.491Z"
"int_1790176426650_3dpoj94oi","6a833395cee036cbf121a853","68c5583b9869e837e80cea00","sess_1790176426649_7isq6zc","view",1,107,"2026-09-15T05:05:56.640Z"
"int_1790176426650_n5r0g13j5","6a833395cee036cbf121a853","68c5583b9869e837e80ce995","sess_1790176426649_7isq6zc","view",1,150,"2026-09-15T05:05:56.640Z"
"int_1790176426650_fr28aq0cl","6a833395cee036cbf121a853","68c5583b9869e837e80ceae2","sess_1790176426649_7isq6zc","view",1,131,"2026-09-15T05:05:56.640Z"
"int_1790176426650_ulccwu3tn","6a833395cee036cbf121a853","68c5583b9869e837e80cea23","sess_1790176426649_7isq6zc","view",1,95,"2026-09-15T05:05:56.640Z"
"int_1790176426650_36icflk7e","6a833395cee036cbf121a853","68c5583b9869e837e80ceae2","sess_1790176426649_7isq6zc","like",3,0,"2026-09-15T05:06:11.640Z"
"int_1790176426650_y3fnmbn63","6a833395cee036cbf121a853","68c5583b9869e837e80cea23","sess_1790176426649_7isq6zc","like",3,0,"2026-09-15T05:06:11.640Z"
"int_1790176426650_2nlpb3gd1","6a833395cee036cbf121a853","68c5583b9869e837e80cea23","sess_1790176426649_7isq6zc","add_to_cart",5,0,"2026-09-15T05:06:31.640Z"
"int_1790176426496_u5259qol2","6a833393cee036cbf121a83b","68c5583b9869e837e80cea30","sess_1790176426494_f0hf3u9","view",1,125,"2026-09-15T05:08:52.845Z"
"int_1790176426496_hbgocs2gk","6a833393cee036cbf121a83b","68c5583b9869e837e80ce9dc","sess_1790176426494_f0hf3u9","view",1,127,"2026-09-15T05:08:52.845Z"
"int_1790176426496_3bsaihm3o","6a833393cee036cbf121a83b","68c5583b9869e837e80cea58","sess_1790176426494_f0hf3u9","view",1,141,"2026-09-15T05:08:52.845Z"
"int_1790176426496_fcxk7co5w","6a833393cee036cbf121a83b","68c5583b9869e837e80ce9fc","sess_1790176426494_f0hf3u9","view",1,180,"2026-09-15T05:08:52.845Z"
"int_1790176426496_qh0qj03ed","6a833393cee036cbf121a83b","68c5583b9869e837e80cea30","sess_1790176426494_f0hf3u9","like",3,0,"2026-09-15T05:09:07.845Z"
"int_1790176426496_zb73ulq6h","6a833393cee036cbf121a83b","68c5583b9869e837e80ce9dc","sess_1790176426494_f0hf3u9","like",3,0,"2026-09-15T05:09:07.845Z"
"int_1790176426496_e3mvhda8p","6a833393cee036cbf121a83b","68c5583b9869e837e80cea58","sess_1790176426494_f0hf3u9","like",3,0,"2026-09-15T05:09:07.845Z"
"int_1790176426496_su7xc1j1c","6a833393cee036cbf121a83b","68c5583b9869e837e80ce9fc","sess_1790176426494_f0hf3u9","like",3,0,"2026-09-15T05:09:07.845Z"
"int_1790176426412_wwpnt8sdb","6a833392cee036cbf121a829","68c5583b9869e837e80ce99f","sess_1790176426410_edf88nn","view",1,133,"2026-09-15T06:06:50.218Z"
"int_1790176426412_r207zx0qz","6a833392cee036cbf121a829","68c5583b9869e837e80cea07","sess_1790176426410_edf88nn","view",1,142,"2026-09-15T06:06:50.218Z"
"int_1790176426412_hawvps26i","6a833392cee036cbf121a829","68c5583b9869e837e80ce9a8","sess_1790176426410_edf88nn","view",1,142,"2026-09-15T06:06:50.218Z"
"int_1790176426412_gzsen71ab","6a833392cee036cbf121a829","68c5583b9869e837e80ce99f","sess_1790176426410_edf88nn","like",3,0,"2026-09-15T06:07:05.218Z"
"int_1790176426412_iblnkqckx","6a833392cee036cbf121a829","68c5583b9869e837e80cea07","sess_1790176426410_edf88nn","like",3,0,"2026-09-15T06:07:05.218Z"
"int_1790176426412_b9o67rbou","6a833392cee036cbf121a829","68c5583b9869e837e80ce99f","sess_1790176426410_edf88nn","add_to_cart",5,0,"2026-09-15T06:07:25.218Z"
"int_1790176426412_ad6hnhpdd","6a833392cee036cbf121a829","68c5583b9869e837e80ce99f","sess_1790176426410_edf88nn","purchase",10,0,"2026-09-15T06:07:50.218Z"
"int_1790176426923_drhut0j0z","6a833394cee036cbf121a84b","68c5583b9869e837e80ceacd","sess_explore_1790176426923_qvtt4g","view",1,82,"2026-09-15T06:24:29.826Z"
"int_1790176426876_fkjjmi6o8","6a833398cee036cbf121a881","68c5583b9869e837e80cea15","sess_1790176426874_yav1t5l","view",1,63,"2026-09-15T06:48:30.526Z"
"int_1790176426876_3x7xixyfp","6a833398cee036cbf121a881","68c5583b9869e837e80ce9bf","sess_1790176426874_yav1t5l","view",1,153,"2026-09-15T06:48:30.526Z"
"int_1790176426876_u4bihvgtr","6a833398cee036cbf121a881","68c5583b9869e837e80ce9d6","sess_1790176426874_yav1t5l","view",1,85,"2026-09-15T06:48:30.526Z"
"int_1790176426876_jfc4cpyse","6a833398cee036cbf121a881","68c5583b9869e837e80ce9bf","sess_1790176426874_yav1t5l","like",3,0,"2026-09-15T06:48:45.526Z"
"int_1790176426876_4to3ll8y8","6a833398cee036cbf121a881","68c5583b9869e837e80ce9bf","sess_1790176426874_yav1t5l","add_to_cart",5,0,"2026-09-15T06:49:05.526Z"
"int_1790176426727_4jrndwqyk","6a833396cee036cbf121a869","68c5583b9869e837e80ce98f","sess_1790176426725_fxy562f","view",1,141,"2026-09-15T09:41:36.142Z"
"int_1790176426727_mvwdfwgxy","6a833396cee036cbf121a869","68c5583b9869e837e80ce9f2","sess_1790176426725_fxy562f","view",1,80,"2026-09-15T09:41:36.142Z"
"int_1790176426727_ofv3vnp0d","6a833396cee036cbf121a869","68c5583b9869e837e80ce9fb","sess_1790176426725_fxy562f","view",1,125,"2026-09-15T09:41:36.142Z"
"int_1790176426727_ynelv2tep","6a833396cee036cbf121a869","68c5583b9869e837e80ce9f2","sess_1790176426725_fxy562f","like",3,0,"2026-09-15T09:41:51.142Z"
"int_1790176426727_rjg8usrf8","6a833396cee036cbf121a869","68c5583b9869e837e80ce9f2","sess_1790176426725_fxy562f","add_to_cart",5,0,"2026-09-15T09:42:11.142Z"
"int_1790176426925_e4uve8z57","6a833393cee036cbf121a843","68c5583b9869e837e80ceaf0","sess_explore_1790176426925_cverrh","view",1,59,"2026-09-15T09:52:24.628Z"
"int_1790176426921_hbhn647kp","6a7fc9164585d7fd0f495064","68c5583b9869e837e80cea43","sess_explore_1790176426921_712j41","view",1,69,"2026-09-15T11:36:50.971Z"
"int_1790176426922_nm40dya0z","6a83085d4d4fb77855083406","68c5583b9869e837e80ceabd","sess_explore_1790176426922_1zp15l","view",1,42,"2026-09-15T12:08:54.340Z"
"int_1790176426659_bo618y8d8","6a833395cee036cbf121a857","68c5583b9869e837e80ceaf1","sess_1790176426658_2upg8co","view",1,83,"2026-09-15T14:16:19.379Z"
"int_1790176426659_j84wkx8b4","6a833395cee036cbf121a857","68c5583b9869e837e80ceab3","sess_1790176426658_2upg8co","view",1,111,"2026-09-15T14:16:19.379Z"
"int_1790176426659_oai0a6cjb","6a833395cee036cbf121a857","68c5583b9869e837e80ce9ea","sess_1790176426658_2upg8co","view",1,59,"2026-09-15T14:16:19.379Z"
"int_1790176426923_xgipqziow","6a833394cee036cbf121a849","68c5583b9869e837e80ceac8","sess_explore_1790176426923_zvoukl","search_click",2,67,"2026-09-15T14:45:56.208Z"
"int_1790176426923_ygft7fg0o","6a833394cee036cbf121a849","68c5583b9869e837e80ceac8","sess_explore_1790176426923_zvoukl","like",3,0,"2026-09-15T14:46:06.208Z"
"int_1790176426924_5rbc3pik6","6a833393cee036cbf121a837","68c5583b9869e837e80cead6","sess_explore_1790176426924_tgmglk","view",1,68,"2026-09-15T15:03:31.006Z"
"int_1790176426924_na6hew9ur","6a833393cee036cbf121a837","68c5583b9869e837e80cead6","sess_explore_1790176426924_tgmglk","like",3,0,"2026-09-15T15:03:41.006Z"
"int_1790176426921_0x1as4550","6a833393cee036cbf121a83b","68c5583b9869e837e80cea43","sess_explore_1790176426921_a2r7f5","search_click",2,85,"2026-09-15T16:52:02.877Z"
"int_1790176426717_4ho60aep4","6a833396cee036cbf121a865","68c5583b9869e837e80ce996","sess_1790176426715_tnmy0m1","view",1,150,"2026-09-15T18:18:55.694Z"
"int_1790176426717_uiiuc5aqh","6a833396cee036cbf121a865","68c5583b9869e837e80ce9d6","sess_1790176426715_tnmy0m1","view",1,104,"2026-09-15T18:18:55.694Z"
"int_1790176426717_3p5dnb270","6a833396cee036cbf121a865","68c5583b9869e837e80ce989","sess_1790176426715_tnmy0m1","view",1,147,"2026-09-15T18:18:55.694Z"
"int_1790176426717_saep5cxus","6a833396cee036cbf121a865","68c5583b9869e837e80ce9d6","sess_1790176426715_tnmy0m1","add_to_cart",5,0,"2026-09-15T18:19:30.694Z"
"int_1790176426717_15vdchjxi","6a833396cee036cbf121a865","68c5583b9869e837e80ce989","sess_1790176426715_tnmy0m1","add_to_cart",5,0,"2026-09-15T18:19:30.694Z"
"int_1790176426717_ow5cmm07m","6a833396cee036cbf121a865","68c5583b9869e837e80ce9d6","sess_1790176426715_tnmy0m1","purchase",10,0,"2026-09-15T18:19:55.694Z"
"int_1790176426919_w9cs7rs6b","6a833395cee036cbf121a85d","68c5583b9869e837e80ce9db","sess_explore_1790176426919_i6s5vj","search_click",2,41,"2026-09-15T18:34:35.162Z"
"int_1790176426737_01obkdowz","6a833396cee036cbf121a86b","68c5583b9869e837e80ce9af","sess_1790176426734_eekakfa","view",1,131,"2026-09-15T19:33:00.545Z"
"int_1790176426737_3sujiz1h0","6a833396cee036cbf121a86b","68c5583b9869e837e80ce9e7","sess_1790176426734_eekakfa","view",1,173,"2026-09-15T19:33:00.545Z"
"int_1790176426737_jflbykoxb","6a833396cee036cbf121a86b","68c5583b9869e837e80ce9a2","sess_1790176426734_eekakfa","view",1,177,"2026-09-15T19:33:00.545Z"
"int_1790176426737_teqm5yqpl","6a833396cee036cbf121a86b","68c5583b9869e837e80ce9e7","sess_1790176426734_eekakfa","like",3,0,"2026-09-15T19:33:15.545Z"
"int_1790176426923_oj7gt4cbh","6a833391cee036cbf121a825","68c5583b9869e837e80ceac0","sess_explore_1790176426923_h6mqtb","search_click",2,66,"2026-09-15T19:52:19.330Z"
"int_1790176426923_z7aa3ytm7","6a833395cee036cbf121a859","68c5583b9869e837e80cead0","sess_explore_1790176426923_4zhsnf","view",1,46,"2026-09-15T20:08:55.166Z"
"int_1790176426919_cly6500qq","6a833397cee036cbf121a87b","68c5583b9869e837e80ce9b7","sess_explore_1790176426919_11ysql","view",1,53,"2026-09-15T20:26:32.333Z"
"int_1790176426923_67p5l9bvp","6a833392cee036cbf121a82d","68c5583b9869e837e80ceace","sess_explore_1790176426923_j7n9ov","view",1,83,"2026-09-15T20:44:19.536Z"
"int_1790176426920_19h0uqa7l","6a833394cee036cbf121a845","68c5583b9869e837e80ce9e3","sess_explore_1790176426920_5qjtmv","view",1,84,"2026-09-15T21:00:55.035Z"
"int_1790176426924_h3ei1w0wh","6a833396cee036cbf121a869","68c5583b9869e837e80ceae5","sess_explore_1790176426924_8ztv0m","view",1,85,"2026-09-15T21:24:08.099Z"
"int_1790176426923_ihhvvsy2o","6a833393cee036cbf121a835","68c5583b9869e837e80ceaca","sess_explore_1790176426923_rc4zlv","view",1,57,"2026-09-15T21:35:17.643Z"
"int_1790176426922_o8m6tec82","6a833393cee036cbf121a837","68c5583b9869e837e80cea8d","sess_explore_1790176426922_58mh26","view",1,37,"2026-09-15T22:47:21.065Z"
"int_1790176426922_s7lq3pgyt","6a833393cee036cbf121a837","68c5583b9869e837e80cea8d","sess_explore_1790176426922_58mh26","like",3,0,"2026-09-15T22:47:31.065Z"
"int_1790176426919_fb88qo53w","6a833396cee036cbf121a867","68c5583b9869e837e80ce9cc","sess_explore_1790176426919_eq1xlu","view",1,41,"2026-09-15T23:34:12.882Z"
"int_1790176426923_asks35j84","6914018db8d9d9ea54857a42","68c5583b9869e837e80ceac9","sess_explore_1790176426923_5wepvs","search_click",2,35,"2026-09-16T00:24:18.710Z"
"int_1790176426924_fjkq9c1xt","6a833392cee036cbf121a829","68c5583b9869e837e80ceae4","sess_explore_1790176426924_21i4u8","view",1,89,"2026-09-16T01:02:16.626Z"
"int_1790176426921_ub7zmpmed","6a833393cee036cbf121a83d","68c5583b9869e837e80cea49","sess_explore_1790176426921_33nxxr","search_click",2,61,"2026-09-16T01:50:05.543Z"
"int_1790176426919_k4fms4kk8","6a833395cee036cbf121a85f","68c5583b9869e837e80ce9bd","sess_explore_1790176426919_atxcm3","view",1,36,"2026-09-16T02:18:48.576Z"
"int_1790176426920_95zk9yqeb","6a833392cee036cbf121a831","68c5583b9869e837e80cea0c","sess_explore_1790176426920_x2b4wz","search_click",2,86,"2026-09-16T02:19:03.249Z"
"int_1790176426920_oofpjczkz","6a833392cee036cbf121a831","68c5583b9869e837e80cea0c","sess_explore_1790176426920_x2b4wz","like",3,0,"2026-09-16T02:19:13.249Z"
"int_1790176426919_39lhn9o38","6a833392cee036cbf121a82d","68c5583b9869e837e80ce99b","sess_explore_1790176426919_5h2uff","view",1,57,"2026-09-16T04:08:20.690Z"
"int_1790176426636_bv4lsdd20","6a833394cee036cbf121a851","68c5583b9869e837e80cea15","sess_1790176426634_k8f9j5r","view",1,173,"2026-09-16T04:36:03.121Z"
"int_1790176426636_a04lorv7m","6a833394cee036cbf121a851","68c5583b9869e837e80ce9ec","sess_1790176426634_k8f9j5r","view",1,134,"2026-09-16T04:36:03.121Z"
"int_1790176426636_l3pezujnu","6a833394cee036cbf121a851","68c5583b9869e837e80ceab8","sess_1790176426634_k8f9j5r","view",1,110,"2026-09-16T04:36:03.121Z"
"int_1790176426636_04mv4lau6","6a833394cee036cbf121a851","68c5583b9869e837e80ce9e1","sess_1790176426634_k8f9j5r","view",1,87,"2026-09-16T04:36:03.121Z"
"int_1790176426636_i85kvjcjx","6a833394cee036cbf121a851","68c5583b9869e837e80ce9ec","sess_1790176426634_k8f9j5r","like",3,0,"2026-09-16T04:36:18.121Z"
"int_1790176426636_3aw6v4gqt","6a833394cee036cbf121a851","68c5583b9869e837e80ce9e1","sess_1790176426634_k8f9j5r","like",3,0,"2026-09-16T04:36:18.121Z"
"int_1790176426921_dncgq4amk","6a833397cee036cbf121a875","68c5583b9869e837e80cea4b","sess_explore_1790176426921_71m96j","view",1,27,"2026-09-16T07:03:25.661Z"
"int_1790176426921_t52x8p9wi","6a833397cee036cbf121a875","68c5583b9869e837e80cea4b","sess_explore_1790176426921_71m96j","like",3,0,"2026-09-16T07:03:35.661Z"
"int_1790176426859_r0ro22v5l","6a833397cee036cbf121a87d","68c5583b9869e837e80ceaf8","sess_1790176426857_g7xbawj","view",1,20,"2026-09-16T07:13:43.757Z"
"int_1790176426859_5j5saqpzt","6a833397cee036cbf121a87d","68c5583b9869e837e80cea7c","sess_1790176426857_g7xbawj","view",1,80,"2026-09-16T07:13:43.757Z"
"int_1790176426859_4wqkjwim9","6a833397cee036cbf121a87d","68c5583b9869e837e80cea40","sess_1790176426857_g7xbawj","view",1,144,"2026-09-16T07:13:43.757Z"
"int_1790176426859_bv6a65nnt","6a833397cee036cbf121a87d","68c5583b9869e837e80ce9a6","sess_1790176426857_g7xbawj","view",1,22,"2026-09-16T07:13:43.757Z"
"int_1790176426859_zbh22jr6m","6a833397cee036cbf121a87d","68c5583b9869e837e80cea7c","sess_1790176426857_g7xbawj","like",3,0,"2026-09-16T07:13:58.757Z"
"int_1790176426859_fun8qwgn7","6a833397cee036cbf121a87d","68c5583b9869e837e80ce9a6","sess_1790176426857_g7xbawj","like",3,0,"2026-09-16T07:13:58.757Z"
"int_1790176426920_hxkhnd0js","6a833396cee036cbf121a861","68c5583b9869e837e80cea0c","sess_explore_1790176426920_e650i1","search_click",2,35,"2026-09-16T09:24:29.544Z"
"int_1790176426920_dv5uwv3nw","6a833396cee036cbf121a86f","68c5583b9869e837e80cea08","sess_explore_1790176426920_6weapr","search_click",2,27,"2026-09-16T09:26:21.279Z"
"int_1790176426357_0il0d58em","68e5331e5186f04dcdf2e9f6","68c5583b9869e837e80ce9a5","sess_1790176426353_eiiuktr","view",1,156,"2026-09-16T09:45:30.062Z"
"int_1790176426357_khyi654nl","68e5331e5186f04dcdf2e9f6","68c5583b9869e837e80cea7f","sess_1790176426353_eiiuktr","view",1,50,"2026-09-16T09:45:30.062Z"
"int_1790176426357_5z29ticga","68e5331e5186f04dcdf2e9f6","68c5583b9869e837e80ce9ee","sess_1790176426353_eiiuktr","view",1,175,"2026-09-16T09:45:30.062Z"
"int_1790176426924_6sgl1yonc","6a833396cee036cbf121a867","68c5583b9869e837e80ceadf","sess_explore_1790176426924_fx77od","view",1,36,"2026-09-16T09:59:05.705Z"
"int_1790176426691_oobh3lwif","6a833395cee036cbf121a85f","68c5583b9869e837e80cea03","sess_1790176426689_30o3a2d","view",1,55,"2026-09-16T10:54:59.738Z"
"int_1790176426691_emtdirhlr","6a833395cee036cbf121a85f","68c5583b9869e837e80ce9df","sess_1790176426689_30o3a2d","view",1,179,"2026-09-16T10:54:59.738Z"
"int_1790176426691_21ihl1qid","6a833395cee036cbf121a85f","68c5583b9869e837e80cea1c","sess_1790176426689_30o3a2d","view",1,59,"2026-09-16T10:54:59.738Z"
"int_1790176426691_wmd7x19h0","6a833395cee036cbf121a85f","68c5583b9869e837e80ce9df","sess_1790176426689_30o3a2d","like",3,0,"2026-09-16T10:55:14.738Z"
"int_1790176426691_gyyrcwrx6","6a833395cee036cbf121a85f","68c5583b9869e837e80cea1c","sess_1790176426689_30o3a2d","like",3,0,"2026-09-16T10:55:14.738Z"
"int_1790176426416_mpvbm30sa","6a833392cee036cbf121a82b","68c5583b9869e837e80cea30","sess_1790176426415_c1sewhb","view",1,178,"2026-09-16T12:26:32.862Z"
"int_1790176426416_ifyck924b","6a833392cee036cbf121a82b","68c5583b9869e837e80cea29","sess_1790176426415_c1sewhb","view",1,45,"2026-09-16T12:26:32.862Z"
"int_1790176426416_ju5wzctml","6a833392cee036cbf121a82b","68c5583b9869e837e80ce9af","sess_1790176426415_c1sewhb","view",1,85,"2026-09-16T12:26:32.862Z"
"int_1790176426416_flub3mvqt","6a833392cee036cbf121a82b","68c5583b9869e837e80cea1b","sess_1790176426415_c1sewhb","view",1,180,"2026-09-16T12:26:32.862Z"
"int_1790176426416_oj65acwpj","6a833392cee036cbf121a82b","68c5583b9869e837e80cea46","sess_1790176426415_c1sewhb","view",1,76,"2026-09-16T12:26:32.862Z"
"int_1790176426416_6af59t78t","6a833392cee036cbf121a82b","68c5583b9869e837e80cea29","sess_1790176426415_c1sewhb","like",3,0,"2026-09-16T12:26:47.862Z"
"int_1790176426416_i0t37oi0t","6a833392cee036cbf121a82b","68c5583b9869e837e80ce9af","sess_1790176426415_c1sewhb","like",3,0,"2026-09-16T12:26:47.862Z"
"int_1790176426416_x4kgqi6sh","6a833392cee036cbf121a82b","68c5583b9869e837e80cea1b","sess_1790176426415_c1sewhb","like",3,0,"2026-09-16T12:26:47.862Z"
"int_1790176426416_6vcx9x4mh","6a833392cee036cbf121a82b","68c5583b9869e837e80cea46","sess_1790176426415_c1sewhb","add_to_cart",5,0,"2026-09-16T12:27:07.862Z"
"int_1790176426923_4jj0wu1qw","6a833392cee036cbf121a827","68c5583b9869e837e80ceaca","sess_explore_1790176426923_d4gxr7","search_click",2,79,"2026-09-16T12:51:46.706Z"
"int_1790176426919_r7t3id4dm","6a833395cee036cbf121a85b","68c5583b9869e837e80ce981","sess_explore_1790176426919_ywz2hy","search_click",2,58,"2026-09-16T13:50:44.079Z"
"int_1790176426923_01t8vr3ol","6a833394cee036cbf121a851","68c5583b9869e837e80ceacb","sess_explore_1790176426923_7oyfpn","search_click",2,61,"2026-09-16T14:06:45.157Z"
"int_1790176426923_9benua890","6a833395cee036cbf121a857","68c5583b9869e837e80ceaca","sess_explore_1790176426923_w1q9do","view",1,32,"2026-09-16T14:50:32.403Z"
"int_1790176426491_rl0vz2o5n","6a833393cee036cbf121a83b","68c5583b9869e837e80cea60","sess_1790176426489_xc0ig22","view",1,171,"2026-09-16T15:27:29.648Z"
"int_1790176426491_tc2poultg","6a833393cee036cbf121a83b","68c5583b9869e837e80cea3c","sess_1790176426489_xc0ig22","view",1,73,"2026-09-16T15:27:29.648Z"
"int_1790176426491_fr519tec3","6a833393cee036cbf121a83b","68c5583b9869e837e80cea63","sess_1790176426489_xc0ig22","view",1,154,"2026-09-16T15:27:29.648Z"
"int_1790176426491_xymq6aphh","6a833393cee036cbf121a83b","68c5583b9869e837e80ce976","sess_1790176426489_xc0ig22","view",1,63,"2026-09-16T15:27:29.648Z"
"int_1790176426491_ftx321pz6","6a833393cee036cbf121a83b","68c5583b9869e837e80cea60","sess_1790176426489_xc0ig22","like",3,0,"2026-09-16T15:27:44.648Z"
"int_1790176426491_qa2r7vqq8","6a833393cee036cbf121a83b","68c5583b9869e837e80cea63","sess_1790176426489_xc0ig22","like",3,0,"2026-09-16T15:27:44.648Z"
"int_1790176426491_oen2km7ed","6a833393cee036cbf121a83b","68c5583b9869e837e80cea63","sess_1790176426489_xc0ig22","add_to_cart",5,0,"2026-09-16T15:28:04.648Z"
"int_1790176426491_pwqm1fbjy","6a833393cee036cbf121a83b","68c5583b9869e837e80cea63","sess_1790176426489_xc0ig22","purchase",10,0,"2026-09-16T15:28:29.648Z"
"int_1790176426922_u1e7vuxnr","6a833397cee036cbf121a875","68c5583b9869e837e80cea83","sess_explore_1790176426922_yg7s23","view",1,32,"2026-09-16T16:01:30.962Z"
"int_1790176426921_n77w284pr","6a83085d4d4fb77855083406","68c5583b9869e837e80cea55","sess_explore_1790176426921_jm59ng","view",1,78,"2026-09-16T16:36:40.042Z"
"int_1790176426487_4qmtwbjmj","6a833393cee036cbf121a839","68c5583b9869e837e80ce9f6","sess_1790176426485_zauy1d4","view",1,81,"2026-09-16T16:40:16.368Z"
"int_1790176426487_i8yc7b032","6a833393cee036cbf121a839","68c5583b9869e837e80cea0b","sess_1790176426485_zauy1d4","view",1,104,"2026-09-16T16:40:16.368Z"
"int_1790176426487_hskn8ownn","6a833393cee036cbf121a839","68c5583b9869e837e80ce992","sess_1790176426485_zauy1d4","view",1,116,"2026-09-16T16:40:16.368Z"
"int_1790176426487_7s3swk7c5","6a833393cee036cbf121a839","68c5583b9869e837e80ce9f6","sess_1790176426485_zauy1d4","like",3,0,"2026-09-16T16:40:31.368Z"
"int_1790176426487_w9c44pxyu","6a833393cee036cbf121a839","68c5583b9869e837e80ce992","sess_1790176426485_zauy1d4","like",3,0,"2026-09-16T16:40:31.368Z"
"int_1790176426922_7k1q7kgic","6a833398cee036cbf121a885","68c5583b9869e837e80ceaad","sess_explore_1790176426922_1xiiui","view",1,57,"2026-09-16T18:02:02.767Z"
"int_1790176426922_m7z27up2e","6a833393cee036cbf121a839","68c5583b9869e837e80cea8b","sess_explore_1790176426922_7nu7bv","view",1,86,"2026-09-16T18:28:12.170Z"
"int_1790176426922_j9q63z0ru","6a833393cee036cbf121a839","68c5583b9869e837e80cea8b","sess_explore_1790176426922_7nu7bv","like",3,0,"2026-09-16T18:28:22.170Z"
"int_1790176426851_a4nt146g7","6a833397cee036cbf121a87b","68c5583b9869e837e80cea63","sess_1790176426850_38905lz","view",1,157,"2026-09-16T18:35:33.576Z"
"int_1790176426851_yf0grsrru","6a833397cee036cbf121a87b","68c5583b9869e837e80cea42","sess_1790176426850_38905lz","view",1,60,"2026-09-16T18:35:33.576Z"
"int_1790176426851_q5dddf8n3","6a833397cee036cbf121a87b","68c5583b9869e837e80ce9fc","sess_1790176426850_38905lz","view",1,124,"2026-09-16T18:35:33.576Z"
"int_1790176426851_6ddrbelqn","6a833397cee036cbf121a87b","68c5583b9869e837e80ce9de","sess_1790176426850_38905lz","view",1,31,"2026-09-16T18:35:33.576Z"
"int_1790176426851_8f45iwufq","6a833397cee036cbf121a87b","68c5583b9869e837e80cea63","sess_1790176426850_38905lz","like",3,0,"2026-09-16T18:35:48.576Z"
"int_1790176426851_ejnfxqflc","6a833397cee036cbf121a87b","68c5583b9869e837e80cea42","sess_1790176426850_38905lz","like",3,0,"2026-09-16T18:35:48.576Z"
"int_1790176426851_nrg7lzwb8","6a833397cee036cbf121a87b","68c5583b9869e837e80cea42","sess_1790176426850_38905lz","add_to_cart",5,0,"2026-09-16T18:36:08.576Z"
"int_1790176426851_k3j116e1m","6a833397cee036cbf121a87b","68c5583b9869e837e80ce9fc","sess_1790176426850_38905lz","add_to_cart",5,0,"2026-09-16T18:36:08.576Z"
"int_1790176426851_jm5wve2wd","6a833397cee036cbf121a87b","68c5583b9869e837e80ce9de","sess_1790176426850_38905lz","add_to_cart",5,0,"2026-09-16T18:36:08.576Z"
"int_1790176426551_sbunwr32c","6a833394cee036cbf121a845","68c5583b9869e837e80ce996","sess_1790176426550_eofgg7r","view",1,106,"2026-09-16T19:25:35.950Z"
"int_1790176426551_df7e5yf01","6a833394cee036cbf121a845","68c5583b9869e837e80ce98b","sess_1790176426550_eofgg7r","view",1,93,"2026-09-16T19:25:35.950Z"
"int_1790176426551_vacxtctt1","6a833394cee036cbf121a845","68c5583b9869e837e80cea1d","sess_1790176426550_eofgg7r","view",1,119,"2026-09-16T19:25:35.950Z"
"int_1790176426551_uey0rrfd3","6a833394cee036cbf121a845","68c5583b9869e837e80ce976","sess_1790176426550_eofgg7r","view",1,173,"2026-09-16T19:25:35.950Z"
"int_1790176426551_j7ytj8xen","6a833394cee036cbf121a845","68c5583b9869e837e80cea1d","sess_1790176426550_eofgg7r","like",3,0,"2026-09-16T19:25:50.950Z"
"int_1790176426551_jt19iv47c","6a833394cee036cbf121a845","68c5583b9869e837e80ce976","sess_1790176426550_eofgg7r","add_to_cart",5,0,"2026-09-16T19:26:10.950Z"
"int_1790176426551_08njyfitr","6a833394cee036cbf121a845","68c5583b9869e837e80ce976","sess_1790176426550_eofgg7r","purchase",10,0,"2026-09-16T19:26:35.950Z"
"int_1790176426793_8gks6g703","6a833397cee036cbf121a871","68c5583b9869e837e80cea15","sess_1790176426790_3minhfq","view",1,176,"2026-09-16T20:38:19.237Z"
"int_1790176426793_xj6mji9g0","6a833397cee036cbf121a871","68c5583b9869e837e80ce9e0","sess_1790176426790_3minhfq","view",1,109,"2026-09-16T20:38:19.237Z"
"int_1790176426793_v0r5g89th","6a833397cee036cbf121a871","68c5583b9869e837e80ce989","sess_1790176426790_3minhfq","view",1,125,"2026-09-16T20:38:19.237Z"
"int_1790176426793_5w638itaj","6a833397cee036cbf121a871","68c5583b9869e837e80ce988","sess_1790176426790_3minhfq","view",1,169,"2026-09-16T20:38:19.237Z"
"int_1790176426793_9xq1cpy6p","6a833397cee036cbf121a871","68c5583b9869e837e80cea15","sess_1790176426790_3minhfq","like",3,0,"2026-09-16T20:38:34.237Z"
"int_1790176426793_7t0wju5z5","6a833397cee036cbf121a871","68c5583b9869e837e80ce9e0","sess_1790176426790_3minhfq","add_to_cart",5,0,"2026-09-16T20:38:54.237Z"
"int_1790176426793_1v1xjaykv","6a833397cee036cbf121a871","68c5583b9869e837e80ce9e0","sess_1790176426790_3minhfq","purchase",10,0,"2026-09-16T20:39:19.237Z"
"int_1790176426704_5a2muygvv","6a833396cee036cbf121a863","68c5583b9869e837e80cea2d","sess_1790176426703_4ctuwed","view",1,150,"2026-09-16T22:10:58.411Z"
"int_1790176426704_j8x7jh2y7","6a833396cee036cbf121a863","68c5583b9869e837e80cea45","sess_1790176426703_4ctuwed","view",1,86,"2026-09-16T22:10:58.411Z"
"int_1790176426704_loexhzc9b","6a833396cee036cbf121a863","68c5583b9869e837e80cead7","sess_1790176426703_4ctuwed","view",1,120,"2026-09-16T22:10:58.411Z"
"int_1790176426704_dnk0b2ncz","6a833396cee036cbf121a863","68c5583b9869e837e80ceae2","sess_1790176426703_4ctuwed","view",1,150,"2026-09-16T22:10:58.411Z"
"int_1790176426704_cd9p4qx8r","6a833396cee036cbf121a863","68c5583b9869e837e80cea2d","sess_1790176426703_4ctuwed","like",3,0,"2026-09-16T22:11:13.411Z"
"int_1790176426704_1irpilykv","6a833396cee036cbf121a863","68c5583b9869e837e80ceae2","sess_1790176426703_4ctuwed","like",3,0,"2026-09-16T22:11:13.411Z"
"int_1790176426704_90s61dk74","6a833396cee036cbf121a863","68c5583b9869e837e80cead7","sess_1790176426703_4ctuwed","add_to_cart",5,0,"2026-09-16T22:11:33.411Z"
"int_1790176426704_kpey8je9b","6a833396cee036cbf121a863","68c5583b9869e837e80cead7","sess_1790176426703_4ctuwed","purchase",10,0,"2026-09-16T22:11:58.411Z"
"int_1790176426922_28te79j3i","6a833395cee036cbf121a85f","68c5583b9869e837e80ceaa0","sess_explore_1790176426922_cx66dr","search_click",2,76,"2026-09-16T22:46:25.592Z"
"int_1790176426920_2vm46h7qm","6a833391cee036cbf121a825","68c5583b9869e837e80cea09","sess_explore_1790176426920_0jn62c","view",1,52,"2026-09-17T00:20:33.925Z"
"int_1790176426921_sih0d90g9","6a833393cee036cbf121a837","68c5583b9869e837e80cea37","sess_explore_1790176426921_mzqkrl","view",1,30,"2026-09-17T00:38:55.421Z"
"int_1790176426921_39mpej73f","6a833393cee036cbf121a837","68c5583b9869e837e80cea37","sess_explore_1790176426921_mzqkrl","like",3,0,"2026-09-17T00:39:05.421Z"
"int_1790176426435_vmpj62iza","6a833392cee036cbf121a82d","68c5583b9869e837e80ceafc","sess_1790176426433_zibpcsw","view",1,150,"2026-09-17T01:12:27.457Z"
"int_1790176426435_q1h6c4sxb","6a833392cee036cbf121a82d","68c5583b9869e837e80cea8f","sess_1790176426433_zibpcsw","view",1,49,"2026-09-17T01:12:27.457Z"
"int_1790176426435_3hrdi5imz","6a833392cee036cbf121a82d","68c5583b9869e837e80ceaf8","sess_1790176426433_zibpcsw","view",1,37,"2026-09-17T01:12:27.457Z"
"int_1790176426435_8fxpeudhg","6a833392cee036cbf121a82d","68c5583b9869e837e80ceaba","sess_1790176426433_zibpcsw","view",1,57,"2026-09-17T01:12:27.457Z"
"int_1790176426435_ly438idxw","6a833392cee036cbf121a82d","68c5583b9869e837e80cea3e","sess_1790176426433_zibpcsw","view",1,113,"2026-09-17T01:12:27.457Z"
"int_1790176426435_su5ry8om3","6a833392cee036cbf121a82d","68c5583b9869e837e80cea8f","sess_1790176426433_zibpcsw","like",3,0,"2026-09-17T01:12:42.457Z"
"int_1790176426435_zp6lpvqvd","6a833392cee036cbf121a82d","68c5583b9869e837e80ceaf8","sess_1790176426433_zibpcsw","like",3,0,"2026-09-17T01:12:42.457Z"
"int_1790176426435_kodk6rozg","6a833392cee036cbf121a82d","68c5583b9869e837e80ceaba","sess_1790176426433_zibpcsw","like",3,0,"2026-09-17T01:12:42.457Z"
"int_1790176426435_ezoe25rns","6a833392cee036cbf121a82d","68c5583b9869e837e80cea3e","sess_1790176426433_zibpcsw","add_to_cart",5,0,"2026-09-17T01:13:02.457Z"
"int_1790176426925_d4g0h2itz","6a833392cee036cbf121a833","68c5583b9869e837e80ceaed","sess_explore_1790176426925_3m6m3b","search_click",2,30,"2026-09-17T03:13:13.082Z"
"int_1790176426921_g2cpr5dld","6a833394cee036cbf121a847","68c5583b9869e837e80cea6d","sess_explore_1790176426921_xexd0u","search_click",2,60,"2026-09-17T03:34:39.092Z"
"int_1790176426922_imqykshez","6a833397cee036cbf121a87d","68c5583b9869e837e80cea9e","sess_explore_1790176426922_md55ts","view",1,35,"2026-09-17T04:58:59.854Z"
"int_1790176426922_qgqvlfg50","6a833397cee036cbf121a87d","68c5583b9869e837e80cea9e","sess_explore_1790176426922_md55ts","like",3,0,"2026-09-17T04:59:09.854Z"
"int_1790176426810_m0yy1thea","6a833397cee036cbf121a875","68c5583b9869e837e80ce9e1","sess_1790176426809_fk85qur","view",1,66,"2026-09-17T05:11:23.129Z"
"int_1790176426810_3td3vxvaz","6a833397cee036cbf121a875","68c5583b9869e837e80cea1d","sess_1790176426809_fk85qur","view",1,38,"2026-09-17T05:11:23.129Z"
"int_1790176426810_4yzqgbec7","6a833397cee036cbf121a875","68c5583b9869e837e80ceac2","sess_1790176426809_fk85qur","view",1,88,"2026-09-17T05:11:23.129Z"
"int_1790176426810_r2efp7fcs","6a833397cee036cbf121a875","68c5583b9869e837e80ceac2","sess_1790176426809_fk85qur","like",3,0,"2026-09-17T05:11:38.129Z"
"int_1790176426810_hegqfj120","6a833397cee036cbf121a875","68c5583b9869e837e80ce9e1","sess_1790176426809_fk85qur","add_to_cart",5,0,"2026-09-17T05:11:58.129Z"
"int_1790176426477_grl7n2w69","6a833393cee036cbf121a837","68c5583b9869e837e80cea73","sess_1790176426476_rgew93m","view",1,169,"2026-09-17T06:12:08.803Z"
"int_1790176426477_nog0rf6b5","6a833393cee036cbf121a837","68c5583b9869e837e80cea78","sess_1790176426476_rgew93m","view",1,91,"2026-09-17T06:12:08.803Z"
"int_1790176426477_8wscnct20","6a833393cee036cbf121a837","68c5583b9869e837e80ce9ea","sess_1790176426476_rgew93m","view",1,162,"2026-09-17T06:12:08.803Z"
"int_1790176426477_y93fyj6ru","6a833393cee036cbf121a837","68c5583b9869e837e80ce9ea","sess_1790176426476_rgew93m","like",3,0,"2026-09-17T06:12:23.803Z"
"int_1790176426503_pqasuja6r","6a833393cee036cbf121a83d","68c5583b9869e837e80ce9a7","sess_1790176426501_nnudu3g","view",1,20,"2026-09-17T06:37:10.083Z"
"int_1790176426503_s3dh833u8","6a833393cee036cbf121a83d","68c5583b9869e837e80ce9b4","sess_1790176426501_nnudu3g","view",1,96,"2026-09-17T06:37:10.083Z"
"int_1790176426503_xk5ws808v","6a833393cee036cbf121a83d","68c5583b9869e837e80ce994","sess_1790176426501_nnudu3g","view",1,76,"2026-09-17T06:37:10.083Z"
"int_1790176426503_8jsxc6two","6a833393cee036cbf121a83d","68c5583b9869e837e80ce996","sess_1790176426501_nnudu3g","view",1,79,"2026-09-17T06:37:10.083Z"
"int_1790176426503_ti9gnztgw","6a833393cee036cbf121a83d","68c5583b9869e837e80cea96","sess_1790176426501_nnudu3g","view",1,28,"2026-09-17T06:37:10.083Z"
"int_1790176426503_w7xa45vtx","6a833393cee036cbf121a83d","68c5583b9869e837e80ce9a7","sess_1790176426501_nnudu3g","like",3,0,"2026-09-17T06:37:25.083Z"
"int_1790176426503_iph7v9go9","6a833393cee036cbf121a83d","68c5583b9869e837e80ce994","sess_1790176426501_nnudu3g","like",3,0,"2026-09-17T06:37:25.083Z"
"int_1790176426503_q6583m159","6a833393cee036cbf121a83d","68c5583b9869e837e80ce996","sess_1790176426501_nnudu3g","like",3,0,"2026-09-17T06:37:25.083Z"
"int_1790176426922_xsrs10ak1","6a833395cee036cbf121a855","68c5583b9869e837e80ceab9","sess_explore_1790176426922_lohsmp","search_click",2,40,"2026-09-17T06:37:43.731Z"
"int_1790176426921_dgl8mxxg8","6a833397cee036cbf121a87d","68c5583b9869e837e80cea6f","sess_explore_1790176426921_zpw06c","view",1,82,"2026-09-17T08:07:06.987Z"
"int_1790176426922_bcswk8by5","6a833395cee036cbf121a85d","68c5583b9869e837e80cea98","sess_explore_1790176426922_95n8gb","search_click",2,69,"2026-09-17T10:36:17.154Z"
"int_1790176426922_9yng8juqa","6a833395cee036cbf121a85d","68c5583b9869e837e80cea98","sess_explore_1790176426922_95n8gb","like",3,0,"2026-09-17T10:36:27.154Z"
"int_1790176426805_68goe5a8z","6a833397cee036cbf121a875","68c5583b9869e837e80ce9e2","sess_1790176426804_rtqupkj","view",1,26,"2026-09-17T11:23:37.476Z"
"int_1790176426805_7ll218dy1","6a833397cee036cbf121a875","68c5583b9869e837e80ce996","sess_1790176426804_rtqupkj","view",1,86,"2026-09-17T11:23:37.476Z"
"int_1790176426805_sfub0o8dm","6a833397cee036cbf121a875","68c5583b9869e837e80ceaa6","sess_1790176426804_rtqupkj","view",1,59,"2026-09-17T11:23:37.476Z"
"int_1790176426805_s2gm44b41","6a833397cee036cbf121a875","68c5583b9869e837e80ce996","sess_1790176426804_rtqupkj","add_to_cart",5,0,"2026-09-17T11:24:12.476Z"
"int_1790176426818_0yb4q5h9n","6a833397cee036cbf121a877","68c5583b9869e837e80ce97f","sess_1790176426816_4hn41ur","view",1,173,"2026-09-17T12:25:58.818Z"
"int_1790176426818_6yyz595za","6a833397cee036cbf121a877","68c5583b9869e837e80cea74","sess_1790176426816_4hn41ur","view",1,41,"2026-09-17T12:25:58.818Z"
"int_1790176426818_n5enseh3z","6a833397cee036cbf121a877","68c5583b9869e837e80ce98f","sess_1790176426816_4hn41ur","view",1,129,"2026-09-17T12:25:58.818Z"
"int_1790176426818_vx57x8sxr","6a833397cee036cbf121a877","68c5583b9869e837e80ce97f","sess_1790176426816_4hn41ur","like",3,0,"2026-09-17T12:26:13.818Z"
"int_1790176426818_ycj2jkdq6","6a833397cee036cbf121a877","68c5583b9869e837e80ce98f","sess_1790176426816_4hn41ur","like",3,0,"2026-09-17T12:26:13.818Z"
"int_1790176426921_uwkbsttpg","6a27ed55b6d7638a2acaa654","68c5583b9869e837e80cea5d","sess_explore_1790176426921_ghzrsd","search_click",2,34,"2026-09-17T12:54:08.206Z"
"int_1790176426919_jsw4bvxsf","6a833398cee036cbf121a883","68c5583b9869e837e80ce9cf","sess_explore_1790176426919_zkbond","search_click",2,45,"2026-09-17T17:08:01.502Z"
"int_1790176426919_5ugj4psxb","6a833398cee036cbf121a883","68c5583b9869e837e80ce9cf","sess_explore_1790176426919_zkbond","like",3,0,"2026-09-17T17:08:11.502Z"
"int_1790176426442_jv8vqe39u","6a833392cee036cbf121a82d","68c5583b9869e837e80ceaab","sess_1790176426440_w11f4n6","view",1,107,"2026-09-17T18:06:22.765Z"
"int_1790176426442_zxasmiv97","6a833392cee036cbf121a82d","68c5583b9869e837e80ce980","sess_1790176426440_w11f4n6","view",1,163,"2026-09-17T18:06:22.765Z"
"int_1790176426442_83qxae6kn","6a833392cee036cbf121a82d","68c5583b9869e837e80cea9c","sess_1790176426440_w11f4n6","view",1,86,"2026-09-17T18:06:22.765Z"
"int_1790176426442_ed657v5c8","6a833392cee036cbf121a82d","68c5583b9869e837e80ce998","sess_1790176426440_w11f4n6","view",1,98,"2026-09-17T18:06:22.765Z"
"int_1790176426442_grhtydffg","6a833392cee036cbf121a82d","68c5583b9869e837e80cea9c","sess_1790176426440_w11f4n6","like",3,0,"2026-09-17T18:06:37.765Z"
"int_1790176426442_d28qdfe9l","6a833392cee036cbf121a82d","68c5583b9869e837e80cea9c","sess_1790176426440_w11f4n6","add_to_cart",5,0,"2026-09-17T18:06:57.765Z"
"int_1790176426923_64lm8ncfp","6a833397cee036cbf121a873","68c5583b9869e837e80ceac5","sess_explore_1790176426923_q4ildk","view",1,79,"2026-09-17T18:20:04.958Z"
"int_1790176426923_dcdr45er7","6a833397cee036cbf121a871","68c5583b9869e837e80ceac0","sess_explore_1790176426923_0kgab4","view",1,58,"2026-09-17T19:20:57.621Z"
"int_1790176426923_465rlpl4s","6a833397cee036cbf121a871","68c5583b9869e837e80ceac0","sess_explore_1790176426923_0kgab4","like",3,0,"2026-09-17T19:21:07.621Z"
"int_1790176426922_0u65yhxcm","6a833395cee036cbf121a85f","68c5583b9869e837e80ceaaf","sess_explore_1790176426922_ga0bzx","search_click",2,66,"2026-09-17T19:21:27.392Z"
"int_1790176426924_hpaxq59gb","6a833396cee036cbf121a869","68c5583b9869e837e80ceae7","sess_explore_1790176426924_7i2z1t","view",1,66,"2026-09-17T20:48:53.015Z"
"int_1790176426920_okseg1tfe","6a833392cee036cbf121a829","68c5583b9869e837e80cea1f","sess_explore_1790176426920_bzf6r8","search_click",2,90,"2026-09-17T22:56:21.042Z"
"int_1790176426924_b9i5xfay4","6a833396cee036cbf121a863","68c5583b9869e837e80ceae0","sess_explore_1790176426924_jes5zb","search_click",2,44,"2026-09-18T00:14:09.808Z"
"int_1790176426923_jpv3qk20n","68e37500fb43e827078c759c","68c5583b9869e837e80ceace","sess_explore_1790176426923_2na0nw","search_click",2,60,"2026-09-18T00:33:18.867Z"
"int_1790176426923_0n6cznkpy","68e37500fb43e827078c759c","68c5583b9869e837e80ceace","sess_explore_1790176426923_2na0nw","like",3,0,"2026-09-18T00:33:28.867Z"
"int_1790176426923_gj0fxpn5x","6a833396cee036cbf121a865","68c5583b9869e837e80ceac8","sess_explore_1790176426923_x4jdp1","view",1,80,"2026-09-18T02:49:03.216Z"
"int_1790176426925_8k6xiqa7o","6a833392cee036cbf121a827","68c5583b9869e837e80ceafd","sess_explore_1790176426925_6p9fn7","search_click",2,33,"2026-09-18T03:21:07.320Z"
"int_1790176426673_sb4pvt0k1","6a833395cee036cbf121a85d","68c5583b9869e837e80cea40","sess_1790176426672_ptae9gq","view",1,20,"2026-09-18T05:17:05.760Z"
"int_1790176426673_95jomm2v8","6a833395cee036cbf121a85d","68c5583b9869e837e80cea7c","sess_1790176426672_ptae9gq","view",1,28,"2026-09-18T05:17:05.760Z"
"int_1790176426673_fnwjxhxw2","6a833395cee036cbf121a85d","68c5583b9869e837e80ce9b1","sess_1790176426672_ptae9gq","view",1,153,"2026-09-18T05:17:05.760Z"
"int_1790176426673_lmsmrqtj6","6a833395cee036cbf121a85d","68c5583b9869e837e80ce9b1","sess_1790176426672_ptae9gq","like",3,0,"2026-09-18T05:17:20.760Z"
"int_1790176426919_00t5ps5y9","6a833395cee036cbf121a859","68c5583b9869e837e80ce984","sess_explore_1790176426919_thju10","view",1,66,"2026-09-18T05:22:41.255Z"
"int_1790176426345_4qw929s3z","68e37500fb43e827078c759c","68c5583b9869e837e80cea2c","sess_1790176426341_4gyjet8","view",1,114,"2026-09-18T05:51:17.429Z"
"int_1790176426345_oq3ou0hll","68e37500fb43e827078c759c","68c5583b9869e837e80ce99e","sess_1790176426341_4gyjet8","view",1,145,"2026-09-18T05:51:17.429Z"
"int_1790176426345_yfqr8oqzs","68e37500fb43e827078c759c","68c5583b9869e837e80cea69","sess_1790176426341_4gyjet8","view",1,43,"2026-09-18T05:51:17.429Z"
"int_1790176426345_544i86ksy","68e37500fb43e827078c759c","68c5583b9869e837e80cea3c","sess_1790176426341_4gyjet8","view",1,102,"2026-09-18T05:51:17.429Z"
"int_1790176426345_lzjlgf68k","68e37500fb43e827078c759c","68c5583b9869e837e80cea1b","sess_1790176426341_4gyjet8","view",1,79,"2026-09-18T05:51:17.429Z"
"int_1790176426345_seeewqbr7","68e37500fb43e827078c759c","68c5583b9869e837e80cea69","sess_1790176426341_4gyjet8","add_to_cart",5,0,"2026-09-18T05:51:52.429Z"
"int_1790176426345_13047dpm8","68e37500fb43e827078c759c","68c5583b9869e837e80cea69","sess_1790176426341_4gyjet8","purchase",10,0,"2026-09-18T05:52:17.429Z"
"int_1790176426924_j8fm8xy4a","6a833394cee036cbf121a84b","68c5583b9869e837e80cead3","sess_explore_1790176426924_7sssz8","view",1,28,"2026-09-18T06:29:01.211Z"
"int_1790176426924_hj4he0v9y","6a833394cee036cbf121a84b","68c5583b9869e837e80cead3","sess_explore_1790176426924_7sssz8","like",3,0,"2026-09-18T06:29:11.211Z"
"int_1790176426925_j9efweu69","6a833393cee036cbf121a841","68c5583b9869e837e80ceaec","sess_explore_1790176426925_x1xt8g","view",1,74,"2026-09-18T06:36:45.217Z"
"int_1790176426925_b4stdvmpi","6a833393cee036cbf121a841","68c5583b9869e837e80ceaec","sess_explore_1790176426925_x1xt8g","like",3,0,"2026-09-18T06:36:55.217Z"
"int_1790176426923_7h9mbtvpf","6a833394cee036cbf121a847","68c5583b9869e837e80ceace","sess_explore_1790176426923_zklqze","search_click",2,73,"2026-09-18T07:04:15.570Z"
"int_1790176426923_pz0xdl2ok","6a833394cee036cbf121a847","68c5583b9869e837e80ceace","sess_explore_1790176426923_zklqze","like",3,0,"2026-09-18T07:04:25.570Z"
"int_1790176426921_aevfvh3dj","6a833393cee036cbf121a83b","68c5583b9869e837e80cea68","sess_explore_1790176426921_5epmx8","view",1,64,"2026-09-18T07:37:23.208Z"
"int_1790176426921_8gnobazlb","6a833393cee036cbf121a83b","68c5583b9869e837e80cea68","sess_explore_1790176426921_5epmx8","like",3,0,"2026-09-18T07:37:33.208Z"
"int_1790176426480_8ats0skz8","6a833393cee036cbf121a837","68c5583b9869e837e80cea73","sess_1790176426478_03fsuyc","view",1,38,"2026-09-18T08:17:47.084Z"
"int_1790176426480_1iqb33cmj","6a833393cee036cbf121a837","68c5583b9869e837e80cead4","sess_1790176426478_03fsuyc","view",1,113,"2026-09-18T08:17:47.084Z"
"int_1790176426480_1dfppkg3f","6a833393cee036cbf121a837","68c5583b9869e837e80ce98f","sess_1790176426478_03fsuyc","view",1,123,"2026-09-18T08:17:47.084Z"
"int_1790176426480_s7iqdb8zj","6a833393cee036cbf121a837","68c5583b9869e837e80ce9b9","sess_1790176426478_03fsuyc","view",1,70,"2026-09-18T08:17:47.084Z"
"int_1790176426480_o0cnst0tp","6a833393cee036cbf121a837","68c5583b9869e837e80cea73","sess_1790176426478_03fsuyc","like",3,0,"2026-09-18T08:18:02.084Z"
"int_1790176426480_5ep61cntz","6a833393cee036cbf121a837","68c5583b9869e837e80ce98f","sess_1790176426478_03fsuyc","like",3,0,"2026-09-18T08:18:02.084Z"
"int_1790176426480_73f9qrlqf","6a833393cee036cbf121a837","68c5583b9869e837e80ce9b9","sess_1790176426478_03fsuyc","like",3,0,"2026-09-18T08:18:02.084Z"
"int_1790176426922_f50j9unfz","6a833396cee036cbf121a86f","68c5583b9869e837e80cea97","sess_explore_1790176426922_n7jsgi","view",1,47,"2026-09-18T08:45:14.353Z"
"int_1790176426922_1annae6by","6a833396cee036cbf121a86f","68c5583b9869e837e80cea97","sess_explore_1790176426922_n7jsgi","like",3,0,"2026-09-18T08:45:24.353Z"
"int_1790176426921_gyoobq7rt","6a833394cee036cbf121a847","68c5583b9869e837e80cea55","sess_explore_1790176426921_b1zdhs","view",1,79,"2026-09-18T09:28:11.396Z"
"int_1790176426921_y13nmz2ov","6a833395cee036cbf121a857","68c5583b9869e837e80cea52","sess_explore_1790176426921_dfnelm","view",1,63,"2026-09-18T09:54:08.476Z"
"int_1790176426920_bpfieu4g3","6a833393cee036cbf121a839","68c5583b9869e837e80cea26","sess_explore_1790176426920_c51j8c","view",1,39,"2026-09-18T10:06:31.717Z"
"int_1790176426925_p27hb08um","6a833393cee036cbf121a837","68c5583b9869e837e80ceaf7","sess_explore_1790176426925_uakazy","view",1,27,"2026-09-18T11:31:41.648Z"
"int_1790176426925_97dg2kh8y","6a833393cee036cbf121a837","68c5583b9869e837e80ceaf7","sess_explore_1790176426925_uakazy","like",3,0,"2026-09-18T11:31:51.648Z"
"int_1790176426923_047mb8sm3","6a833397cee036cbf121a875","68c5583b9869e837e80ceace","sess_explore_1790176426923_017m7o","view",1,89,"2026-09-18T15:02:49.395Z"
"int_1790176426923_29smd0ex8","6a833397cee036cbf121a875","68c5583b9869e837e80ceace","sess_explore_1790176426923_017m7o","like",3,0,"2026-09-18T15:02:59.395Z"
"int_1790176426925_886axokc8","6a833392cee036cbf121a82f","68c5583b9869e837e80ceb02","sess_explore_1790176426925_s576g1","view",1,34,"2026-09-18T15:19:38.211Z"
"int_1790176426919_5ovb41a0a","6a833397cee036cbf121a873","68c5583b9869e837e80ce9be","sess_explore_1790176426919_14xh22","search_click",2,87,"2026-09-18T15:49:24.723Z"
"int_1790176426925_1jg29jvek","6a833397cee036cbf121a87b","68c5583b9869e837e80ceaf3","sess_explore_1790176426925_0bnxuq","search_click",2,74,"2026-09-18T16:22:05.602Z"
"int_1790176426919_izw6b7ki2","6a833393cee036cbf121a839","68c5583b9869e837e80ce9ae","sess_explore_1790176426919_39647w","view",1,68,"2026-09-18T17:43:40.207Z"
"int_1790176426919_eynxkly7f","6a833393cee036cbf121a839","68c5583b9869e837e80ce9ae","sess_explore_1790176426919_39647w","like",3,0,"2026-09-18T17:43:50.207Z"
"int_1790176426622_u6j117plj","6a833394cee036cbf121a84f","68c5583b9869e837e80cea56","sess_1790176426619_bk6teyq","view",1,176,"2026-09-18T17:55:35.204Z"
"int_1790176426622_3wsm2imr8","6a833394cee036cbf121a84f","68c5583b9869e837e80ce97d","sess_1790176426619_bk6teyq","view",1,165,"2026-09-18T17:55:35.204Z"
"int_1790176426622_xakxbd7yl","6a833394cee036cbf121a84f","68c5583b9869e837e80ce9f7","sess_1790176426619_bk6teyq","view",1,132,"2026-09-18T17:55:35.204Z"
"int_1790176426622_fl58g8ezj","6a833394cee036cbf121a84f","68c5583b9869e837e80ce9e1","sess_1790176426619_bk6teyq","view",1,119,"2026-09-18T17:55:35.204Z"
"int_1790176426622_h5mczej9z","6a833394cee036cbf121a84f","68c5583b9869e837e80ce9d5","sess_1790176426619_bk6teyq","view",1,46,"2026-09-18T17:55:35.204Z"
"int_1790176426622_aqy7k4w3r","6a833394cee036cbf121a84f","68c5583b9869e837e80ce9f7","sess_1790176426619_bk6teyq","like",3,0,"2026-09-18T17:55:50.204Z"
"int_1790176426622_mpkrq1cho","6a833394cee036cbf121a84f","68c5583b9869e837e80ce9e1","sess_1790176426619_bk6teyq","add_to_cart",5,0,"2026-09-18T17:56:10.204Z"
"int_1790176426922_wg93ksp3y","6a833394cee036cbf121a851","68c5583b9869e837e80ceaa0","sess_explore_1790176426922_csa1ng","search_click",2,61,"2026-09-18T18:53:20.731Z"
"int_1790176426922_43wwcseqa","6a833394cee036cbf121a851","68c5583b9869e837e80ceaa0","sess_explore_1790176426922_csa1ng","like",3,0,"2026-09-18T18:53:30.731Z"
"int_1790176426921_4plchu3q5","6a833393cee036cbf121a839","68c5583b9869e837e80cea4b","sess_explore_1790176426921_t12xwi","search_click",2,48,"2026-09-18T19:09:18.273Z"
"int_1790176426923_mm9qiwcte","6a833394cee036cbf121a845","68c5583b9869e837e80ceac5","sess_explore_1790176426923_5yvvmw","view",1,54,"2026-09-18T19:15:11.445Z"
"int_1790176426923_ef9yufkg0","6a833394cee036cbf121a845","68c5583b9869e837e80ceac5","sess_explore_1790176426923_5yvvmw","like",3,0,"2026-09-18T19:15:21.445Z"
"int_1790176426925_spieha6yd","68e5331e5186f04dcdf2e9f6","68c5583b9869e837e80ceaef","sess_explore_1790176426925_1cbaeg","search_click",2,80,"2026-09-18T19:50:46.090Z"
"int_1790176426925_43lt43hjk","68e5331e5186f04dcdf2e9f6","68c5583b9869e837e80ceaef","sess_explore_1790176426925_1cbaeg","like",3,0,"2026-09-18T19:50:56.090Z"
"int_1790176426550_ug39a5stb","6a833394cee036cbf121a845","68c5583b9869e837e80ce9d6","sess_1790176426548_xaq5d5v","view",1,157,"2026-09-18T19:50:58.642Z"
"int_1790176426550_f0r0sfym3","6a833394cee036cbf121a845","68c5583b9869e837e80ce976","sess_1790176426548_xaq5d5v","view",1,143,"2026-09-18T19:50:58.642Z"
"int_1790176426550_7fvcfmp17","6a833394cee036cbf121a845","68c5583b9869e837e80ceadb","sess_1790176426548_xaq5d5v","view",1,49,"2026-09-18T19:50:58.642Z"
"int_1790176426550_uu3mmr8p2","6a833394cee036cbf121a845","68c5583b9869e837e80ceadb","sess_1790176426548_xaq5d5v","like",3,0,"2026-09-18T19:51:13.642Z"
"int_1790176426550_dsbwgjnea","6a833394cee036cbf121a845","68c5583b9869e837e80ce9d6","sess_1790176426548_xaq5d5v","add_to_cart",5,0,"2026-09-18T19:51:33.642Z"
"int_1790176426550_hh038r8cl","6a833394cee036cbf121a845","68c5583b9869e837e80ce976","sess_1790176426548_xaq5d5v","add_to_cart",5,0,"2026-09-18T19:51:33.642Z"
"int_1790176426924_iz6spbsz0","6a833392cee036cbf121a827","68c5583b9869e837e80cead1","sess_explore_1790176426924_pijpyg","search_click",2,26,"2026-09-18T20:04:25.419Z"
"int_1790176426922_u6xyozvv2","6a833393cee036cbf121a843","68c5583b9869e837e80cea88","sess_explore_1790176426922_67mc7d","view",1,44,"2026-09-18T20:04:57.740Z"
"int_1790176426921_a8txaz623","6a833392cee036cbf121a833","68c5583b9869e837e80cea5d","sess_explore_1790176426921_04lrau","view",1,56,"2026-09-18T20:44:24.306Z"
"int_1790176426921_rujtfl5dl","6a833398cee036cbf121a87f","68c5583b9869e837e80cea55","sess_explore_1790176426921_18pryu","search_click",2,50,"2026-09-18T21:33:21.341Z"
"int_1790176426923_6wk6c39hy","6a833393cee036cbf121a839","68c5583b9869e837e80ceac8","sess_explore_1790176426923_duf8pw","search_click",2,30,"2026-09-18T21:44:55.319Z"
"int_1790176426919_ngx4qa80j","6a833392cee036cbf121a82d","68c5583b9869e837e80ce97e","sess_explore_1790176426919_aqrcnq","view",1,86,"2026-09-18T23:46:25.939Z"
"int_1790176426924_mur2a4evu","6a833397cee036cbf121a873","68c5583b9869e837e80ceae6","sess_explore_1790176426924_4wgzrs","view",1,25,"2026-09-19T00:33:43.288Z"
"int_1790176426921_psppyji96","6a833396cee036cbf121a86b","68c5583b9869e837e80cea64","sess_explore_1790176426921_o1uftk","search_click",2,49,"2026-09-19T01:56:50.277Z"
"int_1790176426921_j3x1xptxq","6a833396cee036cbf121a86b","68c5583b9869e837e80cea64","sess_explore_1790176426921_o1uftk","like",3,0,"2026-09-19T01:57:00.277Z"
"int_1790176426924_hb14qw0wb","6a83085d4d4fb77855083406","68c5583b9869e837e80cead6","sess_explore_1790176426924_d6cri4","search_click",2,90,"2026-09-19T02:35:13.740Z"
"int_1790176426922_1b40vz4kb","6a833394cee036cbf121a84d","68c5583b9869e837e80ceab6","sess_explore_1790176426922_0q6g6m","search_click",2,55,"2026-09-19T05:15:19.630Z"
"int_1790176426476_0g6r7btsc","6a833393cee036cbf121a835","68c5583b9869e837e80cea1d","sess_1790176426476_b04q43i","view",1,149,"2026-09-19T08:11:05.884Z"
"int_1790176426476_xvhkflv2d","6a833393cee036cbf121a835","68c5583b9869e837e80ce9a6","sess_1790176426476_b04q43i","view",1,91,"2026-09-19T08:11:05.884Z"
"int_1790176426476_koi4u37jj","6a833393cee036cbf121a835","68c5583b9869e837e80ceadb","sess_1790176426476_b04q43i","view",1,164,"2026-09-19T08:11:05.884Z"
"int_1790176426921_59akrg2nq","6a833396cee036cbf121a861","68c5583b9869e837e80cea55","sess_explore_1790176426921_x7d98m","view",1,40,"2026-09-19T08:11:09.905Z"
"int_1790176426476_8w002pfxz","6a833393cee036cbf121a835","68c5583b9869e837e80ce9a6","sess_1790176426476_b04q43i","like",3,0,"2026-09-19T08:11:20.884Z"
"int_1790176426476_v25evswwx","6a833393cee036cbf121a835","68c5583b9869e837e80cea1d","sess_1790176426476_b04q43i","add_to_cart",5,0,"2026-09-19T08:11:40.884Z"
"int_1790176426923_08q8uxcal","6a833392cee036cbf121a827","68c5583b9869e837e80ceacf","sess_explore_1790176426923_qv0ae9","view",1,82,"2026-09-19T10:16:12.728Z"
"int_1790176426923_om9s57kbl","6a833392cee036cbf121a827","68c5583b9869e837e80ceacf","sess_explore_1790176426923_qv0ae9","like",3,0,"2026-09-19T10:16:22.728Z"
"int_1790176426922_vyk7o660i","6a833394cee036cbf121a84f","68c5583b9869e837e80cea98","sess_explore_1790176426922_i57sfy","search_click",2,56,"2026-09-19T10:25:56.016Z"
"int_1790176426922_36n2wga39","6a833394cee036cbf121a84f","68c5583b9869e837e80cea98","sess_explore_1790176426922_i57sfy","like",3,0,"2026-09-19T10:26:06.016Z"
"int_1790176426923_ze9g0ek2t","6a833396cee036cbf121a86d","68c5583b9869e837e80ceac9","sess_explore_1790176426923_aqv7ru","search_click",2,27,"2026-09-19T14:28:23.902Z"
"int_1790176426920_cigd4vqva","6a7fc9164585d7fd0f495064","68c5583b9869e837e80ce9f1","sess_explore_1790176426920_wjaic0","view",1,72,"2026-09-19T14:54:48.854Z"
"int_1790176426920_zkqbd68d5","6a7fc9164585d7fd0f495064","68c5583b9869e837e80ce9f1","sess_explore_1790176426920_wjaic0","like",3,0,"2026-09-19T14:54:58.854Z"
"int_1790176426919_cgcuk89wi","6a833392cee036cbf121a827","68c5583b9869e837e80ce9cc","sess_explore_1790176426919_o1i1sx","search_click",2,29,"2026-09-19T15:24:39.295Z"
"int_1790176426657_0bzbsdijv","6a833395cee036cbf121a857","68c5583b9869e837e80ce9f2","sess_1790176426656_hmaxwqn","view",1,132,"2026-09-19T15:46:15.081Z"
"int_1790176426657_3qjw2pf89","6a833395cee036cbf121a857","68c5583b9869e837e80ce9aa","sess_1790176426656_hmaxwqn","view",1,101,"2026-09-19T15:46:15.081Z"
"int_1790176426657_rb75q2mba","6a833395cee036cbf121a857","68c5583b9869e837e80ceaf4","sess_1790176426656_hmaxwqn","view",1,138,"2026-09-19T15:46:15.081Z"
"int_1790176426657_atc4be1he","6a833395cee036cbf121a857","68c5583b9869e837e80ce9aa","sess_1790176426656_hmaxwqn","like",3,0,"2026-09-19T15:46:30.081Z"
"int_1790176426657_qc2cd801y","6a833395cee036cbf121a857","68c5583b9869e837e80ce9aa","sess_1790176426656_hmaxwqn","add_to_cart",5,0,"2026-09-19T15:46:50.081Z"
"int_1790176426657_siqlp61qz","6a833395cee036cbf121a857","68c5583b9869e837e80ce9aa","sess_1790176426656_hmaxwqn","purchase",10,0,"2026-09-19T15:47:15.081Z"
"int_1790176426723_2fqh3ho48","6a833396cee036cbf121a867","68c5583b9869e837e80ceaf4","sess_1790176426720_h3kwm91","view",1,73,"2026-09-19T19:49:57.409Z"
"int_1790176426723_hvb3pk59i","6a833396cee036cbf121a867","68c5583b9869e837e80ce9ea","sess_1790176426720_h3kwm91","view",1,167,"2026-09-19T19:49:57.409Z"
"int_1790176426723_b20g2194h","6a833396cee036cbf121a867","68c5583b9869e837e80ce98d","sess_1790176426720_h3kwm91","view",1,145,"2026-09-19T19:49:57.409Z"
"int_1790176426723_pfqb9afus","6a833396cee036cbf121a867","68c5583b9869e837e80ceaf4","sess_1790176426720_h3kwm91","like",3,0,"2026-09-19T19:50:12.409Z"
"int_1790176426614_t38mvsn3w","6a833394cee036cbf121a84f","68c5583b9869e837e80cea7a","sess_1790176426612_b4wi7n3","view",1,51,"2026-09-19T21:46:19.094Z"
"int_1790176426614_261wsgbip","6a833394cee036cbf121a84f","68c5583b9869e837e80cea25","sess_1790176426612_b4wi7n3","view",1,54,"2026-09-19T21:46:19.094Z"
"int_1790176426614_cayozi299","6a833394cee036cbf121a84f","68c5583b9869e837e80cea9f","sess_1790176426612_b4wi7n3","view",1,101,"2026-09-19T21:46:19.094Z"
"int_1790176426614_6r8adp5ft","6a833394cee036cbf121a84f","68c5583b9869e837e80cea0d","sess_1790176426612_b4wi7n3","view",1,88,"2026-09-19T21:46:19.094Z"
"int_1790176426614_vy9jw5a86","6a833394cee036cbf121a84f","68c5583b9869e837e80cea9f","sess_1790176426612_b4wi7n3","like",3,0,"2026-09-19T21:46:34.094Z"
"int_1790176426614_bozao67qw","6a833394cee036cbf121a84f","68c5583b9869e837e80cea0d","sess_1790176426612_b4wi7n3","add_to_cart",5,0,"2026-09-19T21:46:54.094Z"
"int_1790176426410_r3cpe8n66","6a833392cee036cbf121a829","68c5583b9869e837e80ce9f8","sess_1790176426408_k1vqc9x","view",1,165,"2026-09-19T22:11:37.657Z"
"int_1790176426410_v33i0hcr6","6a833392cee036cbf121a829","68c5583b9869e837e80ce9aa","sess_1790176426408_k1vqc9x","view",1,25,"2026-09-19T22:11:37.657Z"
"int_1790176426410_a4at1p451","6a833392cee036cbf121a829","68c5583b9869e837e80ce9b9","sess_1790176426408_k1vqc9x","view",1,89,"2026-09-19T22:11:37.657Z"
"int_1790176426410_7679727l2","6a833392cee036cbf121a829","68c5583b9869e837e80ce9f8","sess_1790176426408_k1vqc9x","like",3,0,"2026-09-19T22:11:52.657Z"
"int_1790176426410_5v19ov855","6a833392cee036cbf121a829","68c5583b9869e837e80ce9f8","sess_1790176426408_k1vqc9x","add_to_cart",5,0,"2026-09-19T22:12:12.657Z"
"int_1790176426410_lecxiu14s","6a833392cee036cbf121a829","68c5583b9869e837e80ce9aa","sess_1790176426408_k1vqc9x","add_to_cart",5,0,"2026-09-19T22:12:12.657Z"
"int_1790176426920_q272gc5sb","6a833395cee036cbf121a855","68c5583b9869e837e80cea32","sess_explore_1790176426920_q3dphl","search_click",2,78,"2026-09-20T02:31:21.263Z"
"int_1790176426920_z96mlrzgl","6a833393cee036cbf121a841","68c5583b9869e837e80cea0c","sess_explore_1790176426920_p77bhg","search_click",2,44,"2026-09-20T03:09:47.434Z"
"int_1790176426924_83au6og5w","6a833398cee036cbf121a883","68c5583b9869e837e80cead5","sess_explore_1790176426924_mbatpn","search_click",2,28,"2026-09-20T04:08:54.285Z"
"int_1790176426921_jd16e3n30","6a833396cee036cbf121a865","68c5583b9869e837e80cea4c","sess_explore_1790176426921_9zfnee","search_click",2,49,"2026-09-20T04:29:46.519Z"
"int_1790176426925_agm3e73vb","6a833394cee036cbf121a84f","68c5583b9869e837e80ceaf3","sess_explore_1790176426925_ynm2jv","view",1,64,"2026-09-20T04:34:15.231Z"
"int_1790176426924_1h0tah7fs","6a833395cee036cbf121a855","68c5583b9869e837e80cead6","sess_explore_1790176426924_ahu5q8","view",1,50,"2026-09-20T04:54:17.779Z"
"int_1790176426924_bt4wvh4tr","6a833395cee036cbf121a855","68c5583b9869e837e80cead6","sess_explore_1790176426924_ahu5q8","like",3,0,"2026-09-20T04:54:27.779Z"
"int_1790176426922_lhr02ivzh","6a833396cee036cbf121a86f","68c5583b9869e837e80cea97","sess_explore_1790176426922_s1xefb","search_click",2,35,"2026-09-20T06:30:00.440Z"
"int_1790176426920_hucdykgdb","6a833395cee036cbf121a853","68c5583b9869e837e80cea01","sess_explore_1790176426920_kba8c2","view",1,84,"2026-09-20T07:01:51.768Z"
"int_1790176426922_00hnp0j2p","6a833392cee036cbf121a827","68c5583b9869e837e80cea8e","sess_explore_1790176426922_77d6x7","view",1,33,"2026-09-20T08:07:09.275Z"
"int_1790176426922_vl4i4p9uw","6a833392cee036cbf121a827","68c5583b9869e837e80cea8e","sess_explore_1790176426922_77d6x7","like",3,0,"2026-09-20T08:07:19.275Z"
"int_1790176426922_0vv2debgf","6a833397cee036cbf121a871","68c5583b9869e837e80ceaa0","sess_explore_1790176426922_qwse0x","search_click",2,75,"2026-09-20T08:09:07.103Z"
"int_1790176426919_mcokpdtn5","6a833396cee036cbf121a869","68c5583b9869e837e80ce987","sess_explore_1790176426919_rf3gdv","search_click",2,62,"2026-09-20T08:14:32.651Z"
"int_1790176426886_u2vo9oko6","6a833398cee036cbf121a881","68c5583b9869e837e80ce97d","sess_1790176426883_tw96rp2","view",1,119,"2026-09-20T08:36:54.939Z"
"int_1790176426886_ut7d8eb6u","6a833398cee036cbf121a881","68c5583b9869e837e80cea03","sess_1790176426883_tw96rp2","view",1,38,"2026-09-20T08:36:54.939Z"
"int_1790176426886_2h0c9pulb","6a833398cee036cbf121a881","68c5583b9869e837e80cea03","sess_1790176426883_tw96rp2","like",3,0,"2026-09-20T08:37:09.939Z"
"int_1790176426920_yo7y0d3sp","6a833393cee036cbf121a835","68c5583b9869e837e80cea2f","sess_explore_1790176426920_wtmwaa","search_click",2,42,"2026-09-20T10:08:55.146Z"
"int_1790176426925_mrwkl6r16","6a833397cee036cbf121a873","68c5583b9869e837e80ceb02","sess_explore_1790176426925_87ckxv","search_click",2,51,"2026-09-20T10:30:06.832Z"
"int_1790176426925_yrzzejfc4","6a833397cee036cbf121a873","68c5583b9869e837e80ceb02","sess_explore_1790176426925_87ckxv","like",3,0,"2026-09-20T10:30:16.832Z"
"int_1790176426920_7y8semr61","6a833397cee036cbf121a871","68c5583b9869e837e80cea0e","sess_explore_1790176426920_xl3yjq","search_click",2,81,"2026-09-20T12:21:18.648Z"
"int_1790176426920_ss28nzjuy","6a833397cee036cbf121a871","68c5583b9869e837e80cea0e","sess_explore_1790176426920_xl3yjq","like",3,0,"2026-09-20T12:21:28.648Z"
"int_1790176426919_ofmtvd06o","6a833393cee036cbf121a843","68c5583b9869e837e80ce9c5","sess_explore_1790176426919_0o18u8","view",1,75,"2026-09-20T13:24:30.659Z"
"int_1790176426919_w6wemiyvj","6a833393cee036cbf121a843","68c5583b9869e837e80ce9c5","sess_explore_1790176426919_0o18u8","like",3,0,"2026-09-20T13:24:40.659Z"
"int_1790176426540_pnok1xivs","6a833393cee036cbf121a841","68c5583b9869e837e80ce997","sess_1790176426538_y0iw9c2","view",1,44,"2026-09-20T13:34:54.988Z"
"int_1790176426540_rhwyzoa1w","6a833393cee036cbf121a841","68c5583b9869e837e80ce9e0","sess_1790176426538_y0iw9c2","view",1,139,"2026-09-20T13:34:54.988Z"
"int_1790176426540_hr3pqfii1","6a833393cee036cbf121a841","68c5583b9869e837e80cea3b","sess_1790176426538_y0iw9c2","view",1,99,"2026-09-20T13:34:54.988Z"
"int_1790176426540_ey4y74fhd","6a833393cee036cbf121a841","68c5583b9869e837e80ce997","sess_1790176426538_y0iw9c2","like",3,0,"2026-09-20T13:35:09.988Z"
"int_1790176426540_m2f63tgru","6a833393cee036cbf121a841","68c5583b9869e837e80ce9e0","sess_1790176426538_y0iw9c2","like",3,0,"2026-09-20T13:35:09.988Z"
"int_1790176426922_gx3u9xxzk","6a833394cee036cbf121a851","68c5583b9869e837e80cea92","sess_explore_1790176426922_urj2uk","search_click",2,65,"2026-09-20T14:18:55.306Z"
"int_1790176426921_ruezzc0r5","6a833394cee036cbf121a851","68c5583b9869e837e80cea6f","sess_explore_1790176426921_cfd3rm","search_click",2,49,"2026-09-20T14:42:00.097Z"
"int_1790176426921_n6mi5tigq","6a83085d4d4fb77855083406","68c5583b9869e837e80cea72","sess_explore_1790176426921_h1l6lz","search_click",2,65,"2026-09-20T16:06:37.043Z"
"int_1790176426922_mkowrvtuf","6a833398cee036cbf121a87f","68c5583b9869e837e80ceaae","sess_explore_1790176426922_tbw3l9","search_click",2,80,"2026-09-20T16:07:19.260Z"
"int_1790176426922_txxi08szu","6a833393cee036cbf121a837","68c5583b9869e837e80cea82","sess_explore_1790176426922_lnplkd","view",1,39,"2026-09-20T16:57:15.717Z"
"int_1790176426845_21utw43e3","6a833397cee036cbf121a87b","68c5583b9869e837e80ce977","sess_1790176426843_ymuntuo","view",1,179,"2026-09-20T17:01:13.864Z"
"int_1790176426845_hjqq2o3we","6a833397cee036cbf121a87b","68c5583b9869e837e80cea15","sess_1790176426843_ymuntuo","view",1,138,"2026-09-20T17:01:13.864Z"
"int_1790176426845_o9zf9xakq","6a833397cee036cbf121a87b","68c5583b9869e837e80ce9dc","sess_1790176426843_ymuntuo","view",1,83,"2026-09-20T17:01:13.864Z"
"int_1790176426845_kp8zhfyb2","6a833397cee036cbf121a87b","68c5583b9869e837e80ce9d8","sess_1790176426843_ymuntuo","view",1,103,"2026-09-20T17:01:13.864Z"
"int_1790176426845_69bwi07ej","6a833397cee036cbf121a87b","68c5583b9869e837e80ce9dc","sess_1790176426843_ymuntuo","like",3,0,"2026-09-20T17:01:28.864Z"
"int_1790176426845_xwkwa4jo2","6a833397cee036cbf121a87b","68c5583b9869e837e80ce977","sess_1790176426843_ymuntuo","add_to_cart",5,0,"2026-09-20T17:01:48.864Z"
"int_1790176426845_qx42alox3","6a833397cee036cbf121a87b","68c5583b9869e837e80ce9dc","sess_1790176426843_ymuntuo","add_to_cart",5,0,"2026-09-20T17:01:48.864Z"
"int_1790176426845_q56xfwkvm","6a833397cee036cbf121a87b","68c5583b9869e837e80ce9d8","sess_1790176426843_ymuntuo","add_to_cart",5,0,"2026-09-20T17:01:48.864Z"
"int_1790176426919_jidcc4hxv","6a833392cee036cbf121a82b","68c5583b9869e837e80ce991","sess_explore_1790176426919_z9ndbr","search_click",2,49,"2026-09-20T17:24:27.190Z"
"int_1790176426921_87diw5mbq","6a833395cee036cbf121a853","68c5583b9869e837e80cea64","sess_explore_1790176426921_2v3267","view",1,31,"2026-09-20T18:36:04.835Z"
"int_1790176426921_ld90vp08s","6a833398cee036cbf121a885","68c5583b9869e837e80cea6d","sess_explore_1790176426921_syesw3","search_click",2,87,"2026-09-20T18:46:43.695Z"
"int_1790176426920_h1upxrmzs","6a833397cee036cbf121a879","68c5583b9869e837e80ce9fa","sess_explore_1790176426920_w05uwv","view",1,85,"2026-09-20T19:33:40.804Z"
"int_1790176426920_1jm5nrjwv","6a833397cee036cbf121a879","68c5583b9869e837e80ce9fa","sess_explore_1790176426920_w05uwv","like",3,0,"2026-09-20T19:33:50.804Z"
"int_1790176426922_0gksh4l36","6a833392cee036cbf121a82b","68c5583b9869e837e80cea85","sess_explore_1790176426922_nnh5bd","view",1,68,"2026-09-20T19:48:19.043Z"
"int_1790176426922_s1l6pjcw6","6a833396cee036cbf121a867","68c5583b9869e837e80cea92","sess_explore_1790176426922_ykor4s","view",1,45,"2026-09-20T20:24:45.752Z"
"int_1790176426919_cau308rj1","6a833394cee036cbf121a84f","68c5583b9869e837e80ce990","sess_explore_1790176426919_nd2mgc","view",1,65,"2026-09-20T20:46:57.609Z"
"int_1790176426920_q6kagy3td","6a833398cee036cbf121a887","68c5583b9869e837e80cea1a","sess_explore_1790176426920_o7lrz3","view",1,56,"2026-09-20T20:55:08.378Z"
"int_1790176426919_nyz1v40w1","6a833394cee036cbf121a847","68c5583b9869e837e80ce993","sess_explore_1790176426919_651dn1","view",1,44,"2026-09-20T22:09:54.448Z"
"int_1790176426924_g3mj3mrcu","6a833396cee036cbf121a86f","68c5583b9869e837e80ceae0","sess_explore_1790176426924_0hxan4","search_click",2,30,"2026-09-21T01:05:41.566Z"
"int_1790176426922_utx1qykl5","6a833394cee036cbf121a851","68c5583b9869e837e80cea88","sess_explore_1790176426922_oy05zo","view",1,64,"2026-09-21T01:08:21.570Z"
"int_1790176426922_y9tga6gql","6a833392cee036cbf121a82f","68c5583b9869e837e80ceab7","sess_explore_1790176426922_gtp8ph","search_click",2,60,"2026-09-21T01:45:08.419Z"
"int_1790176426921_3cvamt8yy","6a833394cee036cbf121a847","68c5583b9869e837e80cea54","sess_explore_1790176426921_2n2u39","view",1,60,"2026-09-21T03:25:22.513Z"
"int_1790176426921_qt9rdcyqz","6a833394cee036cbf121a847","68c5583b9869e837e80cea54","sess_explore_1790176426921_2n2u39","like",3,0,"2026-09-21T03:25:32.513Z"
"int_1790176426919_qnfcrw7iw","6a833397cee036cbf121a879","68c5583b9869e837e80ce9cc","sess_explore_1790176426919_kr3z7x","view",1,80,"2026-09-21T03:56:08.174Z"
"int_1790176426849_nwopo1b1h","6a833397cee036cbf121a87b","68c5583b9869e837e80cea5f","sess_1790176426847_fi9bbe4","view",1,157,"2026-09-21T03:57:03.214Z"
"int_1790176426849_9b9k8faff","6a833397cee036cbf121a87b","68c5583b9869e837e80ce9c0","sess_1790176426847_fi9bbe4","view",1,151,"2026-09-21T03:57:03.214Z"
"int_1790176426849_2dz7zw34t","6a833397cee036cbf121a87b","68c5583b9869e837e80cea15","sess_1790176426847_fi9bbe4","view",1,66,"2026-09-21T03:57:03.214Z"
"int_1790176426849_iau6cbgap","6a833397cee036cbf121a87b","68c5583b9869e837e80cea69","sess_1790176426847_fi9bbe4","view",1,29,"2026-09-21T03:57:03.214Z"
"int_1790176426849_n25izfcrw","6a833397cee036cbf121a87b","68c5583b9869e837e80ce9c0","sess_1790176426847_fi9bbe4","like",3,0,"2026-09-21T03:57:18.214Z"
"int_1790176426849_2s8vjbuxb","6a833397cee036cbf121a87b","68c5583b9869e837e80cea15","sess_1790176426847_fi9bbe4","like",3,0,"2026-09-21T03:57:18.214Z"
"int_1790176426924_zaceg71u5","6a833396cee036cbf121a86f","68c5583b9869e837e80cead1","sess_explore_1790176426924_ob40p1","view",1,53,"2026-09-21T04:32:45.430Z"
"int_1790176426630_oplq0l7x7","6a833394cee036cbf121a851","68c5583b9869e837e80cea23","sess_1790176426628_v9qops8","view",1,107,"2026-09-21T05:52:12.898Z"
"int_1790176426630_l7ykyu7ow","6a833394cee036cbf121a851","68c5583b9869e837e80ce9ab","sess_1790176426628_v9qops8","view",1,101,"2026-09-21T05:52:12.898Z"
"int_1790176426630_sb0dar8dn","6a833394cee036cbf121a851","68c5583b9869e837e80ce9b5","sess_1790176426628_v9qops8","view",1,136,"2026-09-21T05:52:12.898Z"
"int_1790176426630_sshukfsf8","6a833394cee036cbf121a851","68c5583b9869e837e80ce9bf","sess_1790176426628_v9qops8","view",1,72,"2026-09-21T05:52:12.898Z"
"int_1790176426630_tlbn8psus","6a833394cee036cbf121a851","68c5583b9869e837e80ce9bf","sess_1790176426628_v9qops8","like",3,0,"2026-09-21T05:52:27.898Z"
"int_1790176426630_wvyhh2t8l","6a833394cee036cbf121a851","68c5583b9869e837e80ce9b5","sess_1790176426628_v9qops8","add_to_cart",5,0,"2026-09-21T05:52:47.898Z"
"int_1790176426630_vs2y59798","6a833394cee036cbf121a851","68c5583b9869e837e80ce9bf","sess_1790176426628_v9qops8","add_to_cart",5,0,"2026-09-21T05:52:47.898Z"
"int_1790176426919_98h9a6dqb","6a833391cee036cbf121a825","68c5583b9869e837e80ce9da","sess_explore_1790176426919_rpqs29","view",1,78,"2026-09-21T08:54:27.088Z"
"int_1790176426921_fu5il3wtm","6a833393cee036cbf121a83d","68c5583b9869e837e80cea49","sess_explore_1790176426921_zzmept","view",1,78,"2026-09-21T10:43:15.688Z"
"int_1790176426816_8mcxxcr1f","6a833397cee036cbf121a877","68c5583b9869e837e80ce9e5","sess_1790176426814_re1xprk","view",1,82,"2026-09-21T12:35:13.104Z"
"int_1790176426816_eq8ozp50u","6a833397cee036cbf121a877","68c5583b9869e837e80cea73","sess_1790176426814_re1xprk","view",1,61,"2026-09-21T12:35:13.104Z"
"int_1790176426816_g3tf9ccrk","6a833397cee036cbf121a877","68c5583b9869e837e80ce98f","sess_1790176426814_re1xprk","view",1,139,"2026-09-21T12:35:13.104Z"
"int_1790176426816_p4m63ltzd","6a833397cee036cbf121a877","68c5583b9869e837e80ce98f","sess_1790176426814_re1xprk","like",3,0,"2026-09-21T12:35:28.104Z"
"int_1790176426816_o8twiirr9","6a833397cee036cbf121a877","68c5583b9869e837e80cea73","sess_1790176426814_re1xprk","add_to_cart",5,0,"2026-09-21T12:35:48.104Z"
"int_1790176426816_vsbtcs23z","6a833397cee036cbf121a877","68c5583b9869e837e80ce98f","sess_1790176426814_re1xprk","add_to_cart",5,0,"2026-09-21T12:35:48.104Z"
"int_1790176426816_evykyydco","6a833397cee036cbf121a877","68c5583b9869e837e80cea73","sess_1790176426814_re1xprk","purchase",10,0,"2026-09-21T12:36:13.104Z"
"int_1790176426920_9joqvksnl","6a833396cee036cbf121a869","68c5583b9869e837e80ce9e4","sess_explore_1790176426920_j6xrpu","view",1,47,"2026-09-21T12:38:01.715Z"
"int_1790176426920_xnpzb58pv","6a833396cee036cbf121a869","68c5583b9869e837e80ce9e4","sess_explore_1790176426920_j6xrpu","like",3,0,"2026-09-21T12:38:11.715Z"
"int_1790176426483_qpbolfxb9","6a833393cee036cbf121a839","68c5583b9869e837e80ce9f2","sess_1790176426481_mdqmwe7","view",1,173,"2026-09-21T12:40:41.440Z"
"int_1790176426483_g0lbwd1ku","6a833393cee036cbf121a839","68c5583b9869e837e80ce98f","sess_1790176426481_mdqmwe7","view",1,137,"2026-09-21T12:40:41.440Z"
"int_1790176426483_8sxeogwxz","6a833393cee036cbf121a839","68c5583b9869e837e80ce9d2","sess_1790176426481_mdqmwe7","view",1,130,"2026-09-21T12:40:41.440Z"
"int_1790176426483_rjin7e0ux","6a833393cee036cbf121a839","68c5583b9869e837e80ce9f6","sess_1790176426481_mdqmwe7","view",1,37,"2026-09-21T12:40:41.440Z"
"int_1790176426483_surbkcyw9","6a833393cee036cbf121a839","68c5583b9869e837e80ce9b3","sess_1790176426481_mdqmwe7","view",1,107,"2026-09-21T12:40:41.440Z"
"int_1790176426483_xz1b1cp39","6a833393cee036cbf121a839","68c5583b9869e837e80ce9f6","sess_1790176426481_mdqmwe7","like",3,0,"2026-09-21T12:40:56.440Z"
"int_1790176426483_28oqwiisq","6a833393cee036cbf121a839","68c5583b9869e837e80ce9b3","sess_1790176426481_mdqmwe7","add_to_cart",5,0,"2026-09-21T12:41:16.440Z"
"int_1790176426919_zqqqx5ny6","6a833396cee036cbf121a867","68c5583b9869e837e80ce9ad","sess_explore_1790176426919_lu5awl","search_click",2,87,"2026-09-21T14:00:39.159Z"
"int_1790176426923_7jb6rj27g","6a833394cee036cbf121a845","68c5583b9869e837e80ceabe","sess_explore_1790176426923_g9k3wi","view",1,57,"2026-09-21T14:18:41.453Z"
"int_1790176426921_91xdp5kgh","6a7fc9164585d7fd0f495064","68c5583b9869e837e80cea44","sess_explore_1790176426921_nerdqp","view",1,44,"2026-09-21T14:49:10.475Z"
"int_1790176426924_qrio8xyi4","6a833393cee036cbf121a83f","68c5583b9869e837e80cead3","sess_explore_1790176426924_86wn6w","view",1,84,"2026-09-21T16:34:15.388Z"
"int_1790176426476_ibko4becw","6a833393cee036cbf121a835","68c5583b9869e837e80ce9d5","sess_1790176426475_5z6y2d0","view",1,36,"2026-09-21T17:14:38.754Z"
"int_1790176426476_zb6csz0bt","6a833393cee036cbf121a835","68c5583b9869e837e80ceaa4","sess_1790176426475_5z6y2d0","view",1,22,"2026-09-21T17:14:38.754Z"
"int_1790176426476_lvaamuqiu","6a833393cee036cbf121a835","68c5583b9869e837e80ce995","sess_1790176426475_5z6y2d0","view",1,59,"2026-09-21T17:14:38.754Z"
"int_1790176426476_08z52ki4k","6a833393cee036cbf121a835","68c5583b9869e837e80ce988","sess_1790176426475_5z6y2d0","view",1,66,"2026-09-21T17:14:38.754Z"
"int_1790176426923_st9p8qi24","68e37500fb43e827078c759c","68c5583b9869e837e80ceac4","sess_explore_1790176426923_8gui5v","view",1,26,"2026-09-21T17:30:06.204Z"
"int_1790176426923_8ghpos2hf","68e37500fb43e827078c759c","68c5583b9869e837e80ceac4","sess_explore_1790176426923_8gui5v","like",3,0,"2026-09-21T17:30:16.204Z"
"int_1790176426501_1pk983kgd","6a833393cee036cbf121a83d","68c5583b9869e837e80ce9e9","sess_1790176426498_7deyjfw","view",1,137,"2026-09-21T18:20:15.638Z"
"int_1790176426501_m22s069dv","6a833393cee036cbf121a83d","68c5583b9869e837e80cea9b","sess_1790176426498_7deyjfw","view",1,88,"2026-09-21T18:20:15.638Z"
"int_1790176426501_qlnzmmvz8","6a833393cee036cbf121a83d","68c5583b9869e837e80ce998","sess_1790176426498_7deyjfw","view",1,146,"2026-09-21T18:20:15.638Z"
"int_1790176426501_y5nnncoyy","6a833393cee036cbf121a83d","68c5583b9869e837e80cea9c","sess_1790176426498_7deyjfw","view",1,74,"2026-09-21T18:20:15.638Z"
"int_1790176426501_lhqm4pxzy","6a833393cee036cbf121a83d","68c5583b9869e837e80ce9e9","sess_1790176426498_7deyjfw","like",3,0,"2026-09-21T18:20:30.638Z"
"int_1790176426501_do37fgjiq","6a833393cee036cbf121a83d","68c5583b9869e837e80cea9b","sess_1790176426498_7deyjfw","like",3,0,"2026-09-21T18:20:30.638Z"
"int_1790176426922_o8hybtvh0","6a833393cee036cbf121a841","68c5583b9869e837e80cea83","sess_explore_1790176426922_hq9iqg","search_click",2,26,"2026-09-21T19:12:03.793Z"
"int_1790176426920_xffqswrl4","6a833395cee036cbf121a85b","68c5583b9869e837e80cea11","sess_explore_1790176426920_cxgw16","search_click",2,61,"2026-09-21T20:30:30.737Z"
"int_1790176426920_9f237fmra","6a833395cee036cbf121a85b","68c5583b9869e837e80cea11","sess_explore_1790176426920_cxgw16","like",3,0,"2026-09-21T20:30:40.737Z"
"int_1790176426684_hdoh1zpu8","6a833395cee036cbf121a85d","68c5583b9869e837e80ce97c","sess_1790176426682_whzntk0","view",1,153,"2026-09-21T20:34:27.254Z"
"int_1790176426684_msje3kss6","6a833395cee036cbf121a85d","68c5583b9869e837e80cea80","sess_1790176426682_whzntk0","view",1,31,"2026-09-21T20:34:27.254Z"
"int_1790176426684_f8nu5vrne","6a833395cee036cbf121a85d","68c5583b9869e837e80cea4d","sess_1790176426682_whzntk0","view",1,48,"2026-09-21T20:34:27.254Z"
"int_1790176426684_0zj3w8dnc","6a833395cee036cbf121a85d","68c5583b9869e837e80ce996","sess_1790176426682_whzntk0","view",1,79,"2026-09-21T20:34:27.254Z"
"int_1790176426684_v44oin7n8","6a833395cee036cbf121a85d","68c5583b9869e837e80ce996","sess_1790176426682_whzntk0","like",3,0,"2026-09-21T20:34:42.254Z"
"int_1790176426919_dern2y9x9","6a833396cee036cbf121a865","68c5583b9869e837e80ce987","sess_explore_1790176426919_uki9qs","view",1,38,"2026-09-21T22:34:48.050Z"
"int_1790176426925_osoh5hipw","68e5331e5186f04dcdf2e9f6","68c5583b9869e837e80ceaf7","sess_explore_1790176426925_x2b1ir","search_click",2,39,"2026-09-21T22:42:58.488Z"
"int_1790176426923_fgs1ub2jb","6a833394cee036cbf121a84f","68c5583b9869e837e80ceac1","sess_explore_1790176426923_rht5al","search_click",2,53,"2026-09-21T23:46:58.098Z"
"int_1790176426923_57ukon8tw","6a833394cee036cbf121a84f","68c5583b9869e837e80ceac1","sess_explore_1790176426923_rht5al","like",3,0,"2026-09-21T23:47:08.098Z"
"int_1790176426921_ev0hl5s9a","6a833393cee036cbf121a837","68c5583b9869e837e80cea44","sess_explore_1790176426921_t2ur46","search_click",2,68,"2026-09-22T01:13:08.374Z"
"int_1790176426921_ymnqdcl48","6a833396cee036cbf121a863","68c5583b9869e837e80cea6f","sess_explore_1790176426921_wmv32m","view",1,74,"2026-09-22T01:28:57.769Z"
"int_1790176426921_nh0e8mc72","6a833396cee036cbf121a863","68c5583b9869e837e80cea6f","sess_explore_1790176426921_wmv32m","like",3,0,"2026-09-22T01:29:07.769Z"
"int_1790176426920_aagjjmuar","6a833395cee036cbf121a85f","68c5583b9869e837e80cea18","sess_explore_1790176426920_eoyt95","search_click",2,86,"2026-09-22T02:14:56.276Z"
"int_1790176426922_q0se7njb9","6a833393cee036cbf121a843","68c5583b9869e837e80cea86","sess_explore_1790176426922_ibpw59","search_click",2,37,"2026-09-22T03:47:22.435Z"
"int_1790176426924_ndgkhnar1","6a833394cee036cbf121a84b","68c5583b9869e837e80ceae7","sess_explore_1790176426924_2fc6dn","search_click",2,38,"2026-09-22T04:28:03.286Z"
"int_1790176426924_68dr17eub","6a833394cee036cbf121a84b","68c5583b9869e837e80ceae7","sess_explore_1790176426924_2fc6dn","like",3,0,"2026-09-22T04:28:13.286Z"
"int_1790176426921_pba9fo4eb","6a833392cee036cbf121a827","68c5583b9869e837e80cea6a","sess_explore_1790176426921_kqpgxr","view",1,81,"2026-09-22T04:49:43.101Z"
"int_1790176426920_v04q1adbt","6a833397cee036cbf121a877","68c5583b9869e837e80cea2e","sess_explore_1790176426920_aoru4c","search_click",2,75,"2026-09-22T05:41:06.373Z"
"int_1790176426732_mflohvv48","6a833396cee036cbf121a869","68c5583b9869e837e80ce992","sess_1790176426729_dr4ugwb","view",1,128,"2026-09-22T06:06:14.253Z"
"int_1790176426732_r9jzyy4jr","6a833396cee036cbf121a869","68c5583b9869e837e80ce9ba","sess_1790176426729_dr4ugwb","view",1,128,"2026-09-22T06:06:14.253Z"
"int_1790176426732_l6vkaszqk","6a833396cee036cbf121a869","68c5583b9869e837e80ce9a0","sess_1790176426729_dr4ugwb","view",1,158,"2026-09-22T06:06:14.253Z"
"int_1790176426732_7fvrpmurk","6a833396cee036cbf121a869","68c5583b9869e837e80ce9ba","sess_1790176426729_dr4ugwb","like",3,0,"2026-09-22T06:06:29.253Z"
"int_1790176426732_o7dr0kdxw","6a833396cee036cbf121a869","68c5583b9869e837e80ce9a0","sess_1790176426729_dr4ugwb","like",3,0,"2026-09-22T06:06:29.253Z"
"int_1790176426923_kekqv46pw","6a833392cee036cbf121a833","68c5583b9869e837e80ceac9","sess_explore_1790176426923_frjmc8","view",1,35,"2026-09-22T06:08:50.248Z"
"int_1790176426920_e1e4fzr6s","6a833394cee036cbf121a847","68c5583b9869e837e80cea09","sess_explore_1790176426920_7wviqt","search_click",2,76,"2026-09-22T07:11:53.607Z"
"int_1790176426920_2jz6krf61","6a833394cee036cbf121a847","68c5583b9869e837e80cea09","sess_explore_1790176426920_7wviqt","like",3,0,"2026-09-22T07:12:03.607Z"
"int_1790176426921_szz5pcc9z","6914018db8d9d9ea54857a42","68c5583b9869e837e80cea6a","sess_explore_1790176426921_f5aadf","view",1,81,"2026-09-22T07:28:26.869Z"
"int_1790176426921_5rovdhs3t","6914018db8d9d9ea54857a42","68c5583b9869e837e80cea6a","sess_explore_1790176426921_f5aadf","like",3,0,"2026-09-22T07:28:36.869Z"
"int_1790176426922_anmulko8z","6a833392cee036cbf121a82b","68c5583b9869e837e80ceab6","sess_explore_1790176426922_gkcnfk","search_click",2,29,"2026-09-22T07:55:12.923Z"
"int_1790176426920_fexn63hv4","6a833396cee036cbf121a867","68c5583b9869e837e80ce9fa","sess_explore_1790176426920_hog6r6","search_click",2,64,"2026-09-22T10:12:53.500Z"
"int_1790176426920_ruzgb4jfr","6a833396cee036cbf121a867","68c5583b9869e837e80ce9fa","sess_explore_1790176426920_hog6r6","like",3,0,"2026-09-22T10:13:03.500Z"
"int_1790176426374_joj83ch4t","6a27ed55b6d7638a2acaa654","68c5583b9869e837e80ce9d5","sess_1790176426372_49m0r6w","view",1,53,"2026-09-22T10:36:55.951Z"
"int_1790176426374_hof8xf102","6a27ed55b6d7638a2acaa654","68c5583b9869e837e80cea23","sess_1790176426372_49m0r6w","view",1,53,"2026-09-22T10:36:55.951Z"
"int_1790176426374_2m72s9fit","6a27ed55b6d7638a2acaa654","68c5583b9869e837e80cea9d","sess_1790176426372_49m0r6w","view",1,139,"2026-09-22T10:36:55.951Z"
"int_1790176426374_emwciux8b","6a27ed55b6d7638a2acaa654","68c5583b9869e837e80cea51","sess_1790176426372_49m0r6w","view",1,128,"2026-09-22T10:36:55.951Z"
"int_1790176426374_ft271jlnf","6a27ed55b6d7638a2acaa654","68c5583b9869e837e80cea9d","sess_1790176426372_49m0r6w","add_to_cart",5,0,"2026-09-22T10:37:30.951Z"
"int_1790176426374_37quk01e4","6a27ed55b6d7638a2acaa654","68c5583b9869e837e80cea9d","sess_1790176426372_49m0r6w","purchase",10,0,"2026-09-22T10:37:55.951Z"
"int_1790176426633_d4hrlkprd","6a833394cee036cbf121a851","68c5583b9869e837e80ce989","sess_1790176426630_t79rccs","view",1,38,"2026-09-22T10:44:58.139Z"
"int_1790176426633_039wxvvsw","6a833394cee036cbf121a851","68c5583b9869e837e80ce97d","sess_1790176426630_t79rccs","view",1,146,"2026-09-22T10:44:58.139Z"
"int_1790176426634_9l8ewn3ud","6a833394cee036cbf121a851","68c5583b9869e837e80cea17","sess_1790176426630_t79rccs","view",1,129,"2026-09-22T10:44:58.139Z"
"int_1790176426634_6qvissp8w","6a833394cee036cbf121a851","68c5583b9869e837e80cea3b","sess_1790176426630_t79rccs","view",1,54,"2026-09-22T10:44:58.139Z"
"int_1790176426633_kgpz1vsrs","6a833394cee036cbf121a851","68c5583b9869e837e80ce989","sess_1790176426630_t79rccs","like",3,0,"2026-09-22T10:45:13.139Z"
"int_1790176426633_2yr6vfse6","6a833394cee036cbf121a851","68c5583b9869e837e80ce97d","sess_1790176426630_t79rccs","like",3,0,"2026-09-22T10:45:13.139Z"
"int_1790176426634_vzw8nqvuu","6a833394cee036cbf121a851","68c5583b9869e837e80cea17","sess_1790176426630_t79rccs","like",3,0,"2026-09-22T10:45:13.139Z"
"int_1790176426633_1sac3vwds","6a833394cee036cbf121a851","68c5583b9869e837e80ce989","sess_1790176426630_t79rccs","add_to_cart",5,0,"2026-09-22T10:45:33.139Z"
"int_1790176426923_unw8co9m4","6a833395cee036cbf121a857","68c5583b9869e837e80ceac5","sess_explore_1790176426923_g3mvov","search_click",2,27,"2026-09-22T11:21:08.644Z"
"int_1790176426923_rylvd9zbn","6a833395cee036cbf121a857","68c5583b9869e837e80ceac5","sess_explore_1790176426923_g3mvov","like",3,0,"2026-09-22T11:21:18.644Z"
"int_1790176426921_6zi7trg0p","6a833392cee036cbf121a82f","68c5583b9869e837e80cea5d","sess_explore_1790176426921_mc0ox8","search_click",2,65,"2026-09-22T11:46:35.689Z"
"int_1790176426925_llnf6rih1","6a833394cee036cbf121a84d","68c5583b9869e837e80ceafb","sess_explore_1790176426925_2q5hdw","view",1,37,"2026-09-22T13:22:12.953Z"
"int_1790176426925_ycggktd7c","6a833394cee036cbf121a851","68c5583b9869e837e80ceafd","sess_explore_1790176426925_y7lbcz","search_click",2,35,"2026-09-22T13:23:35.524Z"
"int_1790176426922_dd49qsqxn","6a833392cee036cbf121a827","68c5583b9869e837e80ceabc","sess_explore_1790176426922_dfin9x","search_click",2,63,"2026-09-22T13:31:08.921Z"
"int_1790176426921_5i45jbbr8","6a833393cee036cbf121a83d","68c5583b9869e837e80cea53","sess_explore_1790176426921_t8wg4p","search_click",2,30,"2026-09-22T14:52:01.176Z"
"int_1790176426919_2drw4vn1q","6a833394cee036cbf121a845","68c5583b9869e837e80ce9a3","sess_explore_1790176426919_2euenj","view",1,89,"2026-09-22T15:40:55.164Z"
"int_1790176426920_yhg0b8a3i","6a833396cee036cbf121a86f","68c5583b9869e837e80cea0e","sess_explore_1790176426920_sido2u","view",1,38,"2026-09-22T18:34:36.007Z"
"int_1790176426920_u31zanj9p","6a833396cee036cbf121a86f","68c5583b9869e837e80cea0e","sess_explore_1790176426920_sido2u","like",3,0,"2026-09-22T18:34:46.007Z"
"int_1790176426924_6n72439mu","6a833396cee036cbf121a861","68c5583b9869e837e80cead8","sess_explore_1790176426924_gyi8tn","search_click",2,41,"2026-09-22T19:05:14.141Z"
"int_1790176426922_zm30ybcm2","6a833394cee036cbf121a84d","68c5583b9869e837e80cea9e","sess_explore_1790176426922_zhn4v4","view",1,62,"2026-09-22T21:03:07.415Z"
"int_1790176426922_b60buirwh","6a7fc9164585d7fd0f495064","68c5583b9869e837e80cea83","sess_explore_1790176426922_tb40j8","view",1,70,"2026-09-22T21:28:15.722Z"
"int_1790176426922_0ez5mmlc0","6a7fc9164585d7fd0f495064","68c5583b9869e837e80cea83","sess_explore_1790176426922_tb40j8","like",3,0,"2026-09-22T21:28:25.722Z"
"int_1790176426924_yab64evab","6a833396cee036cbf121a86f","68c5583b9869e837e80cead4","sess_explore_1790176426924_q329ra","search_click",2,68,"2026-09-23T01:23:19.837Z"
"int_1790176426925_cnj1ednas","6a833393cee036cbf121a839","68c5583b9869e837e80ceb01","sess_explore_1790176426925_zaqdiw","search_click",2,67,"2026-09-23T03:23:37.771Z"
"int_1790176426919_lbxse3n4q","6a833398cee036cbf121a87f","68c5583b9869e837e80ce9c3","sess_explore_1790176426919_zmfg58","search_click",2,52,"2026-09-23T06:27:37.426Z"
"int_1790176426919_wgyocozwp","6914018db8d9d9ea54857a42","68c5583b9869e837e80ce981","sess_explore_1790176426919_dldzoc","view",1,66,"2026-09-23T07:11:47.022Z"
"int_1790176426925_mpjfnhy31","6a833395cee036cbf121a85b","68c5583b9869e837e80ceae9","sess_explore_1790176426925_lxujxp","search_click",2,26,"2026-09-23T08:51:28.349Z"
"int_1790176426922_dlai7di05","6a833393cee036cbf121a837","68c5583b9869e837e80cea86","sess_explore_1790176426922_0pttau","view",1,73,"2026-09-23T11:27:17.548Z"
"int_1790176426921_w5jj0hb8c","6a833393cee036cbf121a839","68c5583b9869e837e80cea6a","sess_explore_1790176426921_bj5vmw","view",1,34,"2026-09-23T12:51:34.433Z"
"int_1790176426924_wou7cm1yl","6a833395cee036cbf121a857","68c5583b9869e837e80ceae6","sess_explore_1790176426924_muxza8","view",1,88,"2026-09-23T13:29:13.529Z"